[
    {
        "resourceType": "Bundle",
        "type": "transaction",
        "entry": [
            {
                "resource": {
                    "resourceType": "Practitioner",
                    "meta": {
                        "source": "www.Availity.com",
                        "lastUpdated": "2019-01-01T02:34:10.607Z"
                    },
                    "identifier": [
                        {
                            "value": "010605482"
                        },
                        {
                            "value": "e-P-7152200"
                        },
                        {
                            "system": "http://hl7.org/fhir/sid/us-npi",
                            "value": "1710036744"
                        }
                    ],
                    "active": true,
                    "name": [
                        {
                            "family": "SIBILLA"
                        },
                        {
                            "given": [
                                "DANA",
                                "WILLIAM"
                            ]
                        }
                    ],
                    "gender": [
                        "Male"
                    ],
                    "birthDate": "1961-11-10",
                    "qualification": {},
                    "communication": [
                        {
                            "coding": [
                                {
                                    "code": "ENG",
                                    "display": "English"
                                }
                            ],
                            "text": "Language"
                        }
                    ]
                },
                "request": {
                    "method": "POST",
                    "url": "Practitioner"
                }
            },
            {
                "resource": {
                    "resourceType": "Organization",
                    "identifier": [
                        {
                            "value": "010605482"
                        },
                        {
                            "value": "e-P-7152200"
                        },
                        {
                            "system": "http://hl7.org/fhir/sid/us-npi",
                            "value": "1710036744"
                        }
                    ],
                    "active": true,
                    "type": [
                        {
                            "text": "prov"
                        }
                    ],
                    "name": "Blue Heron Clinic PC",
                    "address": [
                        {
                            "id": "e-B-5850553",
                            "line": [
                                "1934 NORTHEAST BROADWAY"
                            ],
                            "city": "Portland",
                            "state": "OR",
                            "postalCode": "97232",
                            "use": "work"
                        }
                    ],
                    "telecom": [
                        {
                            "system": "fax",
                            "value": "5032809798",
                            "use": "work"
                        },
                        {
                            "system": "phone",
                            "value": "5032809759",
                            "use": "work"
                        },
                        {
                            "system": "alternate phone",
                            "value": "5032809759",
                            "use": "work"
                        }
                    ],
                    "contact": [
                        {
                            "purpose": {
                                "text": "ADMIN"
                            },
                            "name": [
                                {
                                    "family": "SIBILLA"
                                },
                                {
                                    "given": [
                                        "DANA",
                                        "WILLIAM"
                                    ]
                                }
                            ],
                            "telecom": [
                                {
                                    "system": "fax",
                                    "value": "5032809798",
                                    "use": "work"
                                },
                                {
                                    "system": "phone",
                                    "value": "5032809759",
                                    "use": "work"
                                },
                                {
                                    "system": "alternate phone",
                                    "value": "5032809759",
                                    "use": "work"
                                }
                            ],
                            "address": [
                                {
                                    "id": "e-B-5850553",
                                    "line": [
                                        "1934 NORTHEAST BROADWAY"
                                    ],
                                    "city": "Portland",
                                    "state": "OR",
                                    "postalCode": "97232",
                                    "use": "work"
                                }
                            ]
                        }
                    ]
                }
            },
            {
                "resource": {
                    "resourceType": "HealthcareService",
                    "identifier": [
                        {
                            "value": "010605482"
                        },
                        {
                            "system": "http://hl7.org/fhir/sid/us-npi",
                            "value": "1710036744"
                        }
                    ],
                    "active": true,
                    "providedby": "Blue Heron Clinic PC",
                    "speciality": [
                        {
                            "coding": [
                                [
                                    {
                                        "code": "111NX0800X",
                                        "display": "CHIROPRACTOR",
                                        "text": "ORTHOPEDIC"
                                    }
                                ]
                            ]
                        }
                    ],
                    "telecom": [
                        {
                            "system": "fax",
                            "value": "5032809798",
                            "use": "work"
                        },
                        {
                            "system": "phone",
                            "value": "5032809759",
                            "use": "work"
                        },
                        {
                            "system": "alternate phone",
                            "value": "5032809759",
                            "use": "work"
                        }
                    ],
                    "communication": [
                        {
                            "coding": [
                                {
                                    "code": "ENG",
                                    "display": "English"
                                }
                            ],
                            "text": "Language"
                        }
                    ],
                    "availableTime": [
                        {
                            "daysOfWeek": [
                                "MONDAY",
                                "TUESDAY",
                                "WEDNESDAY",
                                "THURSDAY",
                                "FRIDAY"
                            ],
                            "availableStartTime": "09:09:00",
                            "availableEndTime": "06:00:00"
                        },
                        {
                            "daysOfWeek": [
                                "SATURDAY"
                            ],
                            "availableStartTime": "09:09:00",
                            "availableEndTime": "01:00:00"
                        }
                    ]
                }
            },
            {
                "resources": {
                    "resourceType": "Practitioner Role",
                    "active": true,
                    "practitioner": {
                        "type": "Practitioner",
                        "identifier": {
                            "system": "http://hl7.org/fhir/sid/us-npi",
                            "value": "1710036744"
                        }
                    },
                    "organization": {
                        "type": "Organization",
                        "identifier": {
                            "system": "http://hl7.org/fhir/sid/us-npi",
                            "value": "1710036744"
                        },
                        "display": "Blue Heron Clinic PC"
                    },
                    "speciality": [
                        {
                            "coding": [
                                [
                                    {
                                        "code": "111NX0800X",
                                        "display": "CHIROPRACTOR",
                                        "text": "ORTHOPEDIC"
                                    }
                                ]
                            ]
                        }
                    ],
                    "availableTime": [
                        {
                            "daysOfWeek": [
                                "MONDAY",
                                "TUESDAY",
                                "WEDNESDAY",
                                "THURSDAY",
                                "FRIDAY"
                            ],
                            "availableStartTime": "09:09:00",
                            "availableEndTime": "06:00:00"
                        },
                        {
                            "daysOfWeek": [
                                "SATURDAY"
                            ],
                            "availableStartTime": "09:09:00",
                            "availableEndTime": "01:00:00"
                        }
                    ],
                    "telecom": [],
                    "period": {
                        "startDate": "1996-09-01"
                    },
                    "location": [
                        {
                            "reference": "e-S-5850553"
                        }
                    ],
                    "healthService": [
                        {
                            "reference": "HealthcareService/0"
                        }
                    ]
                },
                "request": {
                    "method": "POST",
                    "url": "PractitionerRole"
                }
            },
            {
                "resources": {
                    "resourceType": "Practitioner Role",
                    "active": true,
                    "practitioner": {
                        "type": "Practitioner",
                        "identifier": {
                            "system": "http://hl7.org/fhir/sid/us-npi",
                            "value": "1710036744"
                        }
                    },
                    "organization": {
                        "type": "Organization",
                        "identifier": {
                            "system": "http://hl7.org/fhir/sid/us-npi",
                            "value": "1710036744"
                        },
                        "display": "Blue Heron Clinic PC"
                    },
                    "speciality": [
                        {
                            "coding": [
                                [
                                    {
                                        "code": "111NX0800X",
                                        "display": "CHIROPRACTOR",
                                        "text": "ORTHOPEDIC"
                                    }
                                ]
                            ]
                        }
                    ],
                    "availableTime": [
                        {
                            "daysOfWeek": [
                                "MONDAY",
                                "TUESDAY",
                                "WEDNESDAY",
                                "THURSDAY",
                                "FRIDAY"
                            ],
                            "availableStartTime": "09:09:00",
                            "availableEndTime": "06:00:00"
                        },
                        {
                            "daysOfWeek": [
                                "SATURDAY"
                            ],
                            "availableStartTime": "09:09:00",
                            "availableEndTime": "01:00:00"
                        }
                    ],
                    "telecom": [
                        {
                            "system": "fax",
                            "value": "5032809798",
                            "use": "work"
                        }
                    ],
                    "period": {
                        "startDate": "1996-09-01"
                    },
                    "location": [
                        {
                            "reference": "e-B-5850553"
                        }
                    ]
                },
                "request": {
                    "method": "POST",
                    "url": "PractitionerRole"
                }
            },
            {
                "resources": {
                    "resourceType": "Location",
                    "meta": {
                        "source": "www.Availity.com",
                        "lastUpdated": "2019-01-01T02:34:10.607Z"
                    },
                    "address": {
                        "identifier": "e-S-5850553",
                        "line": [
                            "1934 NORTHEAST BROADWAY"
                        ],
                        "city": "Portland",
                        "state": "OR",
                        "postalCode": "97232",
                        "use": "work"
                    },
                    "telecom": [
                        {
                            "system": "phone",
                            "value": "5032809759",
                            "use": "work"
                        }
                    ],
                    "hoursOfOperation": [
                        {
                            "daysOfWeek": [
                                "MONDAY",
                                "TUESDAY",
                                "WEDNESDAY",
                                "THURSDAY",
                                "FRIDAY"
                            ],
                            "availableStartTime": "09:09:00",
                            "availableEndTime": "06:00:00"
                        },
                        {
                            "daysOfWeek": [
                                "SATURDAY"
                            ],
                            "availableStartTime": "09:09:00",
                            "availableEndTime": "01:00:00"
                        }
                    ]
                }
            },
            {
                "resources": {
                    "resourceType": "Location",
                    "meta": {
                        "source": "www.Availity.com",
                        "lastUpdated": "2019-01-01T02:34:10.607Z"
                    },
                    "address": {
                        "identifier": "e-B-5850553",
                        "line": [
                            "1934 NORTHEAST BROADWAY"
                        ],
                        "city": "Portland",
                        "state": "OR",
                        "postalCode": "97232",
                        "use": "work"
                    },
                    "telecom": [
                        {
                            "system": "phone",
                            "value": "5032809759",
                            "use": "work"
                        },
                        {
                            "system": "fax",
                            "value": "5032809798",
                            "use": "work"
                        }
                    ],
                    "hoursOfOperation": [
                        {
                            "daysOfWeek": [
                                "MONDAY",
                                "TUESDAY",
                                "WEDNESDAY",
                                "THURSDAY",
                                "FRIDAY"
                            ],
                            "availableStartTime": "09:09:00",
                            "availableEndTime": "06:00:00"
                        },
                        {
                            "daysOfWeek": [
                                "SATURDAY"
                            ],
                            "availableStartTime": "09:09:00",
                            "availableEndTime": "01:00:00"
                        }
                    ]
                }
            }
        ]
    }
]