[
    {
        "resourceType": "Bundle",
        "type": "transaction",
        "entry": [
            {
                "resource": {
                    "resourceType": "Practitioner",
                    "meta": {
                        "source": "www.Availity.com",
                        "lastUpdated": "2019-01-01T19:09:01.665Z"
                    },
                    "identifier": [
                        {
                            "value": "201375082"
                        },
                        {
                            "value": "e-P-9932991"
                        },
                        {
                            "system": "http://hl7.org/fhir/sid/us-npi",
                            "value": "1861926586"
                        }
                    ],
                    "active": true,
                    "name": [
                        {
                            "family": "Hewitt"
                        },
                        {
                            "given": [
                                "Dashia",
                                "H."
                            ]
                        }
                    ],
                    "gender": [
                        "Female"
                    ],
                    "birthDate": "1974-03-03",
                    "qualification": {},
                    "communication": [
                        {
                            "coding": [
                                {
                                    "code": "ENG",
                                    "display": "English"
                                }
                            ],
                            "text": "Language"
                        }
                    ]
                },
                "request": {
                    "method": "POST",
                    "url": "Practitioner"
                }
            },
            {
                "resource": {
                    "resourceType": "Organization",
                    "identifier": [
                        {
                            "value": "201375082"
                        },
                        {
                            "value": "e-P-9932991"
                        },
                        {
                            "system": "http://hl7.org/fhir/sid/us-npi",
                            "value": "1861926586"
                        }
                    ],
                    "active": true,
                    "type": [
                        {
                            "text": "prov"
                        }
                    ],
                    "name": "Pain Care of OR, LLC",
                    "address": [
                        {
                            "id": "e-S-6431834",
                            "line": [
                                "825 BENNETT AVE"
                            ],
                            "city": "MEDFORD",
                            "state": "OR",
                            "postalCode": "97504",
                            "use": "work"
                        }
                    ],
                    "telecom": [
                        {
                            "system": "phone",
                            "value": "5417795228",
                            "use": "work"
                        },
                        {
                            "system": "alternate phone",
                            "value": "5417795228",
                            "use": "work"
                        }
                    ],
                    "contact": [
                        {
                            "purpose": {
                                "text": "ADMIN"
                            },
                            "name": [
                                {
                                    "family": "Hewitt"
                                },
                                {
                                    "given": [
                                        "Dashia",
                                        "H."
                                    ]
                                }
                            ],
                            "telecom": [
                                {
                                    "system": "phone",
                                    "value": "5417795228",
                                    "use": "work"
                                },
                                {
                                    "system": "alternate phone",
                                    "value": "5417795228",
                                    "use": "work"
                                }
                            ],
                            "address": [
                                {
                                    "id": "e-S-6431834",
                                    "line": [
                                        "825 BENNETT AVE"
                                    ],
                                    "city": "MEDFORD",
                                    "state": "OR",
                                    "postalCode": "97504",
                                    "use": "work"
                                }
                            ]
                        }
                    ]
                }
            },
            {
                "resource": {
                    "resourceType": "HealthcareService",
                    "identifier": [
                        {
                            "value": "201375082"
                        },
                        {
                            "system": "http://hl7.org/fhir/sid/us-npi",
                            "value": "1861926586"
                        }
                    ],
                    "active": true,
                    "providedby": "Pain Care of OR, LLC",
                    "speciality": [
                        {
                            "coding": [
                                [
                                    {
                                        "code": "363LG0600X",
                                        "display": "NURSE PRACTITIONER",
                                        "text": "GERONTOLOGY"
                                    }
                                ]
                            ]
                        }
                    ],
                    "telecom": [
                        {
                            "system": "phone",
                            "value": "5417795228",
                            "use": "work"
                        },
                        {
                            "system": "alternate phone",
                            "value": "5417795228",
                            "use": "work"
                        }
                    ],
                    "communication": [
                        {
                            "coding": [
                                {
                                    "code": "ENG",
                                    "display": "English"
                                }
                            ],
                            "text": "Language"
                        }
                    ],
                    "availableTime": [
                        {
                            "daysOfWeek": [],
                            "availableStartTime": "",
                            "availableEndTime": ""
                        }
                    ]
                }
            },
            {
                "resources": {
                    "resourceType": "Practitioner Role",
                    "active": true,
                    "practitioner": {
                        "type": "Practitioner",
                        "identifier": {
                            "system": "http://hl7.org/fhir/sid/us-npi",
                            "value": "1861926586"
                        }
                    },
                    "organization": {
                        "type": "Organization",
                        "identifier": {
                            "system": "http://hl7.org/fhir/sid/us-npi",
                            "value": "1861926586"
                        },
                        "display": "Pain Care of OR, LLC"
                    },
                    "speciality": [
                        {
                            "coding": [
                                [
                                    {
                                        "code": "363LG0600X",
                                        "display": "NURSE PRACTITIONER",
                                        "text": "GERONTOLOGY"
                                    }
                                ]
                            ]
                        }
                    ],
                    "availableTime": [
                        {
                            "daysOfWeek": [],
                            "availableStartTime": "",
                            "availableEndTime": ""
                        }
                    ],
                    "telecom": [
                        {
                            "system": "phone",
                            "value": "5417795228",
                            "use": "work"
                        }
                    ],
                    "period": {
                        "startDate": "2008-11-20"
                    },
                    "location": [
                        {
                            "reference": "e-S-6431834"
                        }
                    ],
                    "healthService": [
                        {
                            "reference": "HealthcareService/0"
                        }
                    ]
                },
                "request": {
                    "method": "POST",
                    "url": "PractitionerRole"
                }
            },
            {
                "resources": {
                    "resourceType": "Location",
                    "meta": {
                        "source": "www.Availity.com",
                        "lastUpdated": "2019-01-01T19:09:01.665Z"
                    },
                    "address": {
                        "identifier": "e-S-6431834",
                        "line": [
                            "825 BENNETT AVE"
                        ],
                        "city": "MEDFORD",
                        "state": "OR",
                        "postalCode": "97504",
                        "use": "work"
                    },
                    "telecom": [
                        {
                            "system": "phone",
                            "value": "5417795228",
                            "use": "work"
                        }
                    ],
                    "hoursOfOperation": [
                        {
                            "daysOfWeek": [],
                            "availableStartTime": "",
                            "availableEndTime": ""
                        }
                    ]
                }
            }
        ]
    }
]