[
    {
        "resourceType": "Bundle",
        "type": "transaction",
        "entry": [
            {
                "resource": {
                    "resourceType": "Practitioner",
                    "meta": {
                        "source": "www.Availity.com",
                        "lastUpdated": "2018-12-12T07:50:47.894Z"
                    },
                    "identifier": [
                        {
                            "value": "201375082"
                        },
                        {
                            "value": "e-P-9304675"
                        },
                        {
                            "system": "http://hl7.org/fhir/sid/us-npi",
                            "value": "1083930903"
                        }
                    ],
                    "active": true,
                    "name": [
                        {
                            "family": "Rogers"
                        },
                        {
                            "given": [
                                "Emily"
                            ]
                        }
                    ],
                    "gender": [
                        "Female"
                    ],
                    "birthDate": "0001-01-01",
                    "qualification": {},
                    "communication": [
                        {
                            "coding": [
                                {
                                    "code": "ENG",
                                    "display": "English"
                                }
                            ],
                            "text": "Language"
                        }
                    ]
                },
                "request": {
                    "method": "POST",
                    "url": "Practitioner"
                }
            },
            {
                "resource": {
                    "resourceType": "Organization",
                    "identifier": [
                        {
                            "value": "201375082"
                        },
                        {
                            "value": "e-P-9304675"
                        },
                        {
                            "system": "http://hl7.org/fhir/sid/us-npi",
                            "value": "1083930903"
                        }
                    ],
                    "active": true,
                    "type": [
                        {
                            "text": "prov"
                        }
                    ],
                    "name": "Pain Care of OR, LLC",
                    "address": [
                        {
                            "id": "e-S-6431834",
                            "line": [
                                "825 BENNETT AVENUE"
                            ],
                            "city": "Medford",
                            "state": "OR",
                            "postalCode": "97504",
                            "use": "work"
                        }
                    ],
                    "telecom": [
                        {
                            "system": "alternate phone",
                            "value": "5417795228",
                            "use": "work"
                        }
                    ],
                    "contact": [
                        {
                            "purpose": {
                                "text": "ADMIN"
                            },
                            "name": [
                                {
                                    "family": "Rogers"
                                },
                                {
                                    "given": [
                                        "Emily"
                                    ]
                                }
                            ],
                            "telecom": [
                                {
                                    "system": "alternate phone",
                                    "value": "5417795228",
                                    "use": "work"
                                }
                            ],
                            "address": [
                                {
                                    "id": "e-S-6431834",
                                    "line": [
                                        "825 BENNETT AVENUE"
                                    ],
                                    "city": "Medford",
                                    "state": "OR",
                                    "postalCode": "97504",
                                    "use": "work"
                                }
                            ]
                        }
                    ]
                }
            },
            {
                "resource": {
                    "resourceType": "HealthcareService",
                    "identifier": [
                        {
                            "value": "201375082"
                        },
                        {
                            "system": "http://hl7.org/fhir/sid/us-npi",
                            "value": "1083930903"
                        }
                    ],
                    "active": true,
                    "providedby": "Pain Care of OR, LLC",
                    "speciality": [
                        {
                            "coding": [
                                []
                            ]
                        }
                    ],
                    "telecom": [
                        {
                            "system": "alternate phone",
                            "value": "5417795228",
                            "use": "work"
                        }
                    ],
                    "communication": [
                        {
                            "coding": [
                                {
                                    "code": "ENG",
                                    "display": "English"
                                }
                            ],
                            "text": "Language"
                        }
                    ],
                    "availableTime": [
                        {
                            "daysOfWeek": [],
                            "availableStartTime": "",
                            "availableEndTime": ""
                        }
                    ]
                }
            },
            {
                "resources": {
                    "resourceType": "Practitioner Role",
                    "active": true,
                    "practitioner": {
                        "type": "Practitioner",
                        "identifier": {
                            "system": "http://hl7.org/fhir/sid/us-npi",
                            "value": "1083930903"
                        }
                    },
                    "organization": {
                        "type": "Organization",
                        "identifier": {
                            "system": "http://hl7.org/fhir/sid/us-npi",
                            "value": "1083930903"
                        },
                        "display": "Pain Care of OR, LLC"
                    },
                    "speciality": [
                        {
                            "coding": [
                                []
                            ]
                        }
                    ],
                    "availableTime": [
                        {
                            "daysOfWeek": [],
                            "availableStartTime": "",
                            "availableEndTime": ""
                        }
                    ],
                    "telecom": [
                        {
                            "system": "alternatePhone",
                            "value": "5417795228",
                            "use": "work"
                        }
                    ],
                    "location": [
                        {
                            "reference": "e-S-6431834"
                        }
                    ]
                },
                "request": {
                    "method": "POST",
                    "url": "PractitionerRole"
                }
            },
            {
                "resources": {
                    "resourceType": "Location",
                    "meta": {
                        "source": "www.Availity.com",
                        "lastUpdated": "2018-12-12T07:50:47.894Z"
                    },
                    "address": {
                        "identifier": "e-S-6431834",
                        "line": [
                            "825 BENNETT AVENUE"
                        ],
                        "city": "Medford",
                        "state": "OR",
                        "postalCode": "97504",
                        "use": "work"
                    },
                    "telecom": [
                        {
                            "system": "alternatePhone",
                            "value": "5417795228",
                            "use": "work"
                        }
                    ],
                    "hoursOfOperation": [
                        {
                            "daysOfWeek": [],
                            "availableStartTime": "",
                            "availableEndTime": ""
                        }
                    ]
                }
            }
        ]
    }
]