[
    {
        "resourceType": "Bundle",
        "type": "transaction",
        "entry": [
            {
                "resource": {
                    "resourceType": "Practitioner",
                    "meta": {
                        "source": "www.Availity.com",
                        "lastUpdated": "2019-01-01T19:45:47.833Z"
                    },
                    "identifier": [
                        {
                            "value": "204660023"
                        },
                        {
                            "value": "e-P-5219545"
                        },
                        {
                            "system": "http://hl7.org/fhir/sid/us-npi",
                            "value": "1629162615"
                        }
                    ],
                    "active": true,
                    "name": [
                        {
                            "family": "KAWLICHE"
                        },
                        {
                            "given": [
                                "BORIS",
                                "L"
                            ]
                        }
                    ],
                    "gender": [
                        "Male"
                    ],
                    "birthDate": null,
                    "qualification": {},
                    "communication": [
                        {
                            "coding": [
                                {
                                    "code": "ENG",
                                    "display": "English"
                                },
                                {
                                    "code": "FRA",
                                    "display": "French"
                                },
                                {
                                    "code": "ENG",
                                    "display": "English"
                                }
                            ],
                            "text": "Language"
                        }
                    ]
                },
                "request": {
                    "method": "POST",
                    "url": "Practitioner"
                }
            },
            {
                "resource": {
                    "resourceType": "Organization",
                    "identifier": [
                        {
                            "value": "204660023"
                        },
                        {
                            "value": "e-P-5219545"
                        },
                        {
                            "system": "http://hl7.org/fhir/sid/us-npi",
                            "value": "1629162615"
                        }
                    ],
                    "active": true,
                    "type": [
                        {
                            "text": "prov"
                        }
                    ],
                    "name": "DR BORIS KAWLICHE",
                    "address": [
                        {
                            "id": "AV-96185082311488000141849300004028",
                            "line": [
                                "407 N PARSONS AVE",
                                "STE 104"
                            ],
                            "city": "BRANDON",
                            "state": "FL",
                            "postalCode": "33510",
                            "use": "work"
                        },
                        {
                            "id": "e-S-4253690",
                            "line": [
                                "1601 NORTHEAST 25TH AVENUE",
                                "Suite 306"
                            ],
                            "city": "Ocala",
                            "state": "FL",
                            "postalCode": "34470",
                            "use": "work"
                        },
                        {
                            "id": "e-B-9525654",
                            "line": [
                                "2510 1ST AVENUE"
                            ],
                            "city": "St. Petersburg",
                            "state": "FL",
                            "postalCode": "33712",
                            "use": "work"
                        },
                        {
                            "id": "e-B-3043462",
                            "line": [
                                "6918 NORTH 20TH STREET"
                            ],
                            "city": "Tampa",
                            "state": "FL",
                            "postalCode": "33610",
                            "use": "work"
                        }
                    ],
                    "telecom": [
                        {
                            "system": "fax",
                            "value": "8136717379",
                            "use": "work"
                        },
                        {
                            "system": "fax",
                            "value": "8667881127",
                            "use": "work"
                        },
                        {
                            "system": "phone",
                            "value": "8136815880",
                            "use": "work"
                        },
                        {
                            "system": "phone",
                            "value": "8133003620",
                            "use": "work"
                        },
                        {
                            "system": "phone",
                            "value": "7272891164",
                            "use": "work"
                        },
                        {
                            "system": "alternate phone",
                            "value": "8136815880",
                            "use": "work"
                        },
                        {
                            "system": "alternate phone",
                            "value": "3526717884",
                            "use": "work"
                        },
                        {
                            "system": "alternate phone",
                            "value": "7272891164",
                            "use": "work"
                        }
                    ],
                    "contact": [
                        {
                            "purpose": {
                                "text": "ADMIN"
                            },
                            "name": [
                                {
                                    "family": "KAWLICHE"
                                },
                                {
                                    "given": [
                                        "BORIS",
                                        "L"
                                    ]
                                }
                            ],
                            "telecom": [
                                {
                                    "system": "fax",
                                    "value": "8136717379",
                                    "use": "work"
                                },
                                {
                                    "system": "fax",
                                    "value": "8667881127",
                                    "use": "work"
                                },
                                {
                                    "system": "phone",
                                    "value": "8136815880",
                                    "use": "work"
                                },
                                {
                                    "system": "phone",
                                    "value": "8133003620",
                                    "use": "work"
                                },
                                {
                                    "system": "phone",
                                    "value": "7272891164",
                                    "use": "work"
                                },
                                {
                                    "system": "alternate phone",
                                    "value": "8136815880",
                                    "use": "work"
                                },
                                {
                                    "system": "alternate phone",
                                    "value": "3526717884",
                                    "use": "work"
                                },
                                {
                                    "system": "alternate phone",
                                    "value": "7272891164",
                                    "use": "work"
                                }
                            ],
                            "address": [
                                {
                                    "id": "AV-96185082311488000141849300004028",
                                    "line": [
                                        "407 N PARSONS AVE",
                                        "STE 104"
                                    ],
                                    "city": "BRANDON",
                                    "state": "FL",
                                    "postalCode": "33510",
                                    "use": "work"
                                },
                                {
                                    "id": "e-S-4253690",
                                    "line": [
                                        "1601 NORTHEAST 25TH AVENUE",
                                        "Suite 306"
                                    ],
                                    "city": "Ocala",
                                    "state": "FL",
                                    "postalCode": "34470",
                                    "use": "work"
                                },
                                {
                                    "id": "e-B-9525654",
                                    "line": [
                                        "2510 1ST AVENUE"
                                    ],
                                    "city": "St. Petersburg",
                                    "state": "FL",
                                    "postalCode": "33712",
                                    "use": "work"
                                },
                                {
                                    "id": "e-B-3043462",
                                    "line": [
                                        "6918 NORTH 20TH STREET"
                                    ],
                                    "city": "Tampa",
                                    "state": "FL",
                                    "postalCode": "33610",
                                    "use": "work"
                                }
                            ]
                        }
                    ]
                }
            },
            {
                "resource": {
                    "resourceType": "HealthcareService",
                    "identifier": [
                        {
                            "value": "204660023"
                        },
                        {
                            "system": "http://hl7.org/fhir/sid/us-npi",
                            "value": "1629162615"
                        }
                    ],
                    "active": true,
                    "providedby": "DR BORIS KAWLICHE",
                    "speciality": [
                        {
                            "coding": [
                                [
                                    {
                                        "code": "2084P0800X",
                                        "display": "PSYCHIATRY & NEUROLOGY",
                                        "text": "PSYCHIATRY"
                                    },
                                    {
                                        "code": "2084A0401X",
                                        "display": "PSYCHIATRY & NEUROLOGY",
                                        "text": "ADDICTION MEDICINE"
                                    },
                                    {
                                        "code": "2084P0804X",
                                        "display": "PSYCHIATRY & NEUROLOGY",
                                        "text": "CHILD & ADOLESCENT PSYCHIATRY"
                                    },
                                    {
                                        "code": "101Y00000X",
                                        "display": "COUNSELOR",
                                        "text": "NOT APPLICABLE"
                                    },
                                    {
                                        "code": "103TB0200X",
                                        "display": "PSYCHOLOGIST",
                                        "text": "COGNITIVE & BEHAVIORAL"
                                    },
                                    {
                                        "code": "208U00000X",
                                        "display": "CLINICAL PHARMACOLOGY",
                                        "text": "NOT APPLICABLE"
                                    },
                                    {
                                        "code": "2084P0802X",
                                        "display": "PSYCHIATRY & NEUROLOGY",
                                        "text": "ADDICTION PSYCHIATRY"
                                    },
                                    {
                                        "code": "103TC2200X",
                                        "display": "PSYCHOLOGIST",
                                        "text": "CLINICAL CHILD & ADOLESCENT"
                                    }
                                ]
                            ]
                        }
                    ],
                    "telecom": [
                        {
                            "system": "fax",
                            "value": "8136717379",
                            "use": "work"
                        },
                        {
                            "system": "fax",
                            "value": "8667881127",
                            "use": "work"
                        },
                        {
                            "system": "phone",
                            "value": "8136815880",
                            "use": "work"
                        },
                        {
                            "system": "phone",
                            "value": "8133003620",
                            "use": "work"
                        },
                        {
                            "system": "phone",
                            "value": "7272891164",
                            "use": "work"
                        },
                        {
                            "system": "alternate phone",
                            "value": "8136815880",
                            "use": "work"
                        },
                        {
                            "system": "alternate phone",
                            "value": "3526717884",
                            "use": "work"
                        },
                        {
                            "system": "alternate phone",
                            "value": "7272891164",
                            "use": "work"
                        }
                    ],
                    "communication": [
                        {
                            "coding": [
                                {
                                    "code": "ENG",
                                    "display": "English"
                                },
                                {
                                    "code": "FRA",
                                    "display": "French"
                                },
                                {
                                    "code": "ENG",
                                    "display": "English"
                                }
                            ],
                            "text": "Language"
                        }
                    ],
                    "availableTime": [
                        {
                            "daysOfWeek": [
                                "MONDAY",
                                "WEDNESDAY"
                            ],
                            "availableStartTime": "09:09:00",
                            "availableEndTime": "19:00:00"
                        },
                        {
                            "daysOfWeek": [
                                "TUESDAY",
                                "THURSDAY",
                                "FRIDAY"
                            ],
                            "availableStartTime": "10:10:00",
                            "availableEndTime": "15:00:00"
                        }
                    ]
                }
            },
            {
                "resources": {
                    "resourceType": "Practitioner Role",
                    "active": true,
                    "practitioner": {
                        "type": "Practitioner",
                        "identifier": {
                            "system": "http://hl7.org/fhir/sid/us-npi",
                            "value": "1629162615"
                        }
                    },
                    "organization": {
                        "type": "Organization",
                        "identifier": {
                            "system": "http://hl7.org/fhir/sid/us-npi",
                            "value": "1629162615"
                        },
                        "display": "DR BORIS KAWLICHE"
                    },
                    "speciality": [
                        {
                            "coding": [
                                [
                                    {
                                        "code": "2084P0800X",
                                        "display": "PSYCHIATRY & NEUROLOGY",
                                        "text": "PSYCHIATRY"
                                    },
                                    {
                                        "code": "2084A0401X",
                                        "display": "PSYCHIATRY & NEUROLOGY",
                                        "text": "ADDICTION MEDICINE"
                                    },
                                    {
                                        "code": "2084P0804X",
                                        "display": "PSYCHIATRY & NEUROLOGY",
                                        "text": "CHILD & ADOLESCENT PSYCHIATRY"
                                    },
                                    {
                                        "code": "101Y00000X",
                                        "display": "COUNSELOR",
                                        "text": "NOT APPLICABLE"
                                    },
                                    {
                                        "code": "103TB0200X",
                                        "display": "PSYCHOLOGIST",
                                        "text": "COGNITIVE & BEHAVIORAL"
                                    },
                                    {
                                        "code": "208U00000X",
                                        "display": "CLINICAL PHARMACOLOGY",
                                        "text": "NOT APPLICABLE"
                                    },
                                    {
                                        "code": "2084P0802X",
                                        "display": "PSYCHIATRY & NEUROLOGY",
                                        "text": "ADDICTION PSYCHIATRY"
                                    },
                                    {
                                        "code": "103TC2200X",
                                        "display": "PSYCHOLOGIST",
                                        "text": "CLINICAL CHILD & ADOLESCENT"
                                    }
                                ]
                            ]
                        }
                    ],
                    "availableTime": [
                        {
                            "daysOfWeek": [
                                "MONDAY",
                                "WEDNESDAY"
                            ],
                            "availableStartTime": "09:09:00",
                            "availableEndTime": "19:00:00"
                        },
                        {
                            "daysOfWeek": [
                                "TUESDAY",
                                "THURSDAY",
                                "FRIDAY"
                            ],
                            "availableStartTime": "10:10:00",
                            "availableEndTime": "15:00:00"
                        }
                    ],
                    "telecom": [],
                    "period": {
                        "startDate": "2016-08-01"
                    },
                    "location": [
                        {
                            "reference": "AV-96185082311488000141849300004028"
                        }
                    ],
                    "healthService": [
                        {
                            "reference": "HealthcareService/0"
                        }
                    ]
                },
                "request": {
                    "method": "POST",
                    "url": "PractitionerRole"
                }
            },
            {
                "resources": {
                    "resourceType": "Practitioner Role",
                    "active": true,
                    "practitioner": {
                        "type": "Practitioner",
                        "identifier": {
                            "system": "http://hl7.org/fhir/sid/us-npi",
                            "value": "1629162615"
                        }
                    },
                    "organization": {
                        "type": "Organization",
                        "identifier": {
                            "system": "http://hl7.org/fhir/sid/us-npi",
                            "value": "1629162615"
                        },
                        "display": "DR BORIS KAWLICHE"
                    },
                    "speciality": [
                        {
                            "coding": [
                                [
                                    {
                                        "code": "2084P0800X",
                                        "display": "PSYCHIATRY & NEUROLOGY",
                                        "text": "PSYCHIATRY"
                                    },
                                    {
                                        "code": "2084A0401X",
                                        "display": "PSYCHIATRY & NEUROLOGY",
                                        "text": "ADDICTION MEDICINE"
                                    },
                                    {
                                        "code": "2084P0804X",
                                        "display": "PSYCHIATRY & NEUROLOGY",
                                        "text": "CHILD & ADOLESCENT PSYCHIATRY"
                                    },
                                    {
                                        "code": "101Y00000X",
                                        "display": "COUNSELOR",
                                        "text": "NOT APPLICABLE"
                                    },
                                    {
                                        "code": "103TB0200X",
                                        "display": "PSYCHOLOGIST",
                                        "text": "COGNITIVE & BEHAVIORAL"
                                    },
                                    {
                                        "code": "208U00000X",
                                        "display": "CLINICAL PHARMACOLOGY",
                                        "text": "NOT APPLICABLE"
                                    },
                                    {
                                        "code": "2084P0802X",
                                        "display": "PSYCHIATRY & NEUROLOGY",
                                        "text": "ADDICTION PSYCHIATRY"
                                    },
                                    {
                                        "code": "103TC2200X",
                                        "display": "PSYCHOLOGIST",
                                        "text": "CLINICAL CHILD & ADOLESCENT"
                                    }
                                ]
                            ]
                        }
                    ],
                    "availableTime": [
                        {
                            "daysOfWeek": [
                                "MONDAY",
                                "WEDNESDAY"
                            ],
                            "availableStartTime": "09:09:00",
                            "availableEndTime": "19:00:00"
                        },
                        {
                            "daysOfWeek": [
                                "TUESDAY",
                                "THURSDAY",
                                "FRIDAY"
                            ],
                            "availableStartTime": "10:10:00",
                            "availableEndTime": "15:00:00"
                        }
                    ],
                    "telecom": [
                        {
                            "system": "alternatePhone",
                            "value": "3526717884",
                            "use": "work"
                        }
                    ],
                    "period": {
                        "startDate": "2016-08-01"
                    },
                    "location": [
                        {
                            "reference": "e-S-4253690"
                        }
                    ],
                    "healthService": [
                        {
                            "reference": "HealthcareService/1"
                        }
                    ]
                },
                "request": {
                    "method": "POST",
                    "url": "PractitionerRole"
                }
            },
            {
                "resources": {
                    "resourceType": "Practitioner Role",
                    "active": true,
                    "practitioner": {
                        "type": "Practitioner",
                        "identifier": {
                            "system": "http://hl7.org/fhir/sid/us-npi",
                            "value": "1629162615"
                        }
                    },
                    "organization": {
                        "type": "Organization",
                        "identifier": {
                            "system": "http://hl7.org/fhir/sid/us-npi",
                            "value": "1629162615"
                        },
                        "display": "DR BORIS KAWLICHE"
                    },
                    "speciality": [
                        {
                            "coding": [
                                [
                                    {
                                        "code": "2084P0800X",
                                        "display": "PSYCHIATRY & NEUROLOGY",
                                        "text": "PSYCHIATRY"
                                    },
                                    {
                                        "code": "2084A0401X",
                                        "display": "PSYCHIATRY & NEUROLOGY",
                                        "text": "ADDICTION MEDICINE"
                                    },
                                    {
                                        "code": "2084P0804X",
                                        "display": "PSYCHIATRY & NEUROLOGY",
                                        "text": "CHILD & ADOLESCENT PSYCHIATRY"
                                    },
                                    {
                                        "code": "101Y00000X",
                                        "display": "COUNSELOR",
                                        "text": "NOT APPLICABLE"
                                    },
                                    {
                                        "code": "103TB0200X",
                                        "display": "PSYCHOLOGIST",
                                        "text": "COGNITIVE & BEHAVIORAL"
                                    },
                                    {
                                        "code": "208U00000X",
                                        "display": "CLINICAL PHARMACOLOGY",
                                        "text": "NOT APPLICABLE"
                                    },
                                    {
                                        "code": "2084P0802X",
                                        "display": "PSYCHIATRY & NEUROLOGY",
                                        "text": "ADDICTION PSYCHIATRY"
                                    },
                                    {
                                        "code": "103TC2200X",
                                        "display": "PSYCHOLOGIST",
                                        "text": "CLINICAL CHILD & ADOLESCENT"
                                    }
                                ]
                            ]
                        }
                    ],
                    "availableTime": [
                        {
                            "daysOfWeek": [
                                "MONDAY",
                                "WEDNESDAY"
                            ],
                            "availableStartTime": "09:09:00",
                            "availableEndTime": "19:00:00"
                        },
                        {
                            "daysOfWeek": [
                                "TUESDAY",
                                "THURSDAY",
                                "FRIDAY"
                            ],
                            "availableStartTime": "10:10:00",
                            "availableEndTime": "15:00:00"
                        }
                    ],
                    "telecom": [
                        {
                            "system": "alternatePhone",
                            "value": "7272891164",
                            "use": "work"
                        }
                    ],
                    "period": {
                        "startDate": "2016-08-01"
                    },
                    "location": [
                        {
                            "reference": "e-S-9525654"
                        }
                    ],
                    "healthService": [
                        {
                            "reference": "HealthcareService/2"
                        }
                    ]
                },
                "request": {
                    "method": "POST",
                    "url": "PractitionerRole"
                }
            },
            {
                "resources": {
                    "resourceType": "Practitioner Role",
                    "active": true,
                    "practitioner": {
                        "type": "Practitioner",
                        "identifier": {
                            "system": "http://hl7.org/fhir/sid/us-npi",
                            "value": "1629162615"
                        }
                    },
                    "organization": {
                        "type": "Organization",
                        "identifier": {
                            "system": "http://hl7.org/fhir/sid/us-npi",
                            "value": "1629162615"
                        },
                        "display": "DR BORIS KAWLICHE"
                    },
                    "speciality": [
                        {
                            "coding": [
                                [
                                    {
                                        "code": "2084P0800X",
                                        "display": "PSYCHIATRY & NEUROLOGY",
                                        "text": "PSYCHIATRY"
                                    },
                                    {
                                        "code": "2084A0401X",
                                        "display": "PSYCHIATRY & NEUROLOGY",
                                        "text": "ADDICTION MEDICINE"
                                    },
                                    {
                                        "code": "2084P0804X",
                                        "display": "PSYCHIATRY & NEUROLOGY",
                                        "text": "CHILD & ADOLESCENT PSYCHIATRY"
                                    },
                                    {
                                        "code": "101Y00000X",
                                        "display": "COUNSELOR",
                                        "text": "NOT APPLICABLE"
                                    },
                                    {
                                        "code": "103TB0200X",
                                        "display": "PSYCHOLOGIST",
                                        "text": "COGNITIVE & BEHAVIORAL"
                                    },
                                    {
                                        "code": "208U00000X",
                                        "display": "CLINICAL PHARMACOLOGY",
                                        "text": "NOT APPLICABLE"
                                    },
                                    {
                                        "code": "2084P0802X",
                                        "display": "PSYCHIATRY & NEUROLOGY",
                                        "text": "ADDICTION PSYCHIATRY"
                                    },
                                    {
                                        "code": "103TC2200X",
                                        "display": "PSYCHOLOGIST",
                                        "text": "CLINICAL CHILD & ADOLESCENT"
                                    }
                                ]
                            ]
                        }
                    ],
                    "availableTime": [
                        {
                            "daysOfWeek": [
                                "MONDAY",
                                "WEDNESDAY"
                            ],
                            "availableStartTime": "09:09:00",
                            "availableEndTime": "19:00:00"
                        },
                        {
                            "daysOfWeek": [
                                "TUESDAY",
                                "THURSDAY",
                                "FRIDAY"
                            ],
                            "availableStartTime": "10:10:00",
                            "availableEndTime": "15:00:00"
                        }
                    ],
                    "telecom": [
                        {
                            "system": "fax",
                            "value": "8136717379",
                            "use": "work"
                        }
                    ],
                    "period": {
                        "startDate": "2016-08-01"
                    },
                    "location": [
                        {
                            "reference": "e-B-3043462"
                        }
                    ],
                    "healthService": [
                        {
                            "reference": "HealthcareService/3"
                        }
                    ]
                },
                "request": {
                    "method": "POST",
                    "url": "PractitionerRole"
                }
            },
            {
                "resources": {
                    "resourceType": "Practitioner Role",
                    "active": true,
                    "practitioner": {
                        "type": "Practitioner",
                        "identifier": {
                            "system": "http://hl7.org/fhir/sid/us-npi",
                            "value": "1629162615"
                        }
                    },
                    "organization": {
                        "type": "Organization",
                        "identifier": {
                            "system": "http://hl7.org/fhir/sid/us-npi",
                            "value": "1629162615"
                        },
                        "display": "DR BORIS KAWLICHE"
                    },
                    "speciality": [
                        {
                            "coding": [
                                [
                                    {
                                        "code": "2084P0800X",
                                        "display": "PSYCHIATRY & NEUROLOGY",
                                        "text": "PSYCHIATRY"
                                    },
                                    {
                                        "code": "2084A0401X",
                                        "display": "PSYCHIATRY & NEUROLOGY",
                                        "text": "ADDICTION MEDICINE"
                                    },
                                    {
                                        "code": "2084P0804X",
                                        "display": "PSYCHIATRY & NEUROLOGY",
                                        "text": "CHILD & ADOLESCENT PSYCHIATRY"
                                    },
                                    {
                                        "code": "101Y00000X",
                                        "display": "COUNSELOR",
                                        "text": "NOT APPLICABLE"
                                    },
                                    {
                                        "code": "103TB0200X",
                                        "display": "PSYCHOLOGIST",
                                        "text": "COGNITIVE & BEHAVIORAL"
                                    },
                                    {
                                        "code": "208U00000X",
                                        "display": "CLINICAL PHARMACOLOGY",
                                        "text": "NOT APPLICABLE"
                                    },
                                    {
                                        "code": "2084P0802X",
                                        "display": "PSYCHIATRY & NEUROLOGY",
                                        "text": "ADDICTION PSYCHIATRY"
                                    },
                                    {
                                        "code": "103TC2200X",
                                        "display": "PSYCHOLOGIST",
                                        "text": "CLINICAL CHILD & ADOLESCENT"
                                    }
                                ]
                            ]
                        }
                    ],
                    "availableTime": [
                        {
                            "daysOfWeek": [
                                "MONDAY",
                                "WEDNESDAY"
                            ],
                            "availableStartTime": "09:09:00",
                            "availableEndTime": "19:00:00"
                        },
                        {
                            "daysOfWeek": [
                                "TUESDAY",
                                "THURSDAY",
                                "FRIDAY"
                            ],
                            "availableStartTime": "10:10:00",
                            "availableEndTime": "15:00:00"
                        }
                    ],
                    "telecom": [
                        {
                            "system": "fax",
                            "value": "8667881127",
                            "use": "work"
                        }
                    ],
                    "period": {
                        "startDate": "2016-08-01"
                    },
                    "location": [
                        {
                            "reference": "e-B-9525654"
                        }
                    ],
                    "healthService": [
                        {
                            "reference": "HealthcareService/4"
                        }
                    ]
                },
                "request": {
                    "method": "POST",
                    "url": "PractitionerRole"
                }
            },
            {
                "resources": {
                    "resourceType": "Location",
                    "meta": {
                        "source": "www.Availity.com",
                        "lastUpdated": "2019-01-01T19:45:47.833Z"
                    },
                    "address": {
                        "identifier": "AV-96185082311488000141849300004028",
                        "line": [
                            "407 N PARSONS AVE",
                            "STE 104"
                        ],
                        "city": "BRANDON",
                        "state": "FL",
                        "postalCode": "33510",
                        "use": "work"
                    },
                    "telecom": [
                        {
                            "system": "phone",
                            "value": "8136815880",
                            "use": "work"
                        }
                    ],
                    "hoursOfOperation": [
                        {
                            "daysOfWeek": [
                                "MONDAY",
                                "WEDNESDAY"
                            ],
                            "availableStartTime": "09:09:00",
                            "availableEndTime": "19:00:00"
                        },
                        {
                            "daysOfWeek": [
                                "TUESDAY",
                                "THURSDAY",
                                "FRIDAY"
                            ],
                            "availableStartTime": "10:10:00",
                            "availableEndTime": "15:00:00"
                        }
                    ]
                }
            },
            {
                "resources": {
                    "resourceType": "Location",
                    "meta": {
                        "source": "www.Availity.com",
                        "lastUpdated": "2019-01-01T19:45:47.833Z"
                    },
                    "address": {
                        "identifier": "e-S-4253690",
                        "line": [
                            "1601 NORTHEAST 25TH AVENUE",
                            "Suite 306"
                        ],
                        "city": "Ocala",
                        "state": "FL",
                        "postalCode": "34470",
                        "use": "work"
                    },
                    "telecom": [
                        {
                            "system": "alternatePhone",
                            "value": "3526717884",
                            "use": "work"
                        }
                    ],
                    "hoursOfOperation": [
                        {
                            "daysOfWeek": [
                                "MONDAY",
                                "WEDNESDAY"
                            ],
                            "availableStartTime": "09:09:00",
                            "availableEndTime": "19:00:00"
                        },
                        {
                            "daysOfWeek": [
                                "TUESDAY",
                                "THURSDAY",
                                "FRIDAY"
                            ],
                            "availableStartTime": "10:10:00",
                            "availableEndTime": "15:00:00"
                        }
                    ]
                }
            },
            {
                "resources": {
                    "resourceType": "Location",
                    "meta": {
                        "source": "www.Availity.com",
                        "lastUpdated": "2019-01-01T19:45:47.833Z"
                    },
                    "address": {
                        "identifier": "e-S-9525654",
                        "line": [
                            "2510 1ST AVENUE"
                        ],
                        "city": "St. Petersburg",
                        "state": "FL",
                        "postalCode": "33712",
                        "use": "work"
                    },
                    "telecom": [
                        {
                            "system": "alternatePhone",
                            "value": "7272891164",
                            "use": "work"
                        }
                    ],
                    "hoursOfOperation": [
                        {
                            "daysOfWeek": [
                                "MONDAY",
                                "WEDNESDAY"
                            ],
                            "availableStartTime": "09:09:00",
                            "availableEndTime": "19:00:00"
                        },
                        {
                            "daysOfWeek": [
                                "TUESDAY",
                                "THURSDAY",
                                "FRIDAY"
                            ],
                            "availableStartTime": "10:10:00",
                            "availableEndTime": "15:00:00"
                        }
                    ]
                }
            },
            {
                "resources": {
                    "resourceType": "Location",
                    "meta": {
                        "source": "www.Availity.com",
                        "lastUpdated": "2019-01-01T19:45:47.833Z"
                    },
                    "address": {
                        "identifier": "e-B-3043462",
                        "line": [
                            "6918 NORTH 20TH STREET"
                        ],
                        "city": "Tampa",
                        "state": "FL",
                        "postalCode": "33610",
                        "use": "work"
                    },
                    "telecom": [
                        {
                            "system": "phone",
                            "value": "8133003620",
                            "use": "work"
                        },
                        {
                            "system": "fax",
                            "value": "8136717379",
                            "use": "work"
                        }
                    ],
                    "hoursOfOperation": [
                        {
                            "daysOfWeek": [
                                "MONDAY",
                                "WEDNESDAY"
                            ],
                            "availableStartTime": "09:09:00",
                            "availableEndTime": "19:00:00"
                        },
                        {
                            "daysOfWeek": [
                                "TUESDAY",
                                "THURSDAY",
                                "FRIDAY"
                            ],
                            "availableStartTime": "10:10:00",
                            "availableEndTime": "15:00:00"
                        }
                    ]
                }
            },
            {
                "resources": {
                    "resourceType": "Location",
                    "meta": {
                        "source": "www.Availity.com",
                        "lastUpdated": "2019-01-01T19:45:47.833Z"
                    },
                    "address": {
                        "identifier": "e-B-9525654",
                        "line": [
                            "2510 1ST AVENUE"
                        ],
                        "city": "St. Petersburg",
                        "state": "FL",
                        "postalCode": "33712",
                        "use": "work"
                    },
                    "telecom": [
                        {
                            "system": "phone",
                            "value": "7272891164",
                            "use": "work"
                        },
                        {
                            "system": "fax",
                            "value": "8667881127",
                            "use": "work"
                        }
                    ],
                    "hoursOfOperation": [
                        {
                            "daysOfWeek": [
                                "MONDAY",
                                "WEDNESDAY"
                            ],
                            "availableStartTime": "09:09:00",
                            "availableEndTime": "19:00:00"
                        },
                        {
                            "daysOfWeek": [
                                "TUESDAY",
                                "THURSDAY",
                                "FRIDAY"
                            ],
                            "availableStartTime": "10:10:00",
                            "availableEndTime": "15:00:00"
                        }
                    ]
                }
            }
        ]
    }
]