[
    {
        "resourceType": "Bundle",
        "type": "transaction",
        "entry": [
            {
                "resource": {
                    "resourceType": "Practitioner",
                    "meta": {
                        "source": "www.Availity.com",
                        "lastUpdated": "2019-01-02T00:15:33.465Z"
                    },
                    "identifier": [
                        {
                            "value": "262128669"
                        },
                        {
                            "value": "e-P-7305092"
                        },
                        {
                            "system": "http://hl7.org/fhir/sid/us-npi",
                            "value": "1720044647"
                        }
                    ],
                    "active": true,
                    "name": [
                        {
                            "family": "Kim"
                        },
                        {
                            "given": [
                                "Joohee"
                            ]
                        }
                    ],
                    "gender": [
                        "Female"
                    ],
                    "birthDate": "1967-10-24",
                    "qualification": {},
                    "communication": [
                        {
                            "coding": [
                                {
                                    "code": "ENG",
                                    "display": "English"
                                },
                                {
                                    "code": "KOR",
                                    "display": "Korean"
                                }
                            ],
                            "text": "Language"
                        }
                    ]
                },
                "request": {
                    "method": "POST",
                    "url": "Practitioner"
                }
            },
            {
                "resource": {
                    "resourceType": "Organization",
                    "identifier": [
                        {
                            "value": "262128669"
                        },
                        {
                            "value": "e-P-7305092"
                        },
                        {
                            "system": "http://hl7.org/fhir/sid/us-npi",
                            "value": "1720044647"
                        }
                    ],
                    "active": true,
                    "type": [
                        {
                            "text": "prov"
                        }
                    ],
                    "name": "SEATTLE ENDOCRINOLOGY INC",
                    "address": [
                        {
                            "id": "e-B-6003801",
                            "line": [
                                "1130 NORTH 185TH STREET",
                                "Suite 201"
                            ],
                            "city": "Shoreline",
                            "state": "WA",
                            "postalCode": "98133",
                            "use": "work"
                        }
                    ],
                    "telecom": [
                        {
                            "system": "fax",
                            "value": "2065425353",
                            "use": "work"
                        },
                        {
                            "system": "phone",
                            "value": "2065421000",
                            "use": "work"
                        },
                        {
                            "system": "alternate phone",
                            "value": "2065421000",
                            "use": "work"
                        }
                    ],
                    "contact": [
                        {
                            "purpose": {
                                "text": "ADMIN"
                            },
                            "name": [
                                {
                                    "family": "Kim"
                                },
                                {
                                    "given": [
                                        "Joohee"
                                    ]
                                }
                            ],
                            "telecom": [
                                {
                                    "system": "fax",
                                    "value": "2065425353",
                                    "use": "work"
                                },
                                {
                                    "system": "phone",
                                    "value": "2065421000",
                                    "use": "work"
                                },
                                {
                                    "system": "alternate phone",
                                    "value": "2065421000",
                                    "use": "work"
                                }
                            ],
                            "address": [
                                {
                                    "id": "e-B-6003801",
                                    "line": [
                                        "1130 NORTH 185TH STREET",
                                        "Suite 201"
                                    ],
                                    "city": "Shoreline",
                                    "state": "WA",
                                    "postalCode": "98133",
                                    "use": "work"
                                }
                            ]
                        }
                    ]
                }
            },
            {
                "resource": {
                    "resourceType": "HealthcareService",
                    "identifier": [
                        {
                            "value": "262128669"
                        },
                        {
                            "system": "http://hl7.org/fhir/sid/us-npi",
                            "value": "1720044647"
                        }
                    ],
                    "active": true,
                    "providedby": "SEATTLE ENDOCRINOLOGY INC",
                    "speciality": [
                        {
                            "coding": [
                                [
                                    {
                                        "code": "207RE0101X",
                                        "display": "INTERNAL MEDICINE",
                                        "text": "ENDOCRINOLOGY, DIABETES & METABOLISM"
                                    },
                                    {
                                        "code": "207R00000X",
                                        "display": "INTERNAL MEDICINE",
                                        "text": "NOT APPLICABLE"
                                    }
                                ]
                            ]
                        }
                    ],
                    "telecom": [
                        {
                            "system": "fax",
                            "value": "2065425353",
                            "use": "work"
                        },
                        {
                            "system": "phone",
                            "value": "2065421000",
                            "use": "work"
                        },
                        {
                            "system": "alternate phone",
                            "value": "2065421000",
                            "use": "work"
                        }
                    ],
                    "communication": [
                        {
                            "coding": [
                                {
                                    "code": "ENG",
                                    "display": "English"
                                },
                                {
                                    "code": "KOR",
                                    "display": "Korean"
                                }
                            ],
                            "text": "Language"
                        }
                    ],
                    "availableTime": [
                        {
                            "daysOfWeek": [
                                "MONDAY",
                                "TUESDAY",
                                "WEDNESDAY",
                                "THURSDAY",
                                "FRIDAY"
                            ],
                            "availableStartTime": "09:09:00",
                            "availableEndTime": "17:00:00"
                        }
                    ]
                }
            },
            {
                "resources": {
                    "resourceType": "Practitioner Role",
                    "active": true,
                    "practitioner": {
                        "type": "Practitioner",
                        "identifier": {
                            "system": "http://hl7.org/fhir/sid/us-npi",
                            "value": "1720044647"
                        }
                    },
                    "organization": {
                        "type": "Organization",
                        "identifier": {
                            "system": "http://hl7.org/fhir/sid/us-npi",
                            "value": "1720044647"
                        },
                        "display": "SEATTLE ENDOCRINOLOGY INC"
                    },
                    "speciality": [
                        {
                            "coding": [
                                [
                                    {
                                        "code": "207RE0101X",
                                        "display": "INTERNAL MEDICINE",
                                        "text": "ENDOCRINOLOGY, DIABETES & METABOLISM"
                                    },
                                    {
                                        "code": "207R00000X",
                                        "display": "INTERNAL MEDICINE",
                                        "text": "NOT APPLICABLE"
                                    }
                                ]
                            ]
                        }
                    ],
                    "availableTime": [
                        {
                            "daysOfWeek": [
                                "MONDAY",
                                "TUESDAY",
                                "WEDNESDAY",
                                "THURSDAY",
                                "FRIDAY"
                            ],
                            "availableStartTime": "09:09:00",
                            "availableEndTime": "17:00:00"
                        }
                    ],
                    "telecom": [],
                    "period": {
                        "startDate": "2018-10-01"
                    },
                    "location": [
                        {
                            "reference": "e-S-6003801"
                        }
                    ],
                    "healthService": [
                        {
                            "reference": "HealthcareService/0"
                        }
                    ]
                },
                "request": {
                    "method": "POST",
                    "url": "PractitionerRole"
                }
            },
            {
                "resources": {
                    "resourceType": "Practitioner Role",
                    "active": true,
                    "practitioner": {
                        "type": "Practitioner",
                        "identifier": {
                            "system": "http://hl7.org/fhir/sid/us-npi",
                            "value": "1720044647"
                        }
                    },
                    "organization": {
                        "type": "Organization",
                        "identifier": {
                            "system": "http://hl7.org/fhir/sid/us-npi",
                            "value": "1720044647"
                        },
                        "display": "SEATTLE ENDOCRINOLOGY INC"
                    },
                    "speciality": [
                        {
                            "coding": [
                                [
                                    {
                                        "code": "207RE0101X",
                                        "display": "INTERNAL MEDICINE",
                                        "text": "ENDOCRINOLOGY, DIABETES & METABOLISM"
                                    },
                                    {
                                        "code": "207R00000X",
                                        "display": "INTERNAL MEDICINE",
                                        "text": "NOT APPLICABLE"
                                    }
                                ]
                            ]
                        }
                    ],
                    "availableTime": [
                        {
                            "daysOfWeek": [
                                "MONDAY",
                                "TUESDAY",
                                "WEDNESDAY",
                                "THURSDAY",
                                "FRIDAY"
                            ],
                            "availableStartTime": "09:09:00",
                            "availableEndTime": "17:00:00"
                        }
                    ],
                    "telecom": [
                        {
                            "system": "fax",
                            "value": "2065425353",
                            "use": "work"
                        }
                    ],
                    "period": {
                        "startDate": "2018-10-01"
                    },
                    "location": [
                        {
                            "reference": "e-B-6003801"
                        }
                    ],
                    "healthService": [
                        {
                            "reference": "HealthcareService/1"
                        }
                    ]
                },
                "request": {
                    "method": "POST",
                    "url": "PractitionerRole"
                }
            },
            {
                "resources": {
                    "resourceType": "Location",
                    "meta": {
                        "source": "www.Availity.com",
                        "lastUpdated": "2019-01-02T00:15:33.465Z"
                    },
                    "address": {
                        "identifier": "e-S-6003801",
                        "line": [
                            "1130 NORTH 185TH STREET",
                            "Suite 201"
                        ],
                        "city": "Shoreline",
                        "state": "WA",
                        "postalCode": "98133",
                        "use": "work"
                    },
                    "telecom": [
                        {
                            "system": "phone",
                            "value": "2065421000",
                            "use": "work"
                        }
                    ],
                    "hoursOfOperation": [
                        {
                            "daysOfWeek": [
                                "MONDAY",
                                "TUESDAY",
                                "WEDNESDAY",
                                "THURSDAY",
                                "FRIDAY"
                            ],
                            "availableStartTime": "09:09:00",
                            "availableEndTime": "17:00:00"
                        }
                    ]
                }
            },
            {
                "resources": {
                    "resourceType": "Location",
                    "meta": {
                        "source": "www.Availity.com",
                        "lastUpdated": "2019-01-02T00:15:33.465Z"
                    },
                    "address": {
                        "identifier": "e-B-6003801",
                        "line": [
                            "1130 NORTH 185TH STREET",
                            "Suite 201"
                        ],
                        "city": "Shoreline",
                        "state": "WA",
                        "postalCode": "98133",
                        "use": "work"
                    },
                    "telecom": [
                        {
                            "system": "phone",
                            "value": "2065421000",
                            "use": "work"
                        },
                        {
                            "system": "fax",
                            "value": "2065425353",
                            "use": "work"
                        }
                    ],
                    "hoursOfOperation": [
                        {
                            "daysOfWeek": [
                                "MONDAY",
                                "TUESDAY",
                                "WEDNESDAY",
                                "THURSDAY",
                                "FRIDAY"
                            ],
                            "availableStartTime": "09:09:00",
                            "availableEndTime": "17:00:00"
                        }
                    ]
                }
            }
        ]
    }
]