[
    {
        "resourceType": "Bundle",
        "type": "transaction",
        "entry": [
            {
                "resource": {
                    "resourceType": "Practitioner",
                    "meta": {
                        "source": "www.Availity.com",
                        "lastUpdated": "2019-01-01T18:46:20.505Z"
                    },
                    "identifier": [
                        {
                            "value": "263191779"
                        },
                        {
                            "value": "e-P-7039090"
                        },
                        {
                            "system": "http://hl7.org/fhir/sid/us-npi",
                            "value": "1558401059"
                        }
                    ],
                    "active": true,
                    "name": [
                        {
                            "family": "SAHASRABUDHE"
                        },
                        {
                            "given": [
                                "KEERTI",
                                "S."
                            ]
                        }
                    ],
                    "gender": [
                        "Female"
                    ],
                    "birthDate": "1972-05-15",
                    "qualification": {},
                    "communication": [
                        {
                            "coding": [
                                {
                                    "code": "ENG",
                                    "display": "English"
                                }
                            ],
                            "text": "Language"
                        }
                    ]
                },
                "request": {
                    "method": "POST",
                    "url": "Practitioner"
                }
            },
            {
                "resource": {
                    "resourceType": "Organization",
                    "identifier": [
                        {
                            "value": "263191779"
                        },
                        {
                            "value": "e-P-7039090"
                        },
                        {
                            "system": "http://hl7.org/fhir/sid/us-npi",
                            "value": "1558401059"
                        }
                    ],
                    "active": true,
                    "type": [
                        {
                            "text": "prov"
                        }
                    ],
                    "name": "ensodentistry",
                    "address": [
                        {
                            "id": "e-B-5272071",
                            "line": [
                                "15446 BEL RED ROAD",
                                "Suite 100"
                            ],
                            "city": "Redmond",
                            "state": "WA",
                            "postalCode": "98052",
                            "use": "work"
                        }
                    ],
                    "telecom": [
                        {
                            "system": "fax",
                            "value": "4255583677",
                            "use": "work"
                        },
                        {
                            "system": "phone",
                            "value": "4255583676",
                            "use": "work"
                        },
                        {
                            "system": "alternate phone",
                            "value": "4255583676",
                            "use": "work"
                        }
                    ],
                    "contact": [
                        {
                            "purpose": {
                                "text": "ADMIN"
                            },
                            "name": [
                                {
                                    "family": "SAHASRABUDHE"
                                },
                                {
                                    "given": [
                                        "KEERTI",
                                        "S."
                                    ]
                                }
                            ],
                            "telecom": [
                                {
                                    "system": "fax",
                                    "value": "4255583677",
                                    "use": "work"
                                },
                                {
                                    "system": "phone",
                                    "value": "4255583676",
                                    "use": "work"
                                },
                                {
                                    "system": "alternate phone",
                                    "value": "4255583676",
                                    "use": "work"
                                }
                            ],
                            "address": [
                                {
                                    "id": "e-B-5272071",
                                    "line": [
                                        "15446 BEL RED ROAD",
                                        "Suite 100"
                                    ],
                                    "city": "Redmond",
                                    "state": "WA",
                                    "postalCode": "98052",
                                    "use": "work"
                                }
                            ]
                        }
                    ]
                }
            },
            {
                "resource": {
                    "resourceType": "HealthcareService",
                    "identifier": [
                        {
                            "value": "263191779"
                        },
                        {
                            "system": "http://hl7.org/fhir/sid/us-npi",
                            "value": "1558401059"
                        }
                    ],
                    "active": true,
                    "providedby": "ensodentistry",
                    "speciality": [
                        {
                            "coding": [
                                [
                                    {
                                        "code": "1223G0001X",
                                        "display": "DENTIST",
                                        "text": "GENERAL PRACTICE"
                                    }
                                ]
                            ]
                        }
                    ],
                    "telecom": [
                        {
                            "system": "fax",
                            "value": "4255583677",
                            "use": "work"
                        },
                        {
                            "system": "phone",
                            "value": "4255583676",
                            "use": "work"
                        },
                        {
                            "system": "alternate phone",
                            "value": "4255583676",
                            "use": "work"
                        }
                    ],
                    "communication": [
                        {
                            "coding": [
                                {
                                    "code": "ENG",
                                    "display": "English"
                                }
                            ],
                            "text": "Language"
                        }
                    ],
                    "availableTime": [
                        {
                            "daysOfWeek": [
                                "MONDAY"
                            ],
                            "availableStartTime": "12:12:00",
                            "availableEndTime": "17:00:00"
                        },
                        {
                            "daysOfWeek": [
                                "TUESDAY",
                                "THURSDAY",
                                "FRIDAY"
                            ],
                            "availableStartTime": "07:07:00",
                            "availableEndTime": "14:45:00"
                        }
                    ]
                }
            },
            {
                "resources": {
                    "resourceType": "Practitioner Role",
                    "active": true,
                    "practitioner": {
                        "type": "Practitioner",
                        "identifier": {
                            "system": "http://hl7.org/fhir/sid/us-npi",
                            "value": "1558401059"
                        }
                    },
                    "organization": {
                        "type": "Organization",
                        "identifier": {
                            "system": "http://hl7.org/fhir/sid/us-npi",
                            "value": "1558401059"
                        },
                        "display": "ensodentistry"
                    },
                    "speciality": [
                        {
                            "coding": [
                                [
                                    {
                                        "code": "1223G0001X",
                                        "display": "DENTIST",
                                        "text": "GENERAL PRACTICE"
                                    }
                                ]
                            ]
                        }
                    ],
                    "availableTime": [
                        {
                            "daysOfWeek": [
                                "MONDAY"
                            ],
                            "availableStartTime": "12:12:00",
                            "availableEndTime": "17:00:00"
                        },
                        {
                            "daysOfWeek": [
                                "TUESDAY",
                                "THURSDAY",
                                "FRIDAY"
                            ],
                            "availableStartTime": "07:07:00",
                            "availableEndTime": "14:45:00"
                        }
                    ],
                    "telecom": [],
                    "location": [
                        {
                            "reference": "e-S-5272071"
                        }
                    ],
                    "healthService": [
                        {
                            "reference": "HealthcareService/0"
                        }
                    ]
                },
                "request": {
                    "method": "POST",
                    "url": "PractitionerRole"
                }
            },
            {
                "resources": {
                    "resourceType": "Practitioner Role",
                    "active": true,
                    "practitioner": {
                        "type": "Practitioner",
                        "identifier": {
                            "system": "http://hl7.org/fhir/sid/us-npi",
                            "value": "1558401059"
                        }
                    },
                    "organization": {
                        "type": "Organization",
                        "identifier": {
                            "system": "http://hl7.org/fhir/sid/us-npi",
                            "value": "1558401059"
                        },
                        "display": "ensodentistry"
                    },
                    "speciality": [
                        {
                            "coding": [
                                [
                                    {
                                        "code": "1223G0001X",
                                        "display": "DENTIST",
                                        "text": "GENERAL PRACTICE"
                                    }
                                ]
                            ]
                        }
                    ],
                    "availableTime": [
                        {
                            "daysOfWeek": [
                                "MONDAY"
                            ],
                            "availableStartTime": "12:12:00",
                            "availableEndTime": "17:00:00"
                        },
                        {
                            "daysOfWeek": [
                                "TUESDAY",
                                "THURSDAY",
                                "FRIDAY"
                            ],
                            "availableStartTime": "07:07:00",
                            "availableEndTime": "14:45:00"
                        }
                    ],
                    "telecom": [
                        {
                            "system": "fax",
                            "value": "4255583677",
                            "use": "work"
                        }
                    ],
                    "location": [
                        {
                            "reference": "e-B-5272071"
                        }
                    ]
                },
                "request": {
                    "method": "POST",
                    "url": "PractitionerRole"
                }
            },
            {
                "resources": {
                    "resourceType": "Location",
                    "meta": {
                        "source": "www.Availity.com",
                        "lastUpdated": "2019-01-01T18:46:20.505Z"
                    },
                    "address": {
                        "identifier": "e-S-5272071",
                        "line": [
                            "15446 BEL RED ROAD",
                            "Suite 100"
                        ],
                        "city": "Redmond",
                        "state": "WA",
                        "postalCode": "98052",
                        "use": "work"
                    },
                    "telecom": [
                        {
                            "system": "phone",
                            "value": "4255583676",
                            "use": "work"
                        }
                    ],
                    "hoursOfOperation": [
                        {
                            "daysOfWeek": [
                                "MONDAY"
                            ],
                            "availableStartTime": "12:12:00",
                            "availableEndTime": "17:00:00"
                        },
                        {
                            "daysOfWeek": [
                                "TUESDAY",
                                "THURSDAY",
                                "FRIDAY"
                            ],
                            "availableStartTime": "07:07:00",
                            "availableEndTime": "14:45:00"
                        }
                    ]
                }
            },
            {
                "resources": {
                    "resourceType": "Location",
                    "meta": {
                        "source": "www.Availity.com",
                        "lastUpdated": "2019-01-01T18:46:20.505Z"
                    },
                    "address": {
                        "identifier": "e-B-5272071",
                        "line": [
                            "15446 BEL RED ROAD",
                            "Suite 100"
                        ],
                        "city": "Redmond",
                        "state": "WA",
                        "postalCode": "98052",
                        "use": "work"
                    },
                    "telecom": [
                        {
                            "system": "phone",
                            "value": "4255583676",
                            "use": "work"
                        },
                        {
                            "system": "fax",
                            "value": "4255583677",
                            "use": "work"
                        }
                    ],
                    "hoursOfOperation": [
                        {
                            "daysOfWeek": [
                                "MONDAY"
                            ],
                            "availableStartTime": "12:12:00",
                            "availableEndTime": "17:00:00"
                        },
                        {
                            "daysOfWeek": [
                                "TUESDAY",
                                "THURSDAY",
                                "FRIDAY"
                            ],
                            "availableStartTime": "07:07:00",
                            "availableEndTime": "14:45:00"
                        }
                    ]
                }
            }
        ]
    }
]