[
    {
        "resourceType": "Bundle",
        "type": "transaction",
        "entry": [
            {
                "resource": {
                    "resourceType": "Practitioner",
                    "meta": {
                        "source": "www.Availity.com",
                        "lastUpdated": "2019-01-01T23:50:26.073Z"
                    },
                    "identifier": [
                        {
                            "value": "270981730"
                        },
                        {
                            "value": "e-P-4589339"
                        },
                        {
                            "system": "http://hl7.org/fhir/sid/us-npi",
                            "value": "1811907801"
                        }
                    ],
                    "active": true,
                    "name": [
                        {
                            "family": "SRINIVASAN"
                        },
                        {
                            "given": [
                                "PRATIBHA"
                            ]
                        }
                    ],
                    "gender": [
                        "Female"
                    ],
                    "birthDate": null,
                    "qualification": {},
                    "communication": [
                        {
                            "coding": [
                                {
                                    "code": "ENG",
                                    "display": "English"
                                },
                                {
                                    "code": "MAR",
                                    "display": ""
                                }
                            ],
                            "text": "Language"
                        }
                    ]
                },
                "request": {
                    "method": "POST",
                    "url": "Practitioner"
                }
            },
            {
                "resource": {
                    "resourceType": "Organization",
                    "identifier": [
                        {
                            "value": "270981730"
                        },
                        {
                            "value": "e-P-4589339"
                        },
                        {
                            "system": "http://hl7.org/fhir/sid/us-npi",
                            "value": "1811907801"
                        }
                    ],
                    "active": true,
                    "type": [
                        {
                            "text": "prov"
                        }
                    ],
                    "name": "SMARTEARS",
                    "address": [
                        {
                            "id": "e-S-5944602",
                            "line": [
                                "6621 WAKEFIELD DRIVE",
                                "Suite 112"
                            ],
                            "city": "Alexandria",
                            "state": "VA",
                            "postalCode": "22307",
                            "use": "work"
                        },
                        {
                            "id": "e-B-9734497",
                            "line": [
                                "1626 BELLE VIEW BLVD.",
                                "Suite 7154"
                            ],
                            "city": "Alexandria",
                            "state": "VA",
                            "postalCode": "22307",
                            "use": "work"
                        }
                    ],
                    "telecom": [
                        {
                            "system": "fax",
                            "value": "8552664993",
                            "use": "work"
                        },
                        {
                            "system": "phone",
                            "value": "8043994066",
                            "use": "work"
                        },
                        {
                            "system": "alternate phone",
                            "value": "8043994066",
                            "use": "work"
                        }
                    ],
                    "contact": [
                        {
                            "purpose": {
                                "text": "ADMIN"
                            },
                            "name": [
                                {
                                    "family": "SRINIVASAN"
                                },
                                {
                                    "given": [
                                        "PRATIBHA"
                                    ]
                                }
                            ],
                            "telecom": [
                                {
                                    "system": "fax",
                                    "value": "8552664993",
                                    "use": "work"
                                },
                                {
                                    "system": "phone",
                                    "value": "8043994066",
                                    "use": "work"
                                },
                                {
                                    "system": "alternate phone",
                                    "value": "8043994066",
                                    "use": "work"
                                }
                            ],
                            "address": [
                                {
                                    "id": "e-S-5944602",
                                    "line": [
                                        "6621 WAKEFIELD DRIVE",
                                        "Suite 112"
                                    ],
                                    "city": "Alexandria",
                                    "state": "VA",
                                    "postalCode": "22307",
                                    "use": "work"
                                },
                                {
                                    "id": "e-B-9734497",
                                    "line": [
                                        "1626 BELLE VIEW BLVD.",
                                        "Suite 7154"
                                    ],
                                    "city": "Alexandria",
                                    "state": "VA",
                                    "postalCode": "22307",
                                    "use": "work"
                                }
                            ]
                        }
                    ]
                }
            },
            {
                "resource": {
                    "resourceType": "HealthcareService",
                    "identifier": [
                        {
                            "value": "270981730"
                        },
                        {
                            "system": "http://hl7.org/fhir/sid/us-npi",
                            "value": "1811907801"
                        }
                    ],
                    "active": true,
                    "providedby": "SMARTEARS",
                    "speciality": [
                        {
                            "coding": [
                                [
                                    {
                                        "code": "231H00000X",
                                        "display": "AUDIOLOGIST",
                                        "text": "NOT APPLICABLE"
                                    }
                                ]
                            ]
                        }
                    ],
                    "telecom": [
                        {
                            "system": "fax",
                            "value": "8552664993",
                            "use": "work"
                        },
                        {
                            "system": "phone",
                            "value": "8043994066",
                            "use": "work"
                        },
                        {
                            "system": "alternate phone",
                            "value": "8043994066",
                            "use": "work"
                        }
                    ],
                    "communication": [
                        {
                            "coding": [
                                {
                                    "code": "ENG",
                                    "display": "English"
                                },
                                {
                                    "code": "MAR",
                                    "display": ""
                                }
                            ],
                            "text": "Language"
                        }
                    ],
                    "availableTime": [
                        {
                            "daysOfWeek": [
                                "MONDAY",
                                "TUESDAY",
                                "WEDNESDAY",
                                "THURSDAY",
                                "FRIDAY",
                                "SATURDAY",
                                "SUNDAY"
                            ],
                            "availableStartTime": "08:08:00",
                            "availableEndTime": "05:00:00"
                        }
                    ]
                }
            },
            {
                "resources": {
                    "resourceType": "Practitioner Role",
                    "active": true,
                    "practitioner": {
                        "type": "Practitioner",
                        "identifier": {
                            "system": "http://hl7.org/fhir/sid/us-npi",
                            "value": "1811907801"
                        }
                    },
                    "organization": {
                        "type": "Organization",
                        "identifier": {
                            "system": "http://hl7.org/fhir/sid/us-npi",
                            "value": "1811907801"
                        },
                        "display": "SMARTEARS"
                    },
                    "speciality": [
                        {
                            "coding": [
                                [
                                    {
                                        "code": "231H00000X",
                                        "display": "AUDIOLOGIST",
                                        "text": "NOT APPLICABLE"
                                    }
                                ]
                            ]
                        }
                    ],
                    "availableTime": [
                        {
                            "daysOfWeek": [
                                "MONDAY",
                                "TUESDAY",
                                "WEDNESDAY",
                                "THURSDAY",
                                "FRIDAY",
                                "SATURDAY",
                                "SUNDAY"
                            ],
                            "availableStartTime": "08:08:00",
                            "availableEndTime": "05:00:00"
                        }
                    ],
                    "telecom": [],
                    "location": [
                        {
                            "reference": "e-S-5944602"
                        }
                    ],
                    "healthService": [
                        {
                            "reference": "HealthcareService/0"
                        }
                    ]
                },
                "request": {
                    "method": "POST",
                    "url": "PractitionerRole"
                }
            },
            {
                "resources": {
                    "resourceType": "Practitioner Role",
                    "active": true,
                    "practitioner": {
                        "type": "Practitioner",
                        "identifier": {
                            "system": "http://hl7.org/fhir/sid/us-npi",
                            "value": "1811907801"
                        }
                    },
                    "organization": {
                        "type": "Organization",
                        "identifier": {
                            "system": "http://hl7.org/fhir/sid/us-npi",
                            "value": "1811907801"
                        },
                        "display": "SMARTEARS"
                    },
                    "speciality": [
                        {
                            "coding": [
                                [
                                    {
                                        "code": "231H00000X",
                                        "display": "AUDIOLOGIST",
                                        "text": "NOT APPLICABLE"
                                    }
                                ]
                            ]
                        }
                    ],
                    "availableTime": [
                        {
                            "daysOfWeek": [
                                "MONDAY",
                                "TUESDAY",
                                "WEDNESDAY",
                                "THURSDAY",
                                "FRIDAY",
                                "SATURDAY",
                                "SUNDAY"
                            ],
                            "availableStartTime": "08:08:00",
                            "availableEndTime": "05:00:00"
                        }
                    ],
                    "telecom": [
                        {
                            "system": "fax",
                            "value": "8552664993",
                            "use": "work"
                        }
                    ],
                    "location": [
                        {
                            "reference": "e-B-9734497"
                        }
                    ]
                },
                "request": {
                    "method": "POST",
                    "url": "PractitionerRole"
                }
            },
            {
                "resources": {
                    "resourceType": "Location",
                    "meta": {
                        "source": "www.Availity.com",
                        "lastUpdated": "2019-01-01T23:50:26.073Z"
                    },
                    "address": {
                        "identifier": "e-S-5944602",
                        "line": [
                            "6621 WAKEFIELD DRIVE",
                            "Suite 112"
                        ],
                        "city": "Alexandria",
                        "state": "VA",
                        "postalCode": "22307",
                        "use": "work"
                    },
                    "telecom": [
                        {
                            "system": "phone",
                            "value": "8043994066",
                            "use": "work"
                        }
                    ],
                    "hoursOfOperation": [
                        {
                            "daysOfWeek": [
                                "MONDAY",
                                "TUESDAY",
                                "WEDNESDAY",
                                "THURSDAY",
                                "FRIDAY",
                                "SATURDAY",
                                "SUNDAY"
                            ],
                            "availableStartTime": "08:08:00",
                            "availableEndTime": "05:00:00"
                        }
                    ]
                }
            },
            {
                "resources": {
                    "resourceType": "Location",
                    "meta": {
                        "source": "www.Availity.com",
                        "lastUpdated": "2019-01-01T23:50:26.073Z"
                    },
                    "address": {
                        "identifier": "e-B-9734497",
                        "line": [
                            "1626 BELLE VIEW BLVD.",
                            "Suite 7154"
                        ],
                        "city": "Alexandria",
                        "state": "VA",
                        "postalCode": "22307",
                        "use": "work"
                    },
                    "telecom": [
                        {
                            "system": "phone",
                            "value": "8043994066",
                            "use": "work"
                        },
                        {
                            "system": "fax",
                            "value": "8552664993",
                            "use": "work"
                        }
                    ],
                    "hoursOfOperation": [
                        {
                            "daysOfWeek": [
                                "MONDAY",
                                "TUESDAY",
                                "WEDNESDAY",
                                "THURSDAY",
                                "FRIDAY",
                                "SATURDAY",
                                "SUNDAY"
                            ],
                            "availableStartTime": "08:08:00",
                            "availableEndTime": "05:00:00"
                        }
                    ]
                }
            }
        ]
    }
]