[
    {
        "resourceType": "Bundle",
        "type": "transaction",
        "entry": [
            {
                "resource": {
                    "resourceType": "Practitioner",
                    "meta": {
                        "source": "www.Availity.com",
                        "lastUpdated": "2018-11-16T18:45:36.801Z"
                    },
                    "identifier": [
                        {
                            "value": "271545912"
                        },
                        {
                            "value": "e-P-9242315"
                        },
                        {
                            "system": "http://hl7.org/fhir/sid/us-npi",
                            "value": "1336174200"
                        }
                    ],
                    "active": true,
                    "name": [
                        {
                            "family": "Baisch"
                        },
                        {
                            "given": [
                                "Stacie",
                                "N"
                            ]
                        }
                    ],
                    "gender": [
                        "Female"
                    ],
                    "birthDate": null,
                    "qualification": {},
                    "communication": [
                        {
                            "coding": [
                                {
                                    "code": "ENG",
                                    "display": "English"
                                }
                            ],
                            "text": "Language"
                        }
                    ]
                },
                "request": {
                    "method": "POST",
                    "url": "Practitioner"
                }
            },
            {
                "resource": {
                    "resourceType": "Organization",
                    "identifier": [
                        {
                            "value": "271545912"
                        },
                        {
                            "value": "e-P-9242315"
                        },
                        {
                            "system": "http://hl7.org/fhir/sid/us-npi",
                            "value": "1336174200"
                        }
                    ],
                    "active": true,
                    "type": [
                        {
                            "text": "prov"
                        }
                    ],
                    "name": "Island Hearing Healthcare",
                    "address": [
                        {
                            "id": "e-S-8343804",
                            "line": [
                                "545 SPRING ST"
                            ],
                            "city": "Friday Harbor",
                            "state": "WA",
                            "postalCode": "98250",
                            "use": "work"
                        },
                        {
                            "id": "e-B-8343804",
                            "line": [
                                "370 SPRUCE STREET"
                            ],
                            "city": "Friday Harbor",
                            "state": "WA",
                            "postalCode": "98250",
                            "use": "work"
                        }
                    ],
                    "telecom": [
                        {
                            "system": "fax",
                            "value": "3603789556",
                            "use": "work"
                        },
                        {
                            "system": "phone",
                            "value": "3603782330",
                            "use": "work"
                        },
                        {
                            "system": "alternate phone",
                            "value": "3603782330",
                            "use": "work"
                        }
                    ],
                    "contact": [
                        {
                            "purpose": {
                                "text": "ADMIN"
                            },
                            "name": [
                                {
                                    "family": "Baisch"
                                },
                                {
                                    "given": [
                                        "Stacie",
                                        "N"
                                    ]
                                }
                            ],
                            "telecom": [
                                {
                                    "system": "fax",
                                    "value": "3603789556",
                                    "use": "work"
                                },
                                {
                                    "system": "phone",
                                    "value": "3603782330",
                                    "use": "work"
                                },
                                {
                                    "system": "alternate phone",
                                    "value": "3603782330",
                                    "use": "work"
                                }
                            ],
                            "address": [
                                {
                                    "id": "e-S-8343804",
                                    "line": [
                                        "545 SPRING ST"
                                    ],
                                    "city": "Friday Harbor",
                                    "state": "WA",
                                    "postalCode": "98250",
                                    "use": "work"
                                },
                                {
                                    "id": "e-B-8343804",
                                    "line": [
                                        "370 SPRUCE STREET"
                                    ],
                                    "city": "Friday Harbor",
                                    "state": "WA",
                                    "postalCode": "98250",
                                    "use": "work"
                                }
                            ]
                        }
                    ]
                }
            },
            {
                "resource": {
                    "resourceType": "HealthcareService",
                    "identifier": [
                        {
                            "value": "271545912"
                        },
                        {
                            "system": "http://hl7.org/fhir/sid/us-npi",
                            "value": "1336174200"
                        }
                    ],
                    "active": true,
                    "providedby": "Island Hearing Healthcare",
                    "speciality": [
                        {
                            "coding": [
                                [
                                    {
                                        "code": "231H00000X",
                                        "display": "AUDIOLOGIST",
                                        "text": "NOT APPLICABLE"
                                    }
                                ]
                            ]
                        }
                    ],
                    "telecom": [
                        {
                            "system": "fax",
                            "value": "3603789556",
                            "use": "work"
                        },
                        {
                            "system": "phone",
                            "value": "3603782330",
                            "use": "work"
                        },
                        {
                            "system": "alternate phone",
                            "value": "3603782330",
                            "use": "work"
                        }
                    ],
                    "communication": [
                        {
                            "coding": [
                                {
                                    "code": "ENG",
                                    "display": "English"
                                }
                            ],
                            "text": "Language"
                        }
                    ],
                    "availableTime": [
                        {
                            "daysOfWeek": [],
                            "availableStartTime": "",
                            "availableEndTime": ""
                        }
                    ]
                }
            },
            {
                "resources": {
                    "resourceType": "Practitioner Role",
                    "active": true,
                    "practitioner": {
                        "type": "Practitioner",
                        "identifier": {
                            "system": "http://hl7.org/fhir/sid/us-npi",
                            "value": "1336174200"
                        }
                    },
                    "organization": {
                        "type": "Organization",
                        "identifier": {
                            "system": "http://hl7.org/fhir/sid/us-npi",
                            "value": "1336174200"
                        },
                        "display": "Island Hearing Healthcare"
                    },
                    "speciality": [
                        {
                            "coding": [
                                [
                                    {
                                        "code": "231H00000X",
                                        "display": "AUDIOLOGIST",
                                        "text": "NOT APPLICABLE"
                                    }
                                ]
                            ]
                        }
                    ],
                    "availableTime": [
                        {
                            "daysOfWeek": [],
                            "availableStartTime": "",
                            "availableEndTime": ""
                        }
                    ],
                    "telecom": [],
                    "location": [
                        {
                            "reference": "e-S-8343804"
                        }
                    ],
                    "healthService": [
                        {
                            "reference": "HealthcareService/0"
                        }
                    ]
                },
                "request": {
                    "method": "POST",
                    "url": "PractitionerRole"
                }
            },
            {
                "resources": {
                    "resourceType": "Practitioner Role",
                    "active": true,
                    "practitioner": {
                        "type": "Practitioner",
                        "identifier": {
                            "system": "http://hl7.org/fhir/sid/us-npi",
                            "value": "1336174200"
                        }
                    },
                    "organization": {
                        "type": "Organization",
                        "identifier": {
                            "system": "http://hl7.org/fhir/sid/us-npi",
                            "value": "1336174200"
                        },
                        "display": "Island Hearing Healthcare"
                    },
                    "speciality": [
                        {
                            "coding": [
                                [
                                    {
                                        "code": "231H00000X",
                                        "display": "AUDIOLOGIST",
                                        "text": "NOT APPLICABLE"
                                    }
                                ]
                            ]
                        }
                    ],
                    "availableTime": [
                        {
                            "daysOfWeek": [],
                            "availableStartTime": "",
                            "availableEndTime": ""
                        }
                    ],
                    "telecom": [
                        {
                            "system": "fax",
                            "value": "3603789556",
                            "use": "work"
                        }
                    ],
                    "location": [
                        {
                            "reference": "e-B-8343804"
                        }
                    ]
                },
                "request": {
                    "method": "POST",
                    "url": "PractitionerRole"
                }
            },
            {
                "resources": {
                    "resourceType": "Location",
                    "meta": {
                        "source": "www.Availity.com",
                        "lastUpdated": "2018-11-16T18:45:36.801Z"
                    },
                    "address": {
                        "identifier": "e-S-8343804",
                        "line": [
                            "545 SPRING ST"
                        ],
                        "city": "Friday Harbor",
                        "state": "WA",
                        "postalCode": "98250",
                        "use": "work"
                    },
                    "telecom": [
                        {
                            "system": "phone",
                            "value": "3603782330",
                            "use": "work"
                        }
                    ],
                    "hoursOfOperation": [
                        {
                            "daysOfWeek": [],
                            "availableStartTime": "",
                            "availableEndTime": ""
                        }
                    ]
                }
            },
            {
                "resources": {
                    "resourceType": "Location",
                    "meta": {
                        "source": "www.Availity.com",
                        "lastUpdated": "2018-11-16T18:45:36.801Z"
                    },
                    "address": {
                        "identifier": "e-B-8343804",
                        "line": [
                            "370 SPRUCE STREET"
                        ],
                        "city": "Friday Harbor",
                        "state": "WA",
                        "postalCode": "98250",
                        "use": "work"
                    },
                    "telecom": [
                        {
                            "system": "phone",
                            "value": "3603782330",
                            "use": "work"
                        },
                        {
                            "system": "fax",
                            "value": "3603789556",
                            "use": "work"
                        }
                    ],
                    "hoursOfOperation": [
                        {
                            "daysOfWeek": [],
                            "availableStartTime": "",
                            "availableEndTime": ""
                        }
                    ]
                }
            }
        ]
    }
]