[
    {
        "resourceType": "Bundle",
        "type": "transaction",
        "entry": [
            {
                "resource": {
                    "resourceType": "Practitioner",
                    "meta": {
                        "source": "www.Availity.com",
                        "lastUpdated": "2019-01-02T00:13:35.363Z"
                    },
                    "identifier": [
                        {
                            "value": "331002313"
                        },
                        {
                            "value": "e-P-7821267"
                        },
                        {
                            "system": "http://hl7.org/fhir/sid/us-npi",
                            "value": "1720083652"
                        }
                    ],
                    "active": true,
                    "name": [
                        {
                            "family": "Joo"
                        },
                        {
                            "given": [
                                "John",
                                "Y"
                            ]
                        }
                    ],
                    "gender": [
                        "Male"
                    ],
                    "birthDate": "1971-08-02",
                    "qualification": {},
                    "communication": [
                        {
                            "coding": [
                                {
                                    "code": "SPA",
                                    "display": "Spanish"
                                },
                                {
                                    "code": "ENG",
                                    "display": "English"
                                },
                                {
                                    "code": "KOR",
                                    "display": "Korean"
                                }
                            ],
                            "text": "Language"
                        }
                    ]
                },
                "request": {
                    "method": "POST",
                    "url": "Practitioner"
                }
            },
            {
                "resource": {
                    "resourceType": "Organization",
                    "identifier": [
                        {
                            "value": "331002313"
                        },
                        {
                            "value": "e-P-7821267"
                        },
                        {
                            "system": "http://hl7.org/fhir/sid/us-npi",
                            "value": "1720083652"
                        }
                    ],
                    "active": true,
                    "type": [
                        {
                            "text": "prov"
                        }
                    ],
                    "name": "Rapha Clinic",
                    "address": [
                        {
                            "id": "e-S-6003801",
                            "line": [
                                "1130 N 185TH ST",
                                "Ste 201"
                            ],
                            "city": "Shoreline",
                            "state": "WA",
                            "postalCode": "98133",
                            "use": "work"
                        }
                    ],
                    "telecom": [
                        {
                            "system": "phone",
                            "value": "2065425323",
                            "use": "work"
                        },
                        {
                            "system": "alternate phone",
                            "value": "2065421000",
                            "use": "work"
                        }
                    ],
                    "contact": [
                        {
                            "purpose": {
                                "text": "ADMIN"
                            },
                            "name": [
                                {
                                    "family": "Joo"
                                },
                                {
                                    "given": [
                                        "John",
                                        "Y"
                                    ]
                                }
                            ],
                            "telecom": [
                                {
                                    "system": "phone",
                                    "value": "2065425323",
                                    "use": "work"
                                },
                                {
                                    "system": "alternate phone",
                                    "value": "2065421000",
                                    "use": "work"
                                }
                            ],
                            "address": [
                                {
                                    "id": "e-S-6003801",
                                    "line": [
                                        "1130 N 185TH ST",
                                        "Ste 201"
                                    ],
                                    "city": "Shoreline",
                                    "state": "WA",
                                    "postalCode": "98133",
                                    "use": "work"
                                }
                            ]
                        }
                    ]
                }
            },
            {
                "resource": {
                    "resourceType": "HealthcareService",
                    "identifier": [
                        {
                            "value": "331002313"
                        },
                        {
                            "system": "http://hl7.org/fhir/sid/us-npi",
                            "value": "1720083652"
                        }
                    ],
                    "active": true,
                    "providedby": "Rapha Clinic",
                    "speciality": [
                        {
                            "coding": [
                                [
                                    {
                                        "code": "213ES0103X",
                                        "display": "PODIATRIST",
                                        "text": "FOOT & ANKLE SURGERY"
                                    }
                                ]
                            ]
                        }
                    ],
                    "telecom": [
                        {
                            "system": "phone",
                            "value": "2065425323",
                            "use": "work"
                        },
                        {
                            "system": "alternate phone",
                            "value": "2065421000",
                            "use": "work"
                        }
                    ],
                    "communication": [
                        {
                            "coding": [
                                {
                                    "code": "SPA",
                                    "display": "Spanish"
                                },
                                {
                                    "code": "ENG",
                                    "display": "English"
                                },
                                {
                                    "code": "KOR",
                                    "display": "Korean"
                                }
                            ],
                            "text": "Language"
                        }
                    ],
                    "availableTime": [
                        {
                            "daysOfWeek": [],
                            "availableStartTime": "",
                            "availableEndTime": ""
                        }
                    ]
                }
            },
            {
                "resources": {
                    "resourceType": "Practitioner Role",
                    "active": true,
                    "practitioner": {
                        "type": "Practitioner",
                        "identifier": {
                            "system": "http://hl7.org/fhir/sid/us-npi",
                            "value": "1720083652"
                        }
                    },
                    "organization": {
                        "type": "Organization",
                        "identifier": {
                            "system": "http://hl7.org/fhir/sid/us-npi",
                            "value": "1720083652"
                        },
                        "display": "Rapha Clinic"
                    },
                    "speciality": [
                        {
                            "coding": [
                                [
                                    {
                                        "code": "213ES0103X",
                                        "display": "PODIATRIST",
                                        "text": "FOOT & ANKLE SURGERY"
                                    }
                                ]
                            ]
                        }
                    ],
                    "availableTime": [
                        {
                            "daysOfWeek": [],
                            "availableStartTime": "",
                            "availableEndTime": ""
                        }
                    ],
                    "telecom": [
                        {
                            "system": "phone",
                            "value": "2065425323",
                            "use": "work"
                        },
                        {
                            "system": "alternatePhone",
                            "value": "2065421000",
                            "use": "work"
                        }
                    ],
                    "location": [
                        {
                            "reference": "e-S-6003801"
                        }
                    ],
                    "healthService": [
                        {
                            "reference": "HealthcareService/0"
                        }
                    ]
                },
                "request": {
                    "method": "POST",
                    "url": "PractitionerRole"
                }
            },
            {
                "resources": {
                    "resourceType": "Location",
                    "meta": {
                        "source": "www.Availity.com",
                        "lastUpdated": "2019-01-02T00:13:35.363Z"
                    },
                    "address": {
                        "identifier": "e-S-6003801",
                        "line": [
                            "1130 N 185TH ST",
                            "Ste 201"
                        ],
                        "city": "Shoreline",
                        "state": "WA",
                        "postalCode": "98133",
                        "use": "work"
                    },
                    "telecom": [
                        {
                            "system": "phone",
                            "value": "2065425323",
                            "use": "work"
                        },
                        {
                            "system": "alternatePhone",
                            "value": "2065421000",
                            "use": "work"
                        }
                    ],
                    "hoursOfOperation": [
                        {
                            "daysOfWeek": [],
                            "availableStartTime": "",
                            "availableEndTime": ""
                        }
                    ]
                }
            }
        ]
    }
]