[
    {
        "resourceType": "Bundle",
        "type": "transaction",
        "entry": [
            {
                "resource": {
                    "resourceType": "Practitioner",
                    "meta": {
                        "source": "www.Availity.com",
                        "lastUpdated": "2018-10-21T16:33:38.982Z"
                    },
                    "identifier": [
                        {
                            "value": "331002313"
                        },
                        {
                            "value": "e-P-5656993"
                        },
                        {
                            "system": "http://hl7.org/fhir/sid/us-npi",
                            "value": "1346670999"
                        }
                    ],
                    "active": true,
                    "name": [
                        {
                            "family": "Sung"
                        },
                        {
                            "given": [
                                "Steven",
                                "S"
                            ]
                        }
                    ],
                    "gender": [
                        "Male"
                    ],
                    "birthDate": "1980-02-02",
                    "qualification": {},
                    "communication": [
                        {
                            "coding": [
                                {
                                    "code": "ENG",
                                    "display": "English"
                                },
                                {
                                    "code": "KOR",
                                    "display": "Korean"
                                }
                            ],
                            "text": "Language"
                        }
                    ]
                },
                "request": {
                    "method": "POST",
                    "url": "Practitioner"
                }
            },
            {
                "resource": {
                    "resourceType": "Organization",
                    "identifier": [
                        {
                            "value": "331002313"
                        },
                        {
                            "value": "e-P-5656993"
                        },
                        {
                            "system": "http://hl7.org/fhir/sid/us-npi",
                            "value": "1346670999"
                        }
                    ],
                    "active": true,
                    "type": [
                        {
                            "text": "prov"
                        }
                    ],
                    "name": "Rapha Clinic",
                    "address": [
                        {
                            "id": "e-S-7254953",
                            "line": [
                                "1130 NORTH 185TH STREET",
                                "Suite 200"
                            ],
                            "city": "Shoreline",
                            "state": "WA",
                            "postalCode": "98133",
                            "use": "work"
                        },
                        {
                            "id": "e-B-2553786",
                            "line": [
                                "1130 NORTH 185TH STREET",
                                "Suite 202"
                            ],
                            "city": "Shoreline",
                            "state": "WA",
                            "postalCode": "98133",
                            "use": "work"
                        }
                    ],
                    "telecom": [
                        {
                            "system": "fax",
                            "value": "2065425353",
                            "use": "work"
                        },
                        {
                            "system": "phone",
                            "value": "2065421000",
                            "use": "work"
                        },
                        {
                            "system": "alternate phone",
                            "value": "2065421000",
                            "use": "work"
                        }
                    ],
                    "contact": [
                        {
                            "purpose": {
                                "text": "ADMIN"
                            },
                            "name": [
                                {
                                    "family": "Sung"
                                },
                                {
                                    "given": [
                                        "Steven",
                                        "S"
                                    ]
                                }
                            ],
                            "telecom": [
                                {
                                    "system": "fax",
                                    "value": "2065425353",
                                    "use": "work"
                                },
                                {
                                    "system": "phone",
                                    "value": "2065421000",
                                    "use": "work"
                                },
                                {
                                    "system": "alternate phone",
                                    "value": "2065421000",
                                    "use": "work"
                                }
                            ],
                            "address": [
                                {
                                    "id": "e-S-7254953",
                                    "line": [
                                        "1130 NORTH 185TH STREET",
                                        "Suite 200"
                                    ],
                                    "city": "Shoreline",
                                    "state": "WA",
                                    "postalCode": "98133",
                                    "use": "work"
                                },
                                {
                                    "id": "e-B-2553786",
                                    "line": [
                                        "1130 NORTH 185TH STREET",
                                        "Suite 202"
                                    ],
                                    "city": "Shoreline",
                                    "state": "WA",
                                    "postalCode": "98133",
                                    "use": "work"
                                }
                            ]
                        }
                    ]
                }
            },
            {
                "resource": {
                    "resourceType": "HealthcareService",
                    "identifier": [
                        {
                            "value": "331002313"
                        },
                        {
                            "system": "http://hl7.org/fhir/sid/us-npi",
                            "value": "1346670999"
                        }
                    ],
                    "active": true,
                    "providedby": "Rapha Clinic",
                    "speciality": [
                        {
                            "coding": [
                                [
                                    {
                                        "code": "213ES0103X",
                                        "display": "PODIATRIST",
                                        "text": "FOOT & ANKLE SURGERY"
                                    }
                                ]
                            ]
                        }
                    ],
                    "telecom": [
                        {
                            "system": "fax",
                            "value": "2065425353",
                            "use": "work"
                        },
                        {
                            "system": "phone",
                            "value": "2065421000",
                            "use": "work"
                        },
                        {
                            "system": "alternate phone",
                            "value": "2065421000",
                            "use": "work"
                        }
                    ],
                    "communication": [
                        {
                            "coding": [
                                {
                                    "code": "ENG",
                                    "display": "English"
                                },
                                {
                                    "code": "KOR",
                                    "display": "Korean"
                                }
                            ],
                            "text": "Language"
                        }
                    ],
                    "availableTime": [
                        {
                            "daysOfWeek": [
                                "MONDAY",
                                "TUESDAY",
                                "WEDNESDAY",
                                "THURSDAY",
                                "FRIDAY"
                            ],
                            "availableStartTime": "09:09:00",
                            "availableEndTime": "17:00:00"
                        }
                    ]
                }
            },
            {
                "resources": {
                    "resourceType": "Practitioner Role",
                    "active": true,
                    "practitioner": {
                        "type": "Practitioner",
                        "identifier": {
                            "system": "http://hl7.org/fhir/sid/us-npi",
                            "value": "1346670999"
                        }
                    },
                    "organization": {
                        "type": "Organization",
                        "identifier": {
                            "system": "http://hl7.org/fhir/sid/us-npi",
                            "value": "1346670999"
                        },
                        "display": "Rapha Clinic"
                    },
                    "speciality": [
                        {
                            "coding": [
                                [
                                    {
                                        "code": "213ES0103X",
                                        "display": "PODIATRIST",
                                        "text": "FOOT & ANKLE SURGERY"
                                    }
                                ]
                            ]
                        }
                    ],
                    "availableTime": [
                        {
                            "daysOfWeek": [
                                "MONDAY",
                                "TUESDAY",
                                "WEDNESDAY",
                                "THURSDAY",
                                "FRIDAY"
                            ],
                            "availableStartTime": "09:09:00",
                            "availableEndTime": "17:00:00"
                        }
                    ],
                    "telecom": [],
                    "period": {
                        "startDate": "2018-10-01"
                    },
                    "location": [
                        {
                            "reference": "e-S-7254953"
                        }
                    ],
                    "healthService": [
                        {
                            "reference": "HealthcareService/0"
                        }
                    ]
                },
                "request": {
                    "method": "POST",
                    "url": "PractitionerRole"
                }
            },
            {
                "resources": {
                    "resourceType": "Practitioner Role",
                    "active": true,
                    "practitioner": {
                        "type": "Practitioner",
                        "identifier": {
                            "system": "http://hl7.org/fhir/sid/us-npi",
                            "value": "1346670999"
                        }
                    },
                    "organization": {
                        "type": "Organization",
                        "identifier": {
                            "system": "http://hl7.org/fhir/sid/us-npi",
                            "value": "1346670999"
                        },
                        "display": "Rapha Clinic"
                    },
                    "speciality": [
                        {
                            "coding": [
                                [
                                    {
                                        "code": "213ES0103X",
                                        "display": "PODIATRIST",
                                        "text": "FOOT & ANKLE SURGERY"
                                    }
                                ]
                            ]
                        }
                    ],
                    "availableTime": [
                        {
                            "daysOfWeek": [
                                "MONDAY",
                                "TUESDAY",
                                "WEDNESDAY",
                                "THURSDAY",
                                "FRIDAY"
                            ],
                            "availableStartTime": "09:09:00",
                            "availableEndTime": "17:00:00"
                        }
                    ],
                    "telecom": [
                        {
                            "system": "fax",
                            "value": "2065425353",
                            "use": "work"
                        }
                    ],
                    "period": {
                        "startDate": "2018-10-01"
                    },
                    "location": [
                        {
                            "reference": "e-B-2553786"
                        }
                    ]
                },
                "request": {
                    "method": "POST",
                    "url": "PractitionerRole"
                }
            },
            {
                "resources": {
                    "resourceType": "Location",
                    "meta": {
                        "source": "www.Availity.com",
                        "lastUpdated": "2018-10-21T16:33:38.982Z"
                    },
                    "address": {
                        "identifier": "e-S-7254953",
                        "line": [
                            "1130 NORTH 185TH STREET",
                            "Suite 200"
                        ],
                        "city": "Shoreline",
                        "state": "WA",
                        "postalCode": "98133",
                        "use": "work"
                    },
                    "telecom": [
                        {
                            "system": "phone",
                            "value": "2065421000",
                            "use": "work"
                        }
                    ],
                    "hoursOfOperation": [
                        {
                            "daysOfWeek": [
                                "MONDAY",
                                "TUESDAY",
                                "WEDNESDAY",
                                "THURSDAY",
                                "FRIDAY"
                            ],
                            "availableStartTime": "09:09:00",
                            "availableEndTime": "17:00:00"
                        }
                    ]
                }
            },
            {
                "resources": {
                    "resourceType": "Location",
                    "meta": {
                        "source": "www.Availity.com",
                        "lastUpdated": "2018-10-21T16:33:38.982Z"
                    },
                    "address": {
                        "identifier": "e-B-2553786",
                        "line": [
                            "1130 NORTH 185TH STREET",
                            "Suite 202"
                        ],
                        "city": "Shoreline",
                        "state": "WA",
                        "postalCode": "98133",
                        "use": "work"
                    },
                    "telecom": [
                        {
                            "system": "phone",
                            "value": "2065421000",
                            "use": "work"
                        },
                        {
                            "system": "fax",
                            "value": "2065425353",
                            "use": "work"
                        }
                    ],
                    "hoursOfOperation": [
                        {
                            "daysOfWeek": [
                                "MONDAY",
                                "TUESDAY",
                                "WEDNESDAY",
                                "THURSDAY",
                                "FRIDAY"
                            ],
                            "availableStartTime": "09:09:00",
                            "availableEndTime": "17:00:00"
                        }
                    ]
                }
            }
        ]
    }
]