[
    {
        "resourceType": "Bundle",
        "type": "transaction",
        "entry": [
            {
                "resource": {
                    "resourceType": "Practitioner",
                    "meta": {
                        "source": "www.Availity.com",
                        "lastUpdated": "2018-10-03T15:43:11.046Z"
                    },
                    "identifier": [
                        {
                            "value": "371530620"
                        },
                        {
                            "value": "e-P-7420385"
                        },
                        {
                            "system": "http://hl7.org/fhir/sid/us-npi",
                            "value": "1932259322"
                        }
                    ],
                    "active": true,
                    "name": [
                        {
                            "family": "Sheppard"
                        },
                        {
                            "given": [
                                "Lynne",
                                "Budde"
                            ]
                        }
                    ],
                    "gender": [
                        "Female"
                    ],
                    "birthDate": "1952-06-12",
                    "qualification": {},
                    "communication": [
                        {
                            "coding": [
                                {
                                    "code": "ENG",
                                    "display": "English"
                                }
                            ],
                            "text": "Language"
                        }
                    ]
                },
                "request": {
                    "method": "POST",
                    "url": "Practitioner"
                }
            },
            {
                "resource": {
                    "resourceType": "Organization",
                    "identifier": [
                        {
                            "value": "371530620"
                        },
                        {
                            "value": "e-P-7420385"
                        },
                        {
                            "system": "http://hl7.org/fhir/sid/us-npi",
                            "value": "1932259322"
                        }
                    ],
                    "active": true,
                    "type": [
                        {
                            "text": "prov"
                        }
                    ],
                    "name": "Points And Pathways Acupunctur",
                    "address": [
                        {
                            "id": "e-B-1683267",
                            "line": [
                                "3710 168TH STREET NORTHEAST",
                                "Suite A101"
                            ],
                            "city": "Arlington",
                            "state": "WA",
                            "postalCode": "98223",
                            "use": "work"
                        },
                        {
                            "id": "e-B-3653252",
                            "line": [
                                "3710 NORTHEAST 168TH",
                                "Suite A101"
                            ],
                            "city": "Arlington",
                            "state": "WA",
                            "postalCode": "98223",
                            "use": "work"
                        }
                    ],
                    "telecom": [
                        {
                            "system": "fax",
                            "value": "3606536085",
                            "use": "work"
                        },
                        {
                            "system": "phone",
                            "value": "3606533403",
                            "use": "work"
                        },
                        {
                            "system": "alternate phone",
                            "value": "3606533403",
                            "use": "work"
                        }
                    ],
                    "contact": [
                        {
                            "purpose": {
                                "text": "ADMIN"
                            },
                            "name": [
                                {
                                    "family": "Sheppard"
                                },
                                {
                                    "given": [
                                        "Lynne",
                                        "Budde"
                                    ]
                                }
                            ],
                            "telecom": [
                                {
                                    "system": "fax",
                                    "value": "3606536085",
                                    "use": "work"
                                },
                                {
                                    "system": "phone",
                                    "value": "3606533403",
                                    "use": "work"
                                },
                                {
                                    "system": "alternate phone",
                                    "value": "3606533403",
                                    "use": "work"
                                }
                            ],
                            "address": [
                                {
                                    "id": "e-B-1683267",
                                    "line": [
                                        "3710 168TH STREET NORTHEAST",
                                        "Suite A101"
                                    ],
                                    "city": "Arlington",
                                    "state": "WA",
                                    "postalCode": "98223",
                                    "use": "work"
                                },
                                {
                                    "id": "e-B-3653252",
                                    "line": [
                                        "3710 NORTHEAST 168TH",
                                        "Suite A101"
                                    ],
                                    "city": "Arlington",
                                    "state": "WA",
                                    "postalCode": "98223",
                                    "use": "work"
                                }
                            ]
                        }
                    ]
                }
            },
            {
                "resource": {
                    "resourceType": "HealthcareService",
                    "identifier": [
                        {
                            "value": "371530620"
                        },
                        {
                            "system": "http://hl7.org/fhir/sid/us-npi",
                            "value": "1932259322"
                        }
                    ],
                    "active": true,
                    "providedby": "Points And Pathways Acupunctur",
                    "speciality": [
                        {
                            "coding": [
                                [
                                    {
                                        "code": "171100000X",
                                        "display": "ACUPUNCTURIST",
                                        "text": "NOT APPLICABLE"
                                    }
                                ]
                            ]
                        }
                    ],
                    "telecom": [
                        {
                            "system": "fax",
                            "value": "3606536085",
                            "use": "work"
                        },
                        {
                            "system": "phone",
                            "value": "3606533403",
                            "use": "work"
                        },
                        {
                            "system": "alternate phone",
                            "value": "3606533403",
                            "use": "work"
                        }
                    ],
                    "communication": [
                        {
                            "coding": [
                                {
                                    "code": "ENG",
                                    "display": "English"
                                }
                            ],
                            "text": "Language"
                        }
                    ],
                    "availableTime": [
                        {
                            "daysOfWeek": [
                                "MONDAY",
                                "TUESDAY",
                                "WEDNESDAY",
                                "THURSDAY"
                            ],
                            "availableStartTime": "08:08:00",
                            "availableEndTime": "18:00:00"
                        }
                    ]
                }
            },
            {
                "resources": {
                    "resourceType": "Practitioner Role",
                    "active": true,
                    "practitioner": {
                        "type": "Practitioner",
                        "identifier": {
                            "system": "http://hl7.org/fhir/sid/us-npi",
                            "value": "1932259322"
                        }
                    },
                    "organization": {
                        "type": "Organization",
                        "identifier": {
                            "system": "http://hl7.org/fhir/sid/us-npi",
                            "value": "1932259322"
                        },
                        "display": "Points And Pathways Acupunctur"
                    },
                    "speciality": [
                        {
                            "coding": [
                                [
                                    {
                                        "code": "171100000X",
                                        "display": "ACUPUNCTURIST",
                                        "text": "NOT APPLICABLE"
                                    }
                                ]
                            ]
                        }
                    ],
                    "availableTime": [
                        {
                            "daysOfWeek": [
                                "MONDAY",
                                "TUESDAY",
                                "WEDNESDAY",
                                "THURSDAY"
                            ],
                            "availableStartTime": "08:08:00",
                            "availableEndTime": "18:00:00"
                        }
                    ],
                    "telecom": [],
                    "period": {
                        "startDate": "2008-01-01"
                    },
                    "location": [
                        {
                            "reference": "e-S-1683267"
                        }
                    ],
                    "healthService": [
                        {
                            "reference": "HealthcareService/0"
                        }
                    ]
                },
                "request": {
                    "method": "POST",
                    "url": "PractitionerRole"
                }
            },
            {
                "resources": {
                    "resourceType": "Practitioner Role",
                    "active": true,
                    "practitioner": {
                        "type": "Practitioner",
                        "identifier": {
                            "system": "http://hl7.org/fhir/sid/us-npi",
                            "value": "1932259322"
                        }
                    },
                    "organization": {
                        "type": "Organization",
                        "identifier": {
                            "system": "http://hl7.org/fhir/sid/us-npi",
                            "value": "1932259322"
                        },
                        "display": "Points And Pathways Acupunctur"
                    },
                    "speciality": [
                        {
                            "coding": [
                                [
                                    {
                                        "code": "171100000X",
                                        "display": "ACUPUNCTURIST",
                                        "text": "NOT APPLICABLE"
                                    }
                                ]
                            ]
                        }
                    ],
                    "availableTime": [
                        {
                            "daysOfWeek": [
                                "MONDAY",
                                "TUESDAY",
                                "WEDNESDAY",
                                "THURSDAY"
                            ],
                            "availableStartTime": "08:08:00",
                            "availableEndTime": "18:00:00"
                        }
                    ],
                    "telecom": [
                        {
                            "system": "alternatePhone",
                            "value": "3606533403",
                            "use": "work"
                        }
                    ],
                    "period": {
                        "startDate": "2008-01-01"
                    },
                    "location": [
                        {
                            "reference": "e-S-3653252"
                        }
                    ]
                },
                "request": {
                    "method": "POST",
                    "url": "PractitionerRole"
                }
            },
            {
                "resources": {
                    "resourceType": "Practitioner Role",
                    "active": true,
                    "practitioner": {
                        "type": "Practitioner",
                        "identifier": {
                            "system": "http://hl7.org/fhir/sid/us-npi",
                            "value": "1932259322"
                        }
                    },
                    "organization": {
                        "type": "Organization",
                        "identifier": {
                            "system": "http://hl7.org/fhir/sid/us-npi",
                            "value": "1932259322"
                        },
                        "display": "Points And Pathways Acupunctur"
                    },
                    "speciality": [
                        {
                            "coding": [
                                [
                                    {
                                        "code": "171100000X",
                                        "display": "ACUPUNCTURIST",
                                        "text": "NOT APPLICABLE"
                                    }
                                ]
                            ]
                        }
                    ],
                    "availableTime": [
                        {
                            "daysOfWeek": [
                                "MONDAY",
                                "TUESDAY",
                                "WEDNESDAY",
                                "THURSDAY"
                            ],
                            "availableStartTime": "08:08:00",
                            "availableEndTime": "18:00:00"
                        }
                    ],
                    "telecom": [],
                    "period": {
                        "startDate": "2008-01-01"
                    },
                    "location": [
                        {
                            "reference": "e-B-1683267"
                        }
                    ]
                },
                "request": {
                    "method": "POST",
                    "url": "PractitionerRole"
                }
            },
            {
                "resources": {
                    "resourceType": "Practitioner Role",
                    "active": true,
                    "practitioner": {
                        "type": "Practitioner",
                        "identifier": {
                            "system": "http://hl7.org/fhir/sid/us-npi",
                            "value": "1932259322"
                        }
                    },
                    "organization": {
                        "type": "Organization",
                        "identifier": {
                            "system": "http://hl7.org/fhir/sid/us-npi",
                            "value": "1932259322"
                        },
                        "display": "Points And Pathways Acupunctur"
                    },
                    "speciality": [
                        {
                            "coding": [
                                [
                                    {
                                        "code": "171100000X",
                                        "display": "ACUPUNCTURIST",
                                        "text": "NOT APPLICABLE"
                                    }
                                ]
                            ]
                        }
                    ],
                    "availableTime": [
                        {
                            "daysOfWeek": [
                                "MONDAY",
                                "TUESDAY",
                                "WEDNESDAY",
                                "THURSDAY"
                            ],
                            "availableStartTime": "08:08:00",
                            "availableEndTime": "18:00:00"
                        }
                    ],
                    "telecom": [
                        {
                            "system": "fax",
                            "value": "3606536085",
                            "use": "work"
                        }
                    ],
                    "period": {
                        "startDate": "2008-01-01"
                    },
                    "location": [
                        {
                            "reference": "e-B-3653252"
                        }
                    ]
                },
                "request": {
                    "method": "POST",
                    "url": "PractitionerRole"
                }
            },
            {
                "resources": {
                    "resourceType": "Location",
                    "meta": {
                        "source": "www.Availity.com",
                        "lastUpdated": "2018-10-03T15:43:11.046Z"
                    },
                    "address": {
                        "identifier": "e-S-1683267",
                        "line": [
                            "3710 168TH STREET NORTHEAST",
                            "Suite A101"
                        ],
                        "city": "Arlington",
                        "state": "WA",
                        "postalCode": "98223",
                        "use": "work"
                    },
                    "telecom": [
                        {
                            "system": "phone",
                            "value": "3606533403",
                            "use": "work"
                        }
                    ],
                    "hoursOfOperation": [
                        {
                            "daysOfWeek": [
                                "MONDAY",
                                "TUESDAY",
                                "WEDNESDAY",
                                "THURSDAY"
                            ],
                            "availableStartTime": "08:08:00",
                            "availableEndTime": "18:00:00"
                        }
                    ]
                }
            },
            {
                "resources": {
                    "resourceType": "Location",
                    "meta": {
                        "source": "www.Availity.com",
                        "lastUpdated": "2018-10-03T15:43:11.046Z"
                    },
                    "address": {
                        "identifier": "e-S-3653252",
                        "line": [
                            "3710 NORTHEAST 168TH",
                            "Suite A101"
                        ],
                        "city": "Arlington",
                        "state": "WA",
                        "postalCode": "98223",
                        "use": "work"
                    },
                    "telecom": [
                        {
                            "system": "alternatePhone",
                            "value": "3606533403",
                            "use": "work"
                        }
                    ],
                    "hoursOfOperation": [
                        {
                            "daysOfWeek": [
                                "MONDAY",
                                "TUESDAY",
                                "WEDNESDAY",
                                "THURSDAY"
                            ],
                            "availableStartTime": "08:08:00",
                            "availableEndTime": "18:00:00"
                        }
                    ]
                }
            },
            {
                "resources": {
                    "resourceType": "Location",
                    "meta": {
                        "source": "www.Availity.com",
                        "lastUpdated": "2018-10-03T15:43:11.046Z"
                    },
                    "address": {
                        "identifier": "e-B-1683267",
                        "line": [
                            "3710 168TH STREET NORTHEAST",
                            "Suite A101"
                        ],
                        "city": "Arlington",
                        "state": "WA",
                        "postalCode": "98223",
                        "use": "work"
                    },
                    "telecom": [
                        {
                            "system": "phone",
                            "value": "3606533403",
                            "use": "work"
                        }
                    ],
                    "hoursOfOperation": [
                        {
                            "daysOfWeek": [
                                "MONDAY",
                                "TUESDAY",
                                "WEDNESDAY",
                                "THURSDAY"
                            ],
                            "availableStartTime": "08:08:00",
                            "availableEndTime": "18:00:00"
                        }
                    ]
                }
            },
            {
                "resources": {
                    "resourceType": "Location",
                    "meta": {
                        "source": "www.Availity.com",
                        "lastUpdated": "2018-10-03T15:43:11.046Z"
                    },
                    "address": {
                        "identifier": "e-B-3653252",
                        "line": [
                            "3710 NORTHEAST 168TH",
                            "Suite A101"
                        ],
                        "city": "Arlington",
                        "state": "WA",
                        "postalCode": "98223",
                        "use": "work"
                    },
                    "telecom": [
                        {
                            "system": "phone",
                            "value": "3606533403",
                            "use": "work"
                        },
                        {
                            "system": "fax",
                            "value": "3606536085",
                            "use": "work"
                        }
                    ],
                    "hoursOfOperation": [
                        {
                            "daysOfWeek": [
                                "MONDAY",
                                "TUESDAY",
                                "WEDNESDAY",
                                "THURSDAY"
                            ],
                            "availableStartTime": "08:08:00",
                            "availableEndTime": "18:00:00"
                        }
                    ]
                }
            }
        ]
    }
]