[
    {
        "resourceType": "Bundle",
        "type": "transaction",
        "entry": [
            {
                "resource": {
                    "resourceType": "Practitioner",
                    "meta": {
                        "source": "www.Availity.com",
                        "lastUpdated": "2018-10-10T16:52:28.686Z"
                    },
                    "identifier": [
                        {
                            "value": "454999971"
                        },
                        {
                            "value": "e-P-9175643"
                        },
                        {
                            "system": "http://hl7.org/fhir/sid/us-npi",
                            "value": "1407165418"
                        }
                    ],
                    "active": true,
                    "name": [
                        {
                            "family": "Robbins"
                        },
                        {
                            "given": [
                                "Ryan",
                                "Christopher"
                            ]
                        },
                        {
                            "prefix": [
                                "Dr."
                            ]
                        }
                    ],
                    "gender": [
                        "Male"
                    ],
                    "birthDate": "1977-10-30",
                    "qualification": {},
                    "communication": [
                        {
                            "coding": [
                                {
                                    "code": "ENG",
                                    "display": "English"
                                }
                            ],
                            "text": "Language"
                        }
                    ]
                },
                "request": {
                    "method": "POST",
                    "url": "Practitioner"
                }
            },
            {
                "resource": {
                    "resourceType": "Organization",
                    "identifier": [
                        {
                            "value": "454999971"
                        },
                        {
                            "value": "e-P-9175643"
                        },
                        {
                            "system": "http://hl7.org/fhir/sid/us-npi",
                            "value": "1407165418"
                        }
                    ],
                    "active": true,
                    "type": [
                        {
                            "text": "prov"
                        }
                    ],
                    "name": "Ryan C. Robbins, ND",
                    "address": [
                        {
                            "id": "e-S-4455656",
                            "line": [
                                "2025 112TH AVENUE NORTHEAST",
                                "Suite 300, Building 2"
                            ],
                            "city": "Bellevue",
                            "state": "WA",
                            "postalCode": "98004",
                            "use": "work"
                        },
                        {
                            "id": "e-B-4151131",
                            "line": [
                                "2025 112TH AVENUE NORTHEAST",
                                "Suite 300"
                            ],
                            "city": "Bellevue",
                            "state": "WA",
                            "postalCode": "98004",
                            "use": "work"
                        }
                    ],
                    "telecom": [
                        {
                            "system": "phone",
                            "value": "4258818929",
                            "use": "work"
                        },
                        {
                            "system": "phone",
                            "value": "2065470707",
                            "use": "work"
                        },
                        {
                            "system": "alternate phone",
                            "value": "4258818929",
                            "use": "work"
                        }
                    ],
                    "contact": [
                        {
                            "purpose": {
                                "text": "ADMIN"
                            },
                            "name": [
                                {
                                    "family": "Robbins"
                                },
                                {
                                    "given": [
                                        "Ryan",
                                        "Christopher"
                                    ]
                                },
                                {
                                    "prefix": [
                                        "Dr."
                                    ]
                                }
                            ],
                            "telecom": [
                                {
                                    "system": "phone",
                                    "value": "4258818929",
                                    "use": "work"
                                },
                                {
                                    "system": "phone",
                                    "value": "2065470707",
                                    "use": "work"
                                },
                                {
                                    "system": "alternate phone",
                                    "value": "4258818929",
                                    "use": "work"
                                }
                            ],
                            "address": [
                                {
                                    "id": "e-S-4455656",
                                    "line": [
                                        "2025 112TH AVENUE NORTHEAST",
                                        "Suite 300, Building 2"
                                    ],
                                    "city": "Bellevue",
                                    "state": "WA",
                                    "postalCode": "98004",
                                    "use": "work"
                                },
                                {
                                    "id": "e-B-4151131",
                                    "line": [
                                        "2025 112TH AVENUE NORTHEAST",
                                        "Suite 300"
                                    ],
                                    "city": "Bellevue",
                                    "state": "WA",
                                    "postalCode": "98004",
                                    "use": "work"
                                }
                            ]
                        }
                    ]
                }
            },
            {
                "resource": {
                    "resourceType": "HealthcareService",
                    "identifier": [
                        {
                            "value": "454999971"
                        },
                        {
                            "system": "http://hl7.org/fhir/sid/us-npi",
                            "value": "1407165418"
                        }
                    ],
                    "active": true,
                    "providedby": "Ryan C. Robbins, ND",
                    "speciality": [
                        {
                            "coding": [
                                [
                                    {
                                        "code": "175F00000X",
                                        "display": "NATUROPATH",
                                        "text": "NOT APPLICABLE"
                                    }
                                ]
                            ]
                        }
                    ],
                    "telecom": [
                        {
                            "system": "phone",
                            "value": "4258818929",
                            "use": "work"
                        },
                        {
                            "system": "phone",
                            "value": "2065470707",
                            "use": "work"
                        },
                        {
                            "system": "alternate phone",
                            "value": "4258818929",
                            "use": "work"
                        }
                    ],
                    "communication": [
                        {
                            "coding": [
                                {
                                    "code": "ENG",
                                    "display": "English"
                                }
                            ],
                            "text": "Language"
                        }
                    ],
                    "availableTime": [
                        {
                            "daysOfWeek": [],
                            "availableStartTime": "",
                            "availableEndTime": ""
                        }
                    ]
                }
            },
            {
                "resources": {
                    "resourceType": "Practitioner Role",
                    "active": true,
                    "practitioner": {
                        "type": "Practitioner",
                        "identifier": {
                            "system": "http://hl7.org/fhir/sid/us-npi",
                            "value": "1407165418"
                        }
                    },
                    "organization": {
                        "type": "Organization",
                        "identifier": {
                            "system": "http://hl7.org/fhir/sid/us-npi",
                            "value": "1407165418"
                        },
                        "display": "Ryan C. Robbins, ND"
                    },
                    "speciality": [
                        {
                            "coding": [
                                [
                                    {
                                        "code": "175F00000X",
                                        "display": "NATUROPATH",
                                        "text": "NOT APPLICABLE"
                                    }
                                ]
                            ]
                        }
                    ],
                    "availableTime": [
                        {
                            "daysOfWeek": [],
                            "availableStartTime": "",
                            "availableEndTime": ""
                        }
                    ],
                    "telecom": [],
                    "location": [
                        {
                            "reference": "e-S-4455656"
                        }
                    ],
                    "healthService": [
                        {
                            "reference": "HealthcareService/0"
                        }
                    ]
                },
                "request": {
                    "method": "POST",
                    "url": "PractitionerRole"
                }
            },
            {
                "resources": {
                    "resourceType": "Practitioner Role",
                    "active": true,
                    "practitioner": {
                        "type": "Practitioner",
                        "identifier": {
                            "system": "http://hl7.org/fhir/sid/us-npi",
                            "value": "1407165418"
                        }
                    },
                    "organization": {
                        "type": "Organization",
                        "identifier": {
                            "system": "http://hl7.org/fhir/sid/us-npi",
                            "value": "1407165418"
                        },
                        "display": "Ryan C. Robbins, ND"
                    },
                    "speciality": [
                        {
                            "coding": [
                                [
                                    {
                                        "code": "175F00000X",
                                        "display": "NATUROPATH",
                                        "text": "NOT APPLICABLE"
                                    }
                                ]
                            ]
                        }
                    ],
                    "availableTime": [
                        {
                            "daysOfWeek": [],
                            "availableStartTime": "",
                            "availableEndTime": ""
                        }
                    ],
                    "telecom": [
                        {
                            "system": "alternatePhone",
                            "value": "4258818929",
                            "use": "work"
                        }
                    ],
                    "location": [
                        {
                            "reference": "e-S-4151131"
                        }
                    ]
                },
                "request": {
                    "method": "POST",
                    "url": "PractitionerRole"
                }
            },
            {
                "resources": {
                    "resourceType": "Practitioner Role",
                    "active": true,
                    "practitioner": {
                        "type": "Practitioner",
                        "identifier": {
                            "system": "http://hl7.org/fhir/sid/us-npi",
                            "value": "1407165418"
                        }
                    },
                    "organization": {
                        "type": "Organization",
                        "identifier": {
                            "system": "http://hl7.org/fhir/sid/us-npi",
                            "value": "1407165418"
                        },
                        "display": "Ryan C. Robbins, ND"
                    },
                    "speciality": [
                        {
                            "coding": [
                                [
                                    {
                                        "code": "175F00000X",
                                        "display": "NATUROPATH",
                                        "text": "NOT APPLICABLE"
                                    }
                                ]
                            ]
                        }
                    ],
                    "availableTime": [
                        {
                            "daysOfWeek": [],
                            "availableStartTime": "",
                            "availableEndTime": ""
                        }
                    ],
                    "telecom": [],
                    "location": [
                        {
                            "reference": "e-B-4151131"
                        }
                    ]
                },
                "request": {
                    "method": "POST",
                    "url": "PractitionerRole"
                }
            },
            {
                "resources": {
                    "resourceType": "Location",
                    "meta": {
                        "source": "www.Availity.com",
                        "lastUpdated": "2018-10-10T16:52:28.686Z"
                    },
                    "address": {
                        "identifier": "e-S-4455656",
                        "line": [
                            "2025 112TH AVENUE NORTHEAST",
                            "Suite 300, Building 2"
                        ],
                        "city": "Bellevue",
                        "state": "WA",
                        "postalCode": "98004",
                        "use": "work"
                    },
                    "telecom": [
                        {
                            "system": "phone",
                            "value": "4258818929",
                            "use": "work"
                        }
                    ],
                    "hoursOfOperation": [
                        {
                            "daysOfWeek": [],
                            "availableStartTime": "",
                            "availableEndTime": ""
                        }
                    ]
                }
            },
            {
                "resources": {
                    "resourceType": "Location",
                    "meta": {
                        "source": "www.Availity.com",
                        "lastUpdated": "2018-10-10T16:52:28.686Z"
                    },
                    "address": {
                        "identifier": "e-S-4151131",
                        "line": [
                            "2025 112TH AVENUE NORTHEAST",
                            "Suite 300"
                        ],
                        "city": "Bellevue",
                        "state": "WA",
                        "postalCode": "98004",
                        "use": "work"
                    },
                    "telecom": [
                        {
                            "system": "alternatePhone",
                            "value": "4258818929",
                            "use": "work"
                        }
                    ],
                    "hoursOfOperation": [
                        {
                            "daysOfWeek": [],
                            "availableStartTime": "",
                            "availableEndTime": ""
                        }
                    ]
                }
            },
            {
                "resources": {
                    "resourceType": "Location",
                    "meta": {
                        "source": "www.Availity.com",
                        "lastUpdated": "2018-10-10T16:52:28.686Z"
                    },
                    "address": {
                        "identifier": "e-B-4151131",
                        "line": [
                            "2025 112TH AVENUE NORTHEAST",
                            "Suite 300"
                        ],
                        "city": "Bellevue",
                        "state": "WA",
                        "postalCode": "98004",
                        "use": "work"
                    },
                    "telecom": [
                        {
                            "system": "phone",
                            "value": "2065470707",
                            "use": "work"
                        }
                    ],
                    "hoursOfOperation": [
                        {
                            "daysOfWeek": [],
                            "availableStartTime": "",
                            "availableEndTime": ""
                        }
                    ]
                }
            }
        ]
    }
]