[
    {
        "resourceType": "Bundle",
        "type": "transaction",
        "entry": [
            {
                "resource": {
                    "resourceType": "Practitioner",
                    "meta": {
                        "source": "www.Availity.com",
                        "lastUpdated": "2019-01-01T18:26:10.626Z"
                    },
                    "identifier": [
                        {
                            "value": "460889129"
                        },
                        {
                            "value": "e-P-7816681"
                        },
                        {
                            "system": "http://hl7.org/fhir/sid/us-npi",
                            "value": "1134232515"
                        }
                    ],
                    "active": true,
                    "name": [
                        {
                            "family": "LEONE"
                        },
                        {
                            "given": [
                                "BETH",
                                "ANN"
                            ]
                        }
                    ],
                    "gender": [
                        "Female"
                    ],
                    "birthDate": "1970-02-21",
                    "qualification": {},
                    "communication": [
                        {
                            "coding": [
                                {
                                    "code": "ENG",
                                    "display": "English"
                                }
                            ],
                            "text": "Language"
                        }
                    ]
                },
                "request": {
                    "method": "POST",
                    "url": "Practitioner"
                }
            },
            {
                "resource": {
                    "resourceType": "Organization",
                    "identifier": [
                        {
                            "value": "460889129"
                        },
                        {
                            "value": "e-P-7816681"
                        },
                        {
                            "system": "http://hl7.org/fhir/sid/us-npi",
                            "value": "1134232515"
                        }
                    ],
                    "active": true,
                    "type": [
                        {
                            "text": "prov"
                        }
                    ],
                    "name": "Beth Leone, DO",
                    "address": [
                        {
                            "id": "e-S-1964492",
                            "line": [
                                "835 CRATER LAKE AVE"
                            ],
                            "city": "Medford",
                            "state": "OR",
                            "postalCode": "97504",
                            "use": "work"
                        }
                    ],
                    "telecom": [
                        {
                            "system": "phone",
                            "value": "5417737717",
                            "use": "work"
                        },
                        {
                            "system": "alternate phone",
                            "value": "5417737717",
                            "use": "work"
                        }
                    ],
                    "contact": [
                        {
                            "purpose": {
                                "text": "ADMIN"
                            },
                            "name": [
                                {
                                    "family": "LEONE"
                                },
                                {
                                    "given": [
                                        "BETH",
                                        "ANN"
                                    ]
                                }
                            ],
                            "telecom": [
                                {
                                    "system": "phone",
                                    "value": "5417737717",
                                    "use": "work"
                                },
                                {
                                    "system": "alternate phone",
                                    "value": "5417737717",
                                    "use": "work"
                                }
                            ],
                            "address": [
                                {
                                    "id": "e-S-1964492",
                                    "line": [
                                        "835 CRATER LAKE AVE"
                                    ],
                                    "city": "Medford",
                                    "state": "OR",
                                    "postalCode": "97504",
                                    "use": "work"
                                }
                            ]
                        }
                    ]
                }
            },
            {
                "resource": {
                    "resourceType": "HealthcareService",
                    "identifier": [
                        {
                            "value": "460889129"
                        },
                        {
                            "system": "http://hl7.org/fhir/sid/us-npi",
                            "value": "1134232515"
                        }
                    ],
                    "active": true,
                    "providedby": "Beth Leone, DO",
                    "speciality": [
                        {
                            "coding": [
                                [
                                    {
                                        "code": "208M00000X",
                                        "display": "HOSPITALIST",
                                        "text": "NOT APPLICABLE"
                                    },
                                    {
                                        "code": "207R00000X",
                                        "display": "INTERNAL MEDICINE",
                                        "text": "NOT APPLICABLE"
                                    },
                                    {
                                        "code": "207RI0200X",
                                        "display": "INTERNAL MEDICINE",
                                        "text": "INFECTIOUS DISEASE"
                                    }
                                ]
                            ]
                        }
                    ],
                    "telecom": [
                        {
                            "system": "phone",
                            "value": "5417737717",
                            "use": "work"
                        },
                        {
                            "system": "alternate phone",
                            "value": "5417737717",
                            "use": "work"
                        }
                    ],
                    "communication": [
                        {
                            "coding": [
                                {
                                    "code": "ENG",
                                    "display": "English"
                                }
                            ],
                            "text": "Language"
                        }
                    ],
                    "availableTime": [
                        {
                            "daysOfWeek": [],
                            "availableStartTime": "",
                            "availableEndTime": ""
                        }
                    ]
                }
            },
            {
                "resources": {
                    "resourceType": "Practitioner Role",
                    "active": true,
                    "practitioner": {
                        "type": "Practitioner",
                        "identifier": {
                            "system": "http://hl7.org/fhir/sid/us-npi",
                            "value": "1134232515"
                        }
                    },
                    "organization": {
                        "type": "Organization",
                        "identifier": {
                            "system": "http://hl7.org/fhir/sid/us-npi",
                            "value": "1134232515"
                        },
                        "display": "Beth Leone, DO"
                    },
                    "speciality": [
                        {
                            "coding": [
                                [
                                    {
                                        "code": "208M00000X",
                                        "display": "HOSPITALIST",
                                        "text": "NOT APPLICABLE"
                                    },
                                    {
                                        "code": "207R00000X",
                                        "display": "INTERNAL MEDICINE",
                                        "text": "NOT APPLICABLE"
                                    },
                                    {
                                        "code": "207RI0200X",
                                        "display": "INTERNAL MEDICINE",
                                        "text": "INFECTIOUS DISEASE"
                                    }
                                ]
                            ]
                        }
                    ],
                    "availableTime": [
                        {
                            "daysOfWeek": [],
                            "availableStartTime": "",
                            "availableEndTime": ""
                        }
                    ],
                    "telecom": [
                        {
                            "system": "phone",
                            "value": "5417737717",
                            "use": "work"
                        }
                    ],
                    "location": [
                        {
                            "reference": "e-S-1964492"
                        }
                    ],
                    "healthService": [
                        {
                            "reference": "HealthcareService/0"
                        }
                    ]
                },
                "request": {
                    "method": "POST",
                    "url": "PractitionerRole"
                }
            },
            {
                "resources": {
                    "resourceType": "Location",
                    "meta": {
                        "source": "www.Availity.com",
                        "lastUpdated": "2019-01-01T18:26:10.626Z"
                    },
                    "address": {
                        "identifier": "e-S-1964492",
                        "line": [
                            "835 CRATER LAKE AVE"
                        ],
                        "city": "Medford",
                        "state": "OR",
                        "postalCode": "97504",
                        "use": "work"
                    },
                    "telecom": [
                        {
                            "system": "phone",
                            "value": "5417737717",
                            "use": "work"
                        }
                    ],
                    "hoursOfOperation": [
                        {
                            "daysOfWeek": [],
                            "availableStartTime": "",
                            "availableEndTime": ""
                        }
                    ]
                }
            }
        ]
    }
]