[
    {
        "resourceType": "Bundle",
        "type": "transaction",
        "entry": [
            {
                "resource": {
                    "resourceType": "Practitioner",
                    "meta": {
                        "source": "www.Availity.com",
                        "lastUpdated": "2018-11-16T20:16:01.510Z"
                    },
                    "identifier": [
                        {
                            "value": "463066379"
                        },
                        {
                            "value": "e-P-4717707"
                        },
                        {
                            "system": "http://hl7.org/fhir/sid/us-npi",
                            "value": "1194279232"
                        }
                    ],
                    "active": true,
                    "name": [
                        {
                            "family": "FLECHE"
                        },
                        {
                            "given": [
                                "ALEXANDRE",
                                "O."
                            ]
                        }
                    ],
                    "gender": [
                        "Male"
                    ],
                    "birthDate": null,
                    "qualification": {},
                    "communication": [
                        {
                            "coding": [
                                {
                                    "code": "ENG",
                                    "display": "English"
                                }
                            ],
                            "text": "Language"
                        }
                    ]
                },
                "request": {
                    "method": "POST",
                    "url": "Practitioner"
                }
            },
            {
                "resource": {
                    "resourceType": "Organization",
                    "identifier": [
                        {
                            "value": "463066379"
                        },
                        {
                            "value": "e-P-4717707"
                        },
                        {
                            "system": "http://hl7.org/fhir/sid/us-npi",
                            "value": "1194279232"
                        }
                    ],
                    "active": true,
                    "type": [
                        {
                            "text": "prov"
                        }
                    ],
                    "name": "ATLANTIC COUNSELING GROUP",
                    "address": [
                        {
                            "id": "e-S-8845838",
                            "line": [
                                "46179 WESTLAKE DR",
                                "STE 340"
                            ],
                            "city": "STERLING",
                            "state": "VA",
                            "postalCode": "20165",
                            "use": "work"
                        },
                        {
                            "id": "e-S-7111187",
                            "line": [
                                "22636 GLENN DRIVE",
                                "Suite 105"
                            ],
                            "city": "Sterling",
                            "state": "VA",
                            "postalCode": "20164",
                            "use": "work"
                        },
                        {
                            "id": "e-S-6073306",
                            "line": [
                                "199 LIBERTY STREET SOUTHWEST"
                            ],
                            "city": "Leesburg",
                            "state": "VA",
                            "postalCode": "20175",
                            "use": "work"
                        },
                        {
                            "id": "AV-77144772261512763525913300001345",
                            "line": [
                                "20925 PROFESSIONAL PLZ",
                                "STE 230"
                            ],
                            "city": "ASHBURN",
                            "state": "VA",
                            "postalCode": "20147",
                            "use": "work"
                        },
                        {
                            "id": "e-B-1442695",
                            "line": [
                                "20925 PROFESSIONAL PLAZA",
                                "Suite 230"
                            ],
                            "city": "Ashburn",
                            "state": "VA",
                            "postalCode": "20147",
                            "use": "work"
                        }
                    ],
                    "telecom": [
                        {
                            "system": "fax",
                            "value": "7036217121",
                            "use": "work"
                        },
                        {
                            "system": "email",
                            "value": "gfinney@atlcgr.com",
                            "use": "work"
                        },
                        {
                            "system": "email",
                            "value": "clientcare@atlcgr.com",
                            "use": "work"
                        },
                        {
                            "system": "phone",
                            "value": "7036217121",
                            "use": "work"
                        },
                        {
                            "system": "alternate phone",
                            "value": "7036217121",
                            "use": "work"
                        }
                    ],
                    "contact": [
                        {
                            "purpose": {
                                "text": "ADMIN"
                            },
                            "name": [
                                {
                                    "family": "FLECHE"
                                },
                                {
                                    "given": [
                                        "ALEXANDRE",
                                        "O."
                                    ]
                                }
                            ],
                            "telecom": [
                                {
                                    "system": "fax",
                                    "value": "7036217121",
                                    "use": "work"
                                },
                                {
                                    "system": "email",
                                    "value": "gfinney@atlcgr.com",
                                    "use": "work"
                                },
                                {
                                    "system": "email",
                                    "value": "clientcare@atlcgr.com",
                                    "use": "work"
                                },
                                {
                                    "system": "phone",
                                    "value": "7036217121",
                                    "use": "work"
                                },
                                {
                                    "system": "alternate phone",
                                    "value": "7036217121",
                                    "use": "work"
                                }
                            ],
                            "address": [
                                {
                                    "id": "e-S-8845838",
                                    "line": [
                                        "46179 WESTLAKE DR",
                                        "STE 340"
                                    ],
                                    "city": "STERLING",
                                    "state": "VA",
                                    "postalCode": "20165",
                                    "use": "work"
                                },
                                {
                                    "id": "e-S-7111187",
                                    "line": [
                                        "22636 GLENN DRIVE",
                                        "Suite 105"
                                    ],
                                    "city": "Sterling",
                                    "state": "VA",
                                    "postalCode": "20164",
                                    "use": "work"
                                },
                                {
                                    "id": "e-S-6073306",
                                    "line": [
                                        "199 LIBERTY STREET SOUTHWEST"
                                    ],
                                    "city": "Leesburg",
                                    "state": "VA",
                                    "postalCode": "20175",
                                    "use": "work"
                                },
                                {
                                    "id": "AV-77144772261512763525913300001345",
                                    "line": [
                                        "20925 PROFESSIONAL PLZ",
                                        "STE 230"
                                    ],
                                    "city": "ASHBURN",
                                    "state": "VA",
                                    "postalCode": "20147",
                                    "use": "work"
                                },
                                {
                                    "id": "e-B-1442695",
                                    "line": [
                                        "20925 PROFESSIONAL PLAZA",
                                        "Suite 230"
                                    ],
                                    "city": "Ashburn",
                                    "state": "VA",
                                    "postalCode": "20147",
                                    "use": "work"
                                }
                            ]
                        }
                    ]
                }
            },
            {
                "resource": {
                    "resourceType": "HealthcareService",
                    "identifier": [
                        {
                            "value": "463066379"
                        },
                        {
                            "system": "http://hl7.org/fhir/sid/us-npi",
                            "value": "1194279232"
                        }
                    ],
                    "active": true,
                    "providedby": "ATLANTIC COUNSELING GROUP",
                    "speciality": [
                        {
                            "coding": [
                                [
                                    {
                                        "code": "1041C0700X",
                                        "display": "SOCIAL WORKER",
                                        "text": "CLINICAL"
                                    },
                                    {
                                        "code": "103TP2701X",
                                        "display": "PSYCHOLOGIST",
                                        "text": "GROUP PSYCHOTHERAPY"
                                    },
                                    {
                                        "code": "106H00000X",
                                        "display": "MARRIAGE & FAMILY THERAPIST",
                                        "text": "NOT APPLICABLE"
                                    },
                                    {
                                        "code": "103TB0200X",
                                        "display": "PSYCHOLOGIST",
                                        "text": "COGNITIVE & BEHAVIORAL"
                                    },
                                    {
                                        "code": "101Y00000X",
                                        "display": "COUNSELOR",
                                        "text": "NOT APPLICABLE"
                                    },
                                    {
                                        "code": "261QA0005X",
                                        "display": "CLINIC/CENTER",
                                        "text": "AMBULATORY FAMILY PLANNING FACILITY"
                                    }
                                ]
                            ]
                        }
                    ],
                    "telecom": [
                        {
                            "system": "fax",
                            "value": "7036217121",
                            "use": "work"
                        },
                        {
                            "system": "email",
                            "value": "gfinney@atlcgr.com",
                            "use": "work"
                        },
                        {
                            "system": "email",
                            "value": "clientcare@atlcgr.com",
                            "use": "work"
                        },
                        {
                            "system": "phone",
                            "value": "7036217121",
                            "use": "work"
                        },
                        {
                            "system": "alternate phone",
                            "value": "7036217121",
                            "use": "work"
                        }
                    ],
                    "communication": [
                        {
                            "coding": [
                                {
                                    "code": "ENG",
                                    "display": "English"
                                }
                            ],
                            "text": "Language"
                        }
                    ],
                    "availableTime": [
                        {
                            "daysOfWeek": [],
                            "availableStartTime": "",
                            "availableEndTime": ""
                        }
                    ]
                }
            },
            {
                "resources": {
                    "resourceType": "Practitioner Role",
                    "active": true,
                    "practitioner": {
                        "type": "Practitioner",
                        "identifier": {
                            "system": "http://hl7.org/fhir/sid/us-npi",
                            "value": "1194279232"
                        }
                    },
                    "organization": {
                        "type": "Organization",
                        "identifier": {
                            "system": "http://hl7.org/fhir/sid/us-npi",
                            "value": "1194279232"
                        },
                        "display": "ATLANTIC COUNSELING GROUP"
                    },
                    "speciality": [
                        {
                            "coding": [
                                [
                                    {
                                        "code": "1041C0700X",
                                        "display": "SOCIAL WORKER",
                                        "text": "CLINICAL"
                                    },
                                    {
                                        "code": "103TP2701X",
                                        "display": "PSYCHOLOGIST",
                                        "text": "GROUP PSYCHOTHERAPY"
                                    },
                                    {
                                        "code": "106H00000X",
                                        "display": "MARRIAGE & FAMILY THERAPIST",
                                        "text": "NOT APPLICABLE"
                                    },
                                    {
                                        "code": "103TB0200X",
                                        "display": "PSYCHOLOGIST",
                                        "text": "COGNITIVE & BEHAVIORAL"
                                    },
                                    {
                                        "code": "101Y00000X",
                                        "display": "COUNSELOR",
                                        "text": "NOT APPLICABLE"
                                    },
                                    {
                                        "code": "261QA0005X",
                                        "display": "CLINIC/CENTER",
                                        "text": "AMBULATORY FAMILY PLANNING FACILITY"
                                    }
                                ]
                            ]
                        }
                    ],
                    "availableTime": [
                        {
                            "daysOfWeek": [],
                            "availableStartTime": "",
                            "availableEndTime": ""
                        }
                    ],
                    "telecom": [
                        {
                            "system": "email",
                            "value": "gfinney@atlcgr.com",
                            "use": "work"
                        }
                    ],
                    "period": {
                        "startDate": "2018-01-12"
                    },
                    "location": [
                        {
                            "reference": "e-S-8845838"
                        }
                    ],
                    "healthService": [
                        {
                            "reference": "HealthcareService/0"
                        }
                    ]
                },
                "request": {
                    "method": "POST",
                    "url": "PractitionerRole"
                }
            },
            {
                "resources": {
                    "resourceType": "Practitioner Role",
                    "active": true,
                    "practitioner": {
                        "type": "Practitioner",
                        "identifier": {
                            "system": "http://hl7.org/fhir/sid/us-npi",
                            "value": "1194279232"
                        }
                    },
                    "organization": {
                        "type": "Organization",
                        "identifier": {
                            "system": "http://hl7.org/fhir/sid/us-npi",
                            "value": "1194279232"
                        },
                        "display": "ATLANTIC COUNSELING GROUP"
                    },
                    "speciality": [
                        {
                            "coding": [
                                [
                                    {
                                        "code": "1041C0700X",
                                        "display": "SOCIAL WORKER",
                                        "text": "CLINICAL"
                                    },
                                    {
                                        "code": "103TP2701X",
                                        "display": "PSYCHOLOGIST",
                                        "text": "GROUP PSYCHOTHERAPY"
                                    },
                                    {
                                        "code": "106H00000X",
                                        "display": "MARRIAGE & FAMILY THERAPIST",
                                        "text": "NOT APPLICABLE"
                                    },
                                    {
                                        "code": "103TB0200X",
                                        "display": "PSYCHOLOGIST",
                                        "text": "COGNITIVE & BEHAVIORAL"
                                    },
                                    {
                                        "code": "101Y00000X",
                                        "display": "COUNSELOR",
                                        "text": "NOT APPLICABLE"
                                    },
                                    {
                                        "code": "261QA0005X",
                                        "display": "CLINIC/CENTER",
                                        "text": "AMBULATORY FAMILY PLANNING FACILITY"
                                    }
                                ]
                            ]
                        }
                    ],
                    "availableTime": [
                        {
                            "daysOfWeek": [],
                            "availableStartTime": "",
                            "availableEndTime": ""
                        }
                    ],
                    "telecom": [
                        {
                            "system": "email",
                            "value": "clientcare@atlcgr.com",
                            "use": "work"
                        }
                    ],
                    "period": {
                        "startDate": "2018-01-12"
                    },
                    "location": [
                        {
                            "reference": "e-S-7111187"
                        }
                    ],
                    "healthService": [
                        {
                            "reference": "HealthcareService/1"
                        }
                    ]
                },
                "request": {
                    "method": "POST",
                    "url": "PractitionerRole"
                }
            },
            {
                "resources": {
                    "resourceType": "Practitioner Role",
                    "active": true,
                    "practitioner": {
                        "type": "Practitioner",
                        "identifier": {
                            "system": "http://hl7.org/fhir/sid/us-npi",
                            "value": "1194279232"
                        }
                    },
                    "organization": {
                        "type": "Organization",
                        "identifier": {
                            "system": "http://hl7.org/fhir/sid/us-npi",
                            "value": "1194279232"
                        },
                        "display": "ATLANTIC COUNSELING GROUP"
                    },
                    "speciality": [
                        {
                            "coding": [
                                [
                                    {
                                        "code": "1041C0700X",
                                        "display": "SOCIAL WORKER",
                                        "text": "CLINICAL"
                                    },
                                    {
                                        "code": "103TP2701X",
                                        "display": "PSYCHOLOGIST",
                                        "text": "GROUP PSYCHOTHERAPY"
                                    },
                                    {
                                        "code": "106H00000X",
                                        "display": "MARRIAGE & FAMILY THERAPIST",
                                        "text": "NOT APPLICABLE"
                                    },
                                    {
                                        "code": "103TB0200X",
                                        "display": "PSYCHOLOGIST",
                                        "text": "COGNITIVE & BEHAVIORAL"
                                    },
                                    {
                                        "code": "101Y00000X",
                                        "display": "COUNSELOR",
                                        "text": "NOT APPLICABLE"
                                    },
                                    {
                                        "code": "261QA0005X",
                                        "display": "CLINIC/CENTER",
                                        "text": "AMBULATORY FAMILY PLANNING FACILITY"
                                    }
                                ]
                            ]
                        }
                    ],
                    "availableTime": [
                        {
                            "daysOfWeek": [],
                            "availableStartTime": "",
                            "availableEndTime": ""
                        }
                    ],
                    "telecom": [
                        {
                            "system": "email",
                            "value": "clientcare@atlcgr.com",
                            "use": "work"
                        }
                    ],
                    "period": {
                        "startDate": "2018-01-12"
                    },
                    "location": [
                        {
                            "reference": "e-S-6073306"
                        }
                    ],
                    "healthService": [
                        {
                            "reference": "HealthcareService/2"
                        }
                    ]
                },
                "request": {
                    "method": "POST",
                    "url": "PractitionerRole"
                }
            },
            {
                "resources": {
                    "resourceType": "Practitioner Role",
                    "active": true,
                    "practitioner": {
                        "type": "Practitioner",
                        "identifier": {
                            "system": "http://hl7.org/fhir/sid/us-npi",
                            "value": "1194279232"
                        }
                    },
                    "organization": {
                        "type": "Organization",
                        "identifier": {
                            "system": "http://hl7.org/fhir/sid/us-npi",
                            "value": "1194279232"
                        },
                        "display": "ATLANTIC COUNSELING GROUP"
                    },
                    "speciality": [
                        {
                            "coding": [
                                [
                                    {
                                        "code": "1041C0700X",
                                        "display": "SOCIAL WORKER",
                                        "text": "CLINICAL"
                                    },
                                    {
                                        "code": "103TP2701X",
                                        "display": "PSYCHOLOGIST",
                                        "text": "GROUP PSYCHOTHERAPY"
                                    },
                                    {
                                        "code": "106H00000X",
                                        "display": "MARRIAGE & FAMILY THERAPIST",
                                        "text": "NOT APPLICABLE"
                                    },
                                    {
                                        "code": "103TB0200X",
                                        "display": "PSYCHOLOGIST",
                                        "text": "COGNITIVE & BEHAVIORAL"
                                    },
                                    {
                                        "code": "101Y00000X",
                                        "display": "COUNSELOR",
                                        "text": "NOT APPLICABLE"
                                    },
                                    {
                                        "code": "261QA0005X",
                                        "display": "CLINIC/CENTER",
                                        "text": "AMBULATORY FAMILY PLANNING FACILITY"
                                    }
                                ]
                            ]
                        }
                    ],
                    "availableTime": [
                        {
                            "daysOfWeek": [],
                            "availableStartTime": "",
                            "availableEndTime": ""
                        }
                    ],
                    "telecom": [
                        {
                            "system": "fax",
                            "value": "7036217121",
                            "use": "work"
                        }
                    ],
                    "period": {
                        "startDate": "2018-01-12"
                    },
                    "location": [
                        {
                            "reference": "AV-77144772261512763525913300001345"
                        }
                    ],
                    "healthService": [
                        {
                            "reference": "HealthcareService/3"
                        }
                    ]
                },
                "request": {
                    "method": "POST",
                    "url": "PractitionerRole"
                }
            },
            {
                "resources": {
                    "resourceType": "Practitioner Role",
                    "active": true,
                    "practitioner": {
                        "type": "Practitioner",
                        "identifier": {
                            "system": "http://hl7.org/fhir/sid/us-npi",
                            "value": "1194279232"
                        }
                    },
                    "organization": {
                        "type": "Organization",
                        "identifier": {
                            "system": "http://hl7.org/fhir/sid/us-npi",
                            "value": "1194279232"
                        },
                        "display": "ATLANTIC COUNSELING GROUP"
                    },
                    "speciality": [
                        {
                            "coding": [
                                [
                                    {
                                        "code": "1041C0700X",
                                        "display": "SOCIAL WORKER",
                                        "text": "CLINICAL"
                                    },
                                    {
                                        "code": "103TP2701X",
                                        "display": "PSYCHOLOGIST",
                                        "text": "GROUP PSYCHOTHERAPY"
                                    },
                                    {
                                        "code": "106H00000X",
                                        "display": "MARRIAGE & FAMILY THERAPIST",
                                        "text": "NOT APPLICABLE"
                                    },
                                    {
                                        "code": "103TB0200X",
                                        "display": "PSYCHOLOGIST",
                                        "text": "COGNITIVE & BEHAVIORAL"
                                    },
                                    {
                                        "code": "101Y00000X",
                                        "display": "COUNSELOR",
                                        "text": "NOT APPLICABLE"
                                    },
                                    {
                                        "code": "261QA0005X",
                                        "display": "CLINIC/CENTER",
                                        "text": "AMBULATORY FAMILY PLANNING FACILITY"
                                    }
                                ]
                            ]
                        }
                    ],
                    "availableTime": [
                        {
                            "daysOfWeek": [],
                            "availableStartTime": "",
                            "availableEndTime": ""
                        }
                    ],
                    "telecom": [
                        {
                            "system": "fax",
                            "value": "7036217121",
                            "use": "work"
                        }
                    ],
                    "period": {
                        "startDate": "2018-01-12"
                    },
                    "location": [
                        {
                            "reference": "e-B-1442695"
                        }
                    ],
                    "healthService": [
                        {
                            "reference": "HealthcareService/4"
                        }
                    ]
                },
                "request": {
                    "method": "POST",
                    "url": "PractitionerRole"
                }
            },
            {
                "resources": {
                    "resourceType": "Location",
                    "meta": {
                        "source": "www.Availity.com",
                        "lastUpdated": "2018-11-16T20:16:01.510Z"
                    },
                    "address": {
                        "identifier": "e-S-8845838",
                        "line": [
                            "46179 WESTLAKE DR",
                            "STE 340"
                        ],
                        "city": "STERLING",
                        "state": "VA",
                        "postalCode": "20165",
                        "use": "work"
                    },
                    "telecom": [
                        {
                            "system": "phone",
                            "value": "7036217121",
                            "use": "work"
                        },
                        {
                            "system": "email",
                            "value": "gfinney@atlcgr.com",
                            "use": "work"
                        }
                    ],
                    "hoursOfOperation": [
                        {
                            "daysOfWeek": [],
                            "availableStartTime": "",
                            "availableEndTime": ""
                        }
                    ]
                }
            },
            {
                "resources": {
                    "resourceType": "Location",
                    "meta": {
                        "source": "www.Availity.com",
                        "lastUpdated": "2018-11-16T20:16:01.510Z"
                    },
                    "address": {
                        "identifier": "e-S-7111187",
                        "line": [
                            "22636 GLENN DRIVE",
                            "Suite 105"
                        ],
                        "city": "Sterling",
                        "state": "VA",
                        "postalCode": "20164",
                        "use": "work"
                    },
                    "telecom": [
                        {
                            "system": "phone",
                            "value": "7036217121",
                            "use": "work"
                        },
                        {
                            "system": "email",
                            "value": "clientcare@atlcgr.com",
                            "use": "work"
                        }
                    ],
                    "hoursOfOperation": [
                        {
                            "daysOfWeek": [],
                            "availableStartTime": "",
                            "availableEndTime": ""
                        }
                    ]
                }
            },
            {
                "resources": {
                    "resourceType": "Location",
                    "meta": {
                        "source": "www.Availity.com",
                        "lastUpdated": "2018-11-16T20:16:01.510Z"
                    },
                    "address": {
                        "identifier": "e-S-6073306",
                        "line": [
                            "199 LIBERTY STREET SOUTHWEST"
                        ],
                        "city": "Leesburg",
                        "state": "VA",
                        "postalCode": "20175",
                        "use": "work"
                    },
                    "telecom": [
                        {
                            "system": "phone",
                            "value": "7036217121",
                            "use": "work"
                        },
                        {
                            "system": "email",
                            "value": "clientcare@atlcgr.com",
                            "use": "work"
                        }
                    ],
                    "hoursOfOperation": [
                        {
                            "daysOfWeek": [],
                            "availableStartTime": "",
                            "availableEndTime": ""
                        }
                    ]
                }
            },
            {
                "resources": {
                    "resourceType": "Location",
                    "meta": {
                        "source": "www.Availity.com",
                        "lastUpdated": "2018-11-16T20:16:01.510Z"
                    },
                    "address": {
                        "identifier": "AV-77144772261512763525913300001345",
                        "line": [
                            "20925 PROFESSIONAL PLZ",
                            "STE 230"
                        ],
                        "city": "ASHBURN",
                        "state": "VA",
                        "postalCode": "20147",
                        "use": "work"
                    },
                    "telecom": [
                        {
                            "system": "phone",
                            "value": "7036217121",
                            "use": "work"
                        },
                        {
                            "system": "fax",
                            "value": "7036217121",
                            "use": "work"
                        }
                    ],
                    "hoursOfOperation": [
                        {
                            "daysOfWeek": [],
                            "availableStartTime": "",
                            "availableEndTime": ""
                        }
                    ]
                }
            },
            {
                "resources": {
                    "resourceType": "Location",
                    "meta": {
                        "source": "www.Availity.com",
                        "lastUpdated": "2018-11-16T20:16:01.510Z"
                    },
                    "address": {
                        "identifier": "e-B-1442695",
                        "line": [
                            "20925 PROFESSIONAL PLAZA",
                            "Suite 230"
                        ],
                        "city": "Ashburn",
                        "state": "VA",
                        "postalCode": "20147",
                        "use": "work"
                    },
                    "telecom": [
                        {
                            "system": "phone",
                            "value": "7036217121",
                            "use": "work"
                        },
                        {
                            "system": "fax",
                            "value": "7036217121",
                            "use": "work"
                        }
                    ],
                    "hoursOfOperation": [
                        {
                            "daysOfWeek": [],
                            "availableStartTime": "",
                            "availableEndTime": ""
                        }
                    ]
                }
            }
        ]
    }
]