[
    {
        "resourceType": "Bundle",
        "type": "transaction",
        "entry": [
            {
                "resource": {
                    "resourceType": "Practitioner",
                    "meta": {
                        "source": "www.Availity.com",
                        "lastUpdated": "2018-11-13T16:34:48.994Z"
                    },
                    "identifier": [
                        {
                            "value": "463066379"
                        },
                        {
                            "value": "e-P-7460753"
                        },
                        {
                            "system": "http://hl7.org/fhir/sid/us-npi",
                            "value": "1265491310"
                        }
                    ],
                    "active": true,
                    "name": [
                        {
                            "family": "Mogili"
                        },
                        {
                            "given": [
                                "Lakuma",
                                "R"
                            ]
                        }
                    ],
                    "gender": [
                        "Female"
                    ],
                    "birthDate": "1972-05-08",
                    "qualification": {},
                    "communication": [
                        {
                            "coding": [
                                {
                                    "code": "ENG",
                                    "display": "English"
                                }
                            ],
                            "text": "Language"
                        }
                    ]
                },
                "request": {
                    "method": "POST",
                    "url": "Practitioner"
                }
            },
            {
                "resource": {
                    "resourceType": "Organization",
                    "identifier": [
                        {
                            "value": "463066379"
                        },
                        {
                            "value": "e-P-7460753"
                        },
                        {
                            "system": "http://hl7.org/fhir/sid/us-npi",
                            "value": "1265491310"
                        }
                    ],
                    "active": true,
                    "type": [
                        {
                            "text": "prov"
                        }
                    ],
                    "name": "ATLANTIC COUNSELING GROUP",
                    "address": [
                        {
                            "id": "e-B-1442695",
                            "line": [
                                "20925 PROFESSIONAL PLAZA",
                                "Suite 230"
                            ],
                            "city": "Ashburn",
                            "state": "VA",
                            "postalCode": "20147",
                            "use": "work"
                        },
                        {
                            "id": "AV-77144772261512763525913300001345",
                            "line": [
                                "20925 PROFESSIONAL PLZ",
                                "STE 230"
                            ],
                            "city": "ASHBURN",
                            "state": "VA",
                            "postalCode": "20147",
                            "use": "work"
                        }
                    ],
                    "telecom": [
                        {
                            "system": "fax",
                            "value": "7036217121",
                            "use": "work"
                        },
                        {
                            "system": "email",
                            "value": "shoskins@atlcgr.com",
                            "use": "work"
                        },
                        {
                            "system": "phone",
                            "value": "7036217121",
                            "use": "work"
                        },
                        {
                            "system": "alternate phone",
                            "value": "7036217121",
                            "use": "work"
                        }
                    ],
                    "contact": [
                        {
                            "purpose": {
                                "text": "ADMIN"
                            },
                            "name": [
                                {
                                    "family": "Mogili"
                                },
                                {
                                    "given": [
                                        "Lakuma",
                                        "R"
                                    ]
                                }
                            ],
                            "telecom": [
                                {
                                    "system": "fax",
                                    "value": "7036217121",
                                    "use": "work"
                                },
                                {
                                    "system": "email",
                                    "value": "shoskins@atlcgr.com",
                                    "use": "work"
                                },
                                {
                                    "system": "phone",
                                    "value": "7036217121",
                                    "use": "work"
                                },
                                {
                                    "system": "alternate phone",
                                    "value": "7036217121",
                                    "use": "work"
                                }
                            ],
                            "address": [
                                {
                                    "id": "e-B-1442695",
                                    "line": [
                                        "20925 PROFESSIONAL PLAZA",
                                        "Suite 230"
                                    ],
                                    "city": "Ashburn",
                                    "state": "VA",
                                    "postalCode": "20147",
                                    "use": "work"
                                },
                                {
                                    "id": "AV-77144772261512763525913300001345",
                                    "line": [
                                        "20925 PROFESSIONAL PLZ",
                                        "STE 230"
                                    ],
                                    "city": "ASHBURN",
                                    "state": "VA",
                                    "postalCode": "20147",
                                    "use": "work"
                                }
                            ]
                        }
                    ]
                }
            },
            {
                "resource": {
                    "resourceType": "HealthcareService",
                    "identifier": [
                        {
                            "value": "463066379"
                        },
                        {
                            "system": "http://hl7.org/fhir/sid/us-npi",
                            "value": "1265491310"
                        }
                    ],
                    "active": true,
                    "providedby": "ATLANTIC COUNSELING GROUP",
                    "speciality": [
                        {
                            "coding": [
                                [
                                    {
                                        "code": "2084P0800X",
                                        "display": "PSYCHIATRY & NEUROLOGY",
                                        "text": "PSYCHIATRY"
                                    },
                                    {
                                        "code": "101Y00000X",
                                        "display": "COUNSELOR",
                                        "text": "NOT APPLICABLE"
                                    },
                                    {
                                        "code": "208U00000X",
                                        "display": "CLINICAL PHARMACOLOGY",
                                        "text": "NOT APPLICABLE"
                                    }
                                ]
                            ]
                        }
                    ],
                    "telecom": [
                        {
                            "system": "fax",
                            "value": "7036217121",
                            "use": "work"
                        },
                        {
                            "system": "email",
                            "value": "shoskins@atlcgr.com",
                            "use": "work"
                        },
                        {
                            "system": "phone",
                            "value": "7036217121",
                            "use": "work"
                        },
                        {
                            "system": "alternate phone",
                            "value": "7036217121",
                            "use": "work"
                        }
                    ],
                    "communication": [
                        {
                            "coding": [
                                {
                                    "code": "ENG",
                                    "display": "English"
                                }
                            ],
                            "text": "Language"
                        }
                    ],
                    "availableTime": [
                        {
                            "daysOfWeek": [],
                            "availableStartTime": "",
                            "availableEndTime": ""
                        }
                    ]
                }
            },
            {
                "resources": {
                    "resourceType": "Practitioner Role",
                    "active": true,
                    "practitioner": {
                        "type": "Practitioner",
                        "identifier": {
                            "system": "http://hl7.org/fhir/sid/us-npi",
                            "value": "1265491310"
                        }
                    },
                    "organization": {
                        "type": "Organization",
                        "identifier": {
                            "system": "http://hl7.org/fhir/sid/us-npi",
                            "value": "1265491310"
                        },
                        "display": "ATLANTIC COUNSELING GROUP"
                    },
                    "speciality": [
                        {
                            "coding": [
                                [
                                    {
                                        "code": "2084P0800X",
                                        "display": "PSYCHIATRY & NEUROLOGY",
                                        "text": "PSYCHIATRY"
                                    },
                                    {
                                        "code": "101Y00000X",
                                        "display": "COUNSELOR",
                                        "text": "NOT APPLICABLE"
                                    },
                                    {
                                        "code": "208U00000X",
                                        "display": "CLINICAL PHARMACOLOGY",
                                        "text": "NOT APPLICABLE"
                                    }
                                ]
                            ]
                        }
                    ],
                    "availableTime": [
                        {
                            "daysOfWeek": [],
                            "availableStartTime": "",
                            "availableEndTime": ""
                        }
                    ],
                    "telecom": [
                        {
                            "system": "email",
                            "value": "shoskins@atlcgr.com",
                            "use": "work"
                        }
                    ],
                    "period": {
                        "startDate": "2018-01-12"
                    },
                    "location": [
                        {
                            "reference": "e-S-1442695"
                        }
                    ],
                    "healthService": [
                        {
                            "reference": "HealthcareService/0"
                        }
                    ]
                },
                "request": {
                    "method": "POST",
                    "url": "PractitionerRole"
                }
            },
            {
                "resources": {
                    "resourceType": "Practitioner Role",
                    "active": true,
                    "practitioner": {
                        "type": "Practitioner",
                        "identifier": {
                            "system": "http://hl7.org/fhir/sid/us-npi",
                            "value": "1265491310"
                        }
                    },
                    "organization": {
                        "type": "Organization",
                        "identifier": {
                            "system": "http://hl7.org/fhir/sid/us-npi",
                            "value": "1265491310"
                        },
                        "display": "ATLANTIC COUNSELING GROUP"
                    },
                    "speciality": [
                        {
                            "coding": [
                                [
                                    {
                                        "code": "2084P0800X",
                                        "display": "PSYCHIATRY & NEUROLOGY",
                                        "text": "PSYCHIATRY"
                                    },
                                    {
                                        "code": "101Y00000X",
                                        "display": "COUNSELOR",
                                        "text": "NOT APPLICABLE"
                                    },
                                    {
                                        "code": "208U00000X",
                                        "display": "CLINICAL PHARMACOLOGY",
                                        "text": "NOT APPLICABLE"
                                    }
                                ]
                            ]
                        }
                    ],
                    "availableTime": [
                        {
                            "daysOfWeek": [],
                            "availableStartTime": "",
                            "availableEndTime": ""
                        }
                    ],
                    "telecom": [
                        {
                            "system": "fax",
                            "value": "7036217121",
                            "use": "work"
                        }
                    ],
                    "period": {
                        "startDate": "2018-01-12"
                    },
                    "location": [
                        {
                            "reference": "AV-77144772261512763525913300001345"
                        }
                    ],
                    "healthService": [
                        {
                            "reference": "HealthcareService/1"
                        }
                    ]
                },
                "request": {
                    "method": "POST",
                    "url": "PractitionerRole"
                }
            },
            {
                "resources": {
                    "resourceType": "Practitioner Role",
                    "active": true,
                    "practitioner": {
                        "type": "Practitioner",
                        "identifier": {
                            "system": "http://hl7.org/fhir/sid/us-npi",
                            "value": "1265491310"
                        }
                    },
                    "organization": {
                        "type": "Organization",
                        "identifier": {
                            "system": "http://hl7.org/fhir/sid/us-npi",
                            "value": "1265491310"
                        },
                        "display": "ATLANTIC COUNSELING GROUP"
                    },
                    "speciality": [
                        {
                            "coding": [
                                [
                                    {
                                        "code": "2084P0800X",
                                        "display": "PSYCHIATRY & NEUROLOGY",
                                        "text": "PSYCHIATRY"
                                    },
                                    {
                                        "code": "101Y00000X",
                                        "display": "COUNSELOR",
                                        "text": "NOT APPLICABLE"
                                    },
                                    {
                                        "code": "208U00000X",
                                        "display": "CLINICAL PHARMACOLOGY",
                                        "text": "NOT APPLICABLE"
                                    }
                                ]
                            ]
                        }
                    ],
                    "availableTime": [
                        {
                            "daysOfWeek": [],
                            "availableStartTime": "",
                            "availableEndTime": ""
                        }
                    ],
                    "telecom": [
                        {
                            "system": "fax",
                            "value": "7036217121",
                            "use": "work"
                        }
                    ],
                    "period": {
                        "startDate": "2018-01-12"
                    },
                    "location": [
                        {
                            "reference": "e-B-1442695"
                        }
                    ],
                    "healthService": [
                        {
                            "reference": "HealthcareService/2"
                        }
                    ]
                },
                "request": {
                    "method": "POST",
                    "url": "PractitionerRole"
                }
            },
            {
                "resources": {
                    "resourceType": "Location",
                    "meta": {
                        "source": "www.Availity.com",
                        "lastUpdated": "2018-11-13T16:34:48.994Z"
                    },
                    "address": {
                        "identifier": "e-S-1442695",
                        "line": [
                            "20925 PROFESSIONAL PLAZA",
                            "Suite 230"
                        ],
                        "city": "Ashburn",
                        "state": "VA",
                        "postalCode": "20147",
                        "use": "work"
                    },
                    "telecom": [
                        {
                            "system": "phone",
                            "value": "7036217121",
                            "use": "work"
                        },
                        {
                            "system": "email",
                            "value": "shoskins@atlcgr.com",
                            "use": "work"
                        }
                    ],
                    "hoursOfOperation": [
                        {
                            "daysOfWeek": [],
                            "availableStartTime": "",
                            "availableEndTime": ""
                        }
                    ]
                }
            },
            {
                "resources": {
                    "resourceType": "Location",
                    "meta": {
                        "source": "www.Availity.com",
                        "lastUpdated": "2018-11-13T16:34:48.994Z"
                    },
                    "address": {
                        "identifier": "AV-77144772261512763525913300001345",
                        "line": [
                            "20925 PROFESSIONAL PLZ",
                            "STE 230"
                        ],
                        "city": "ASHBURN",
                        "state": "VA",
                        "postalCode": "20147",
                        "use": "work"
                    },
                    "telecom": [
                        {
                            "system": "phone",
                            "value": "7036217121",
                            "use": "work"
                        },
                        {
                            "system": "fax",
                            "value": "7036217121",
                            "use": "work"
                        }
                    ],
                    "hoursOfOperation": [
                        {
                            "daysOfWeek": [],
                            "availableStartTime": "",
                            "availableEndTime": ""
                        }
                    ]
                }
            },
            {
                "resources": {
                    "resourceType": "Location",
                    "meta": {
                        "source": "www.Availity.com",
                        "lastUpdated": "2018-11-13T16:34:48.994Z"
                    },
                    "address": {
                        "identifier": "e-B-1442695",
                        "line": [
                            "20925 PROFESSIONAL PLAZA",
                            "Suite 230"
                        ],
                        "city": "Ashburn",
                        "state": "VA",
                        "postalCode": "20147",
                        "use": "work"
                    },
                    "telecom": [
                        {
                            "system": "phone",
                            "value": "7036217121",
                            "use": "work"
                        },
                        {
                            "system": "fax",
                            "value": "7036217121",
                            "use": "work"
                        }
                    ],
                    "hoursOfOperation": [
                        {
                            "daysOfWeek": [],
                            "availableStartTime": "",
                            "availableEndTime": ""
                        }
                    ]
                }
            }
        ]
    }
]