[
    {
        "resourceType": "Bundle",
        "type": "transaction",
        "entry": [
            {
                "resource": {
                    "resourceType": "Practitioner",
                    "meta": {
                        "source": "www.Availity.com",
                        "lastUpdated": "2019-01-01T16:41:08.757Z"
                    },
                    "identifier": [
                        {
                            "value": "463066379"
                        },
                        {
                            "value": "e-P-7364258"
                        },
                        {
                            "system": "http://hl7.org/fhir/sid/us-npi",
                            "value": "1104034602"
                        }
                    ],
                    "active": true,
                    "name": [
                        {
                            "family": "Hellauer"
                        },
                        {
                            "given": [
                                "Kristin",
                                "H."
                            ]
                        },
                        {
                            "prefix": [
                                "Ms."
                            ]
                        }
                    ],
                    "gender": [
                        "Female"
                    ],
                    "birthDate": "1968-10-24",
                    "qualification": {},
                    "communication": [
                        {
                            "coding": [
                                {
                                    "code": "ENG",
                                    "display": "English"
                                }
                            ],
                            "text": "Language"
                        }
                    ]
                },
                "request": {
                    "method": "POST",
                    "url": "Practitioner"
                }
            },
            {
                "resource": {
                    "resourceType": "Organization",
                    "identifier": [
                        {
                            "value": "463066379"
                        },
                        {
                            "value": "e-P-7364258"
                        },
                        {
                            "system": "http://hl7.org/fhir/sid/us-npi",
                            "value": "1104034602"
                        }
                    ],
                    "active": true,
                    "type": [
                        {
                            "text": "prov"
                        }
                    ],
                    "name": "ATLANTIC COUNSELING GROUP",
                    "address": [
                        {
                            "id": "e-S-6073306",
                            "line": [
                                "199 LIBERTY STREET SOUTHWEST"
                            ],
                            "city": "Leesburg",
                            "state": "VA",
                            "postalCode": "20175",
                            "use": "work"
                        },
                        {
                            "id": "e-B-6073306",
                            "line": [
                                "20925 PROFESSIONAL PLZ",
                                "STE 230"
                            ],
                            "city": "ASHBURN",
                            "state": "VA",
                            "postalCode": "20147",
                            "use": "work"
                        }
                    ],
                    "telecom": [
                        {
                            "system": "fax",
                            "value": "7036217121",
                            "use": "work"
                        },
                        {
                            "system": "email",
                            "value": "clientcare@atlcgr.com",
                            "use": "work"
                        },
                        {
                            "system": "phone",
                            "value": "7036217121",
                            "use": "work"
                        },
                        {
                            "system": "alternate phone",
                            "value": "7036217121",
                            "use": "work"
                        }
                    ],
                    "contact": [
                        {
                            "purpose": {
                                "text": "ADMIN"
                            },
                            "name": [
                                {
                                    "family": "Hellauer"
                                },
                                {
                                    "given": [
                                        "Kristin",
                                        "H."
                                    ]
                                },
                                {
                                    "prefix": [
                                        "Ms."
                                    ]
                                }
                            ],
                            "telecom": [
                                {
                                    "system": "fax",
                                    "value": "7036217121",
                                    "use": "work"
                                },
                                {
                                    "system": "email",
                                    "value": "clientcare@atlcgr.com",
                                    "use": "work"
                                },
                                {
                                    "system": "phone",
                                    "value": "7036217121",
                                    "use": "work"
                                },
                                {
                                    "system": "alternate phone",
                                    "value": "7036217121",
                                    "use": "work"
                                }
                            ],
                            "address": [
                                {
                                    "id": "e-S-6073306",
                                    "line": [
                                        "199 LIBERTY STREET SOUTHWEST"
                                    ],
                                    "city": "Leesburg",
                                    "state": "VA",
                                    "postalCode": "20175",
                                    "use": "work"
                                },
                                {
                                    "id": "e-B-6073306",
                                    "line": [
                                        "20925 PROFESSIONAL PLZ",
                                        "STE 230"
                                    ],
                                    "city": "ASHBURN",
                                    "state": "VA",
                                    "postalCode": "20147",
                                    "use": "work"
                                }
                            ]
                        }
                    ]
                }
            },
            {
                "resource": {
                    "resourceType": "HealthcareService",
                    "identifier": [
                        {
                            "value": "463066379"
                        },
                        {
                            "system": "http://hl7.org/fhir/sid/us-npi",
                            "value": "1104034602"
                        }
                    ],
                    "active": true,
                    "providedby": "ATLANTIC COUNSELING GROUP",
                    "speciality": [
                        {
                            "coding": [
                                [
                                    {
                                        "code": "1041C0700X",
                                        "display": "SOCIAL WORKER",
                                        "text": "CLINICAL"
                                    },
                                    {
                                        "code": "2084A0401X",
                                        "display": "PSYCHIATRY & NEUROLOGY",
                                        "text": "ADDICTION MEDICINE"
                                    },
                                    {
                                        "code": "103TB0200X",
                                        "display": "PSYCHOLOGIST",
                                        "text": "COGNITIVE & BEHAVIORAL"
                                    },
                                    {
                                        "code": "101Y00000X",
                                        "display": "COUNSELOR",
                                        "text": "NOT APPLICABLE"
                                    }
                                ]
                            ]
                        }
                    ],
                    "telecom": [
                        {
                            "system": "fax",
                            "value": "7036217121",
                            "use": "work"
                        },
                        {
                            "system": "email",
                            "value": "clientcare@atlcgr.com",
                            "use": "work"
                        },
                        {
                            "system": "phone",
                            "value": "7036217121",
                            "use": "work"
                        },
                        {
                            "system": "alternate phone",
                            "value": "7036217121",
                            "use": "work"
                        }
                    ],
                    "communication": [
                        {
                            "coding": [
                                {
                                    "code": "ENG",
                                    "display": "English"
                                }
                            ],
                            "text": "Language"
                        }
                    ],
                    "availableTime": [
                        {
                            "daysOfWeek": [
                                "MONDAY",
                                "TUESDAY",
                                "WEDNESDAY",
                                "THURSDAY",
                                "FRIDAY"
                            ],
                            "availableStartTime": "10:10:00",
                            "availableEndTime": "15:00:00"
                        }
                    ]
                }
            },
            {
                "resources": {
                    "resourceType": "Practitioner Role",
                    "active": true,
                    "practitioner": {
                        "type": "Practitioner",
                        "identifier": {
                            "system": "http://hl7.org/fhir/sid/us-npi",
                            "value": "1104034602"
                        }
                    },
                    "organization": {
                        "type": "Organization",
                        "identifier": {
                            "system": "http://hl7.org/fhir/sid/us-npi",
                            "value": "1104034602"
                        },
                        "display": "ATLANTIC COUNSELING GROUP"
                    },
                    "speciality": [
                        {
                            "coding": [
                                [
                                    {
                                        "code": "1041C0700X",
                                        "display": "SOCIAL WORKER",
                                        "text": "CLINICAL"
                                    },
                                    {
                                        "code": "2084A0401X",
                                        "display": "PSYCHIATRY & NEUROLOGY",
                                        "text": "ADDICTION MEDICINE"
                                    },
                                    {
                                        "code": "103TB0200X",
                                        "display": "PSYCHOLOGIST",
                                        "text": "COGNITIVE & BEHAVIORAL"
                                    },
                                    {
                                        "code": "101Y00000X",
                                        "display": "COUNSELOR",
                                        "text": "NOT APPLICABLE"
                                    }
                                ]
                            ]
                        }
                    ],
                    "availableTime": [
                        {
                            "daysOfWeek": [
                                "MONDAY",
                                "TUESDAY",
                                "WEDNESDAY",
                                "THURSDAY",
                                "FRIDAY"
                            ],
                            "availableStartTime": "10:10:00",
                            "availableEndTime": "15:00:00"
                        }
                    ],
                    "telecom": [
                        {
                            "system": "email",
                            "value": "clientcare@atlcgr.com",
                            "use": "work"
                        }
                    ],
                    "location": [
                        {
                            "reference": "e-S-6073306"
                        }
                    ],
                    "healthService": [
                        {
                            "reference": "HealthcareService/0"
                        }
                    ]
                },
                "request": {
                    "method": "POST",
                    "url": "PractitionerRole"
                }
            },
            {
                "resources": {
                    "resourceType": "Practitioner Role",
                    "active": true,
                    "practitioner": {
                        "type": "Practitioner",
                        "identifier": {
                            "system": "http://hl7.org/fhir/sid/us-npi",
                            "value": "1104034602"
                        }
                    },
                    "organization": {
                        "type": "Organization",
                        "identifier": {
                            "system": "http://hl7.org/fhir/sid/us-npi",
                            "value": "1104034602"
                        },
                        "display": "ATLANTIC COUNSELING GROUP"
                    },
                    "speciality": [
                        {
                            "coding": [
                                [
                                    {
                                        "code": "1041C0700X",
                                        "display": "SOCIAL WORKER",
                                        "text": "CLINICAL"
                                    },
                                    {
                                        "code": "2084A0401X",
                                        "display": "PSYCHIATRY & NEUROLOGY",
                                        "text": "ADDICTION MEDICINE"
                                    },
                                    {
                                        "code": "103TB0200X",
                                        "display": "PSYCHOLOGIST",
                                        "text": "COGNITIVE & BEHAVIORAL"
                                    },
                                    {
                                        "code": "101Y00000X",
                                        "display": "COUNSELOR",
                                        "text": "NOT APPLICABLE"
                                    }
                                ]
                            ]
                        }
                    ],
                    "availableTime": [
                        {
                            "daysOfWeek": [
                                "MONDAY",
                                "TUESDAY",
                                "WEDNESDAY",
                                "THURSDAY",
                                "FRIDAY"
                            ],
                            "availableStartTime": "10:10:00",
                            "availableEndTime": "15:00:00"
                        }
                    ],
                    "telecom": [
                        {
                            "system": "fax",
                            "value": "7036217121",
                            "use": "work"
                        }
                    ],
                    "period": {
                        "startDate": "2018-01-12"
                    },
                    "location": [
                        {
                            "reference": "AV-77144772261512763525913300001345"
                        }
                    ],
                    "healthService": [
                        {
                            "reference": "HealthcareService/1"
                        }
                    ]
                },
                "request": {
                    "method": "POST",
                    "url": "PractitionerRole"
                }
            },
            {
                "resources": {
                    "resourceType": "Practitioner Role",
                    "active": true,
                    "practitioner": {
                        "type": "Practitioner",
                        "identifier": {
                            "system": "http://hl7.org/fhir/sid/us-npi",
                            "value": "1104034602"
                        }
                    },
                    "organization": {
                        "type": "Organization",
                        "identifier": {
                            "system": "http://hl7.org/fhir/sid/us-npi",
                            "value": "1104034602"
                        },
                        "display": "ATLANTIC COUNSELING GROUP"
                    },
                    "speciality": [
                        {
                            "coding": [
                                [
                                    {
                                        "code": "1041C0700X",
                                        "display": "SOCIAL WORKER",
                                        "text": "CLINICAL"
                                    },
                                    {
                                        "code": "2084A0401X",
                                        "display": "PSYCHIATRY & NEUROLOGY",
                                        "text": "ADDICTION MEDICINE"
                                    },
                                    {
                                        "code": "103TB0200X",
                                        "display": "PSYCHOLOGIST",
                                        "text": "COGNITIVE & BEHAVIORAL"
                                    },
                                    {
                                        "code": "101Y00000X",
                                        "display": "COUNSELOR",
                                        "text": "NOT APPLICABLE"
                                    }
                                ]
                            ]
                        }
                    ],
                    "availableTime": [
                        {
                            "daysOfWeek": [
                                "MONDAY",
                                "TUESDAY",
                                "WEDNESDAY",
                                "THURSDAY",
                                "FRIDAY"
                            ],
                            "availableStartTime": "10:10:00",
                            "availableEndTime": "15:00:00"
                        }
                    ],
                    "telecom": [
                        {
                            "system": "fax",
                            "value": "7036217121",
                            "use": "work"
                        }
                    ],
                    "period": {
                        "startDate": "2018-01-12"
                    },
                    "location": [
                        {
                            "reference": "e-B-6073306"
                        }
                    ],
                    "healthService": [
                        {
                            "reference": "HealthcareService/2"
                        }
                    ]
                },
                "request": {
                    "method": "POST",
                    "url": "PractitionerRole"
                }
            },
            {
                "resources": {
                    "resourceType": "Location",
                    "meta": {
                        "source": "www.Availity.com",
                        "lastUpdated": "2019-01-01T16:41:08.757Z"
                    },
                    "address": {
                        "identifier": "e-S-6073306",
                        "line": [
                            "199 LIBERTY STREET SOUTHWEST"
                        ],
                        "city": "Leesburg",
                        "state": "VA",
                        "postalCode": "20175",
                        "use": "work"
                    },
                    "telecom": [
                        {
                            "system": "phone",
                            "value": "7036217121",
                            "use": "work"
                        },
                        {
                            "system": "email",
                            "value": "clientcare@atlcgr.com",
                            "use": "work"
                        }
                    ],
                    "hoursOfOperation": [
                        {
                            "daysOfWeek": [
                                "MONDAY",
                                "TUESDAY",
                                "WEDNESDAY",
                                "THURSDAY",
                                "FRIDAY"
                            ],
                            "availableStartTime": "10:10:00",
                            "availableEndTime": "15:00:00"
                        }
                    ]
                }
            },
            {
                "resources": {
                    "resourceType": "Location",
                    "meta": {
                        "source": "www.Availity.com",
                        "lastUpdated": "2019-01-01T16:41:08.757Z"
                    },
                    "address": {
                        "identifier": "AV-77144772261512763525913300001345",
                        "line": [
                            "20925 PROFESSIONAL PLZ",
                            "STE 230"
                        ],
                        "city": "ASHBURN",
                        "state": "VA",
                        "postalCode": "20147",
                        "use": "work"
                    },
                    "telecom": [
                        {
                            "system": "phone",
                            "value": "7036217121",
                            "use": "work"
                        },
                        {
                            "system": "fax",
                            "value": "7036217121",
                            "use": "work"
                        }
                    ],
                    "hoursOfOperation": [
                        {
                            "daysOfWeek": [
                                "MONDAY",
                                "TUESDAY",
                                "WEDNESDAY",
                                "THURSDAY",
                                "FRIDAY"
                            ],
                            "availableStartTime": "10:10:00",
                            "availableEndTime": "15:00:00"
                        }
                    ]
                }
            },
            {
                "resources": {
                    "resourceType": "Location",
                    "meta": {
                        "source": "www.Availity.com",
                        "lastUpdated": "2019-01-01T16:41:08.757Z"
                    },
                    "address": {
                        "identifier": "e-B-6073306",
                        "line": [
                            "20925 PROFESSIONAL PLZ",
                            "STE 230"
                        ],
                        "city": "ASHBURN",
                        "state": "VA",
                        "postalCode": "20147",
                        "use": "work"
                    },
                    "telecom": [
                        {
                            "system": "phone",
                            "value": "7036217121",
                            "use": "work"
                        },
                        {
                            "system": "fax",
                            "value": "7036217121",
                            "use": "work"
                        }
                    ],
                    "hoursOfOperation": [
                        {
                            "daysOfWeek": [
                                "MONDAY",
                                "TUESDAY",
                                "WEDNESDAY",
                                "THURSDAY",
                                "FRIDAY"
                            ],
                            "availableStartTime": "10:10:00",
                            "availableEndTime": "15:00:00"
                        }
                    ]
                }
            }
        ]
    }
]