[
    {
        "resourceType": "Bundle",
        "type": "transaction",
        "entry": [
            {
                "resource": {
                    "resourceType": "Practitioner",
                    "meta": {
                        "source": "www.Availity.com",
                        "lastUpdated": "2018-12-19T21:34:12.973Z"
                    },
                    "identifier": [
                        {
                            "value": "463066379"
                        },
                        {
                            "value": "e-P-7837720"
                        },
                        {
                            "system": "http://hl7.org/fhir/sid/us-npi",
                            "value": "1275545196"
                        }
                    ],
                    "active": true,
                    "name": [
                        {
                            "family": "Murtaza"
                        },
                        {
                            "given": [
                                "Syed",
                                "J"
                            ]
                        }
                    ],
                    "gender": [
                        "Male"
                    ],
                    "birthDate": "1965-12-24",
                    "qualification": {},
                    "communication": [
                        {
                            "coding": [
                                {
                                    "code": "ENG",
                                    "display": "English"
                                }
                            ],
                            "text": "Language"
                        }
                    ]
                },
                "request": {
                    "method": "POST",
                    "url": "Practitioner"
                }
            },
            {
                "resource": {
                    "resourceType": "Organization",
                    "identifier": [
                        {
                            "value": "463066379"
                        },
                        {
                            "value": "e-P-7837720"
                        },
                        {
                            "system": "http://hl7.org/fhir/sid/us-npi",
                            "value": "1275545196"
                        }
                    ],
                    "active": true,
                    "type": [
                        {
                            "text": "prov"
                        }
                    ],
                    "name": "ATLANTIC COUNSELING GROUP",
                    "address": [
                        {
                            "id": "e-B-8894569",
                            "line": [
                                "20915 ASHBURN ROAD",
                                "Suite 235"
                            ],
                            "city": "Ashburn",
                            "state": "VA",
                            "postalCode": "20147",
                            "use": "work"
                        }
                    ],
                    "telecom": [
                        {
                            "system": "fax",
                            "value": "7036217121",
                            "use": "work"
                        },
                        {
                            "system": "fax",
                            "value": "7036650949",
                            "use": "work"
                        },
                        {
                            "system": "email",
                            "value": "shoskins@atlcgr.com",
                            "use": "work"
                        },
                        {
                            "system": "phone",
                            "value": "7036217121",
                            "use": "work"
                        },
                        {
                            "system": "alternate phone",
                            "value": "5715352487",
                            "use": "work"
                        }
                    ],
                    "contact": [
                        {
                            "purpose": {
                                "text": "ADMIN"
                            },
                            "name": [
                                {
                                    "family": "Murtaza"
                                },
                                {
                                    "given": [
                                        "Syed",
                                        "J"
                                    ]
                                }
                            ],
                            "telecom": [
                                {
                                    "system": "fax",
                                    "value": "7036217121",
                                    "use": "work"
                                },
                                {
                                    "system": "fax",
                                    "value": "7036650949",
                                    "use": "work"
                                },
                                {
                                    "system": "email",
                                    "value": "shoskins@atlcgr.com",
                                    "use": "work"
                                },
                                {
                                    "system": "phone",
                                    "value": "7036217121",
                                    "use": "work"
                                },
                                {
                                    "system": "alternate phone",
                                    "value": "5715352487",
                                    "use": "work"
                                }
                            ],
                            "address": [
                                {
                                    "id": "e-B-8894569",
                                    "line": [
                                        "20915 ASHBURN ROAD",
                                        "Suite 235"
                                    ],
                                    "city": "Ashburn",
                                    "state": "VA",
                                    "postalCode": "20147",
                                    "use": "work"
                                }
                            ]
                        }
                    ]
                }
            },
            {
                "resource": {
                    "resourceType": "HealthcareService",
                    "identifier": [
                        {
                            "value": "463066379"
                        },
                        {
                            "system": "http://hl7.org/fhir/sid/us-npi",
                            "value": "1275545196"
                        }
                    ],
                    "active": true,
                    "providedby": "ATLANTIC COUNSELING GROUP",
                    "speciality": [
                        {
                            "coding": [
                                [
                                    {
                                        "code": "101Y00000X",
                                        "display": "COUNSELOR",
                                        "text": "NOT APPLICABLE"
                                    },
                                    {
                                        "code": "2084P0800X",
                                        "display": "PSYCHIATRY & NEUROLOGY",
                                        "text": "PSYCHIATRY"
                                    },
                                    {
                                        "code": "2084P0015X",
                                        "display": "PSYCHIATRY & NEUROLOGY",
                                        "text": "PSYCHOSOMATIC MEDICINE"
                                    },
                                    {
                                        "code": "207RS0012X",
                                        "display": "INTERNAL MEDICINE",
                                        "text": "SLEEP MEDICINE"
                                    }
                                ]
                            ]
                        }
                    ],
                    "telecom": [
                        {
                            "system": "fax",
                            "value": "7036217121",
                            "use": "work"
                        },
                        {
                            "system": "fax",
                            "value": "7036650949",
                            "use": "work"
                        },
                        {
                            "system": "email",
                            "value": "shoskins@atlcgr.com",
                            "use": "work"
                        },
                        {
                            "system": "phone",
                            "value": "7036217121",
                            "use": "work"
                        },
                        {
                            "system": "alternate phone",
                            "value": "5715352487",
                            "use": "work"
                        }
                    ],
                    "communication": [
                        {
                            "coding": [
                                {
                                    "code": "ENG",
                                    "display": "English"
                                }
                            ],
                            "text": "Language"
                        }
                    ],
                    "availableTime": [
                        {
                            "daysOfWeek": [],
                            "availableStartTime": "",
                            "availableEndTime": ""
                        }
                    ]
                }
            },
            {
                "resources": {
                    "resourceType": "Practitioner Role",
                    "active": true,
                    "practitioner": {
                        "type": "Practitioner",
                        "identifier": {
                            "system": "http://hl7.org/fhir/sid/us-npi",
                            "value": "1275545196"
                        }
                    },
                    "organization": {
                        "type": "Organization",
                        "identifier": {
                            "system": "http://hl7.org/fhir/sid/us-npi",
                            "value": "1275545196"
                        },
                        "display": "ATLANTIC COUNSELING GROUP"
                    },
                    "speciality": [
                        {
                            "coding": [
                                [
                                    {
                                        "code": "101Y00000X",
                                        "display": "COUNSELOR",
                                        "text": "NOT APPLICABLE"
                                    },
                                    {
                                        "code": "2084P0800X",
                                        "display": "PSYCHIATRY & NEUROLOGY",
                                        "text": "PSYCHIATRY"
                                    },
                                    {
                                        "code": "2084P0015X",
                                        "display": "PSYCHIATRY & NEUROLOGY",
                                        "text": "PSYCHOSOMATIC MEDICINE"
                                    },
                                    {
                                        "code": "207RS0012X",
                                        "display": "INTERNAL MEDICINE",
                                        "text": "SLEEP MEDICINE"
                                    }
                                ]
                            ]
                        }
                    ],
                    "availableTime": [
                        {
                            "daysOfWeek": [],
                            "availableStartTime": "",
                            "availableEndTime": ""
                        }
                    ],
                    "telecom": [
                        {
                            "system": "fax",
                            "value": "7036217121",
                            "use": "work"
                        },
                        {
                            "system": "email",
                            "value": "shoskins@atlcgr.com",
                            "use": "work"
                        },
                        {
                            "system": "alternatePhone",
                            "value": "5715352487",
                            "use": "work"
                        }
                    ],
                    "location": [
                        {
                            "reference": "e-S-8894569"
                        }
                    ],
                    "healthService": [
                        {
                            "reference": "HealthcareService/0"
                        }
                    ]
                },
                "request": {
                    "method": "POST",
                    "url": "PractitionerRole"
                }
            },
            {
                "resources": {
                    "resourceType": "Practitioner Role",
                    "active": true,
                    "practitioner": {
                        "type": "Practitioner",
                        "identifier": {
                            "system": "http://hl7.org/fhir/sid/us-npi",
                            "value": "1275545196"
                        }
                    },
                    "organization": {
                        "type": "Organization",
                        "identifier": {
                            "system": "http://hl7.org/fhir/sid/us-npi",
                            "value": "1275545196"
                        },
                        "display": "ATLANTIC COUNSELING GROUP"
                    },
                    "speciality": [
                        {
                            "coding": [
                                [
                                    {
                                        "code": "101Y00000X",
                                        "display": "COUNSELOR",
                                        "text": "NOT APPLICABLE"
                                    },
                                    {
                                        "code": "2084P0800X",
                                        "display": "PSYCHIATRY & NEUROLOGY",
                                        "text": "PSYCHIATRY"
                                    },
                                    {
                                        "code": "2084P0015X",
                                        "display": "PSYCHIATRY & NEUROLOGY",
                                        "text": "PSYCHOSOMATIC MEDICINE"
                                    },
                                    {
                                        "code": "207RS0012X",
                                        "display": "INTERNAL MEDICINE",
                                        "text": "SLEEP MEDICINE"
                                    }
                                ]
                            ]
                        }
                    ],
                    "availableTime": [
                        {
                            "daysOfWeek": [],
                            "availableStartTime": "",
                            "availableEndTime": ""
                        }
                    ],
                    "telecom": [
                        {
                            "system": "fax",
                            "value": "7036650949",
                            "use": "work"
                        }
                    ],
                    "location": [
                        {
                            "reference": "e-B-8894569"
                        }
                    ],
                    "healthService": [
                        {
                            "reference": "HealthcareService/1"
                        }
                    ]
                },
                "request": {
                    "method": "POST",
                    "url": "PractitionerRole"
                }
            },
            {
                "resources": {
                    "resourceType": "Location",
                    "meta": {
                        "source": "www.Availity.com",
                        "lastUpdated": "2018-12-19T21:34:12.973Z"
                    },
                    "address": {
                        "identifier": "e-S-8894569",
                        "line": [
                            "20915 ASHBURN ROAD",
                            "Suite 235"
                        ],
                        "city": "Ashburn",
                        "state": "VA",
                        "postalCode": "20147",
                        "use": "work"
                    },
                    "telecom": [
                        {
                            "system": "fax",
                            "value": "7036217121",
                            "use": "work"
                        },
                        {
                            "system": "email",
                            "value": "shoskins@atlcgr.com",
                            "use": "work"
                        },
                        {
                            "system": "alternatePhone",
                            "value": "5715352487",
                            "use": "work"
                        }
                    ],
                    "hoursOfOperation": [
                        {
                            "daysOfWeek": [],
                            "availableStartTime": "",
                            "availableEndTime": ""
                        }
                    ]
                }
            },
            {
                "resources": {
                    "resourceType": "Location",
                    "meta": {
                        "source": "www.Availity.com",
                        "lastUpdated": "2018-12-19T21:34:12.973Z"
                    },
                    "address": {
                        "identifier": "e-B-8894569",
                        "line": [
                            "20915 ASHBURN ROAD",
                            "Suite 235"
                        ],
                        "city": "Ashburn",
                        "state": "VA",
                        "postalCode": "20147",
                        "use": "work"
                    },
                    "telecom": [
                        {
                            "system": "phone",
                            "value": "7036217121",
                            "use": "work"
                        },
                        {
                            "system": "fax",
                            "value": "7036650949",
                            "use": "work"
                        }
                    ],
                    "hoursOfOperation": [
                        {
                            "daysOfWeek": [],
                            "availableStartTime": "",
                            "availableEndTime": ""
                        }
                    ]
                }
            }
        ]
    }
]