[
    {
        "resourceType": "Bundle",
        "type": "transaction",
        "entry": [
            {
                "resource": {
                    "resourceType": "Practitioner",
                    "meta": {
                        "source": "www.Availity.com",
                        "lastUpdated": "2019-01-01T19:39:23.542Z"
                    },
                    "identifier": [
                        {
                            "value": "463874162"
                        },
                        {
                            "value": "e-P-5899858"
                        },
                        {
                            "system": "http://hl7.org/fhir/sid/us-npi",
                            "value": "1396189916"
                        }
                    ],
                    "active": true,
                    "name": [
                        {
                            "family": "Koroch"
                        },
                        {
                            "given": [
                                "Julie",
                                "H"
                            ]
                        }
                    ],
                    "gender": [
                        "Female"
                    ],
                    "birthDate": "1966-04-19",
                    "qualification": {},
                    "communication": [
                        {
                            "coding": [
                                {
                                    "code": "ENG",
                                    "display": "English"
                                }
                            ],
                            "text": "Language"
                        }
                    ]
                },
                "request": {
                    "method": "POST",
                    "url": "Practitioner"
                }
            },
            {
                "resource": {
                    "resourceType": "Organization",
                    "identifier": [
                        {
                            "value": "463874162"
                        },
                        {
                            "value": "e-P-5899858"
                        },
                        {
                            "system": "http://hl7.org/fhir/sid/us-npi",
                            "value": "1396189916"
                        }
                    ],
                    "active": true,
                    "type": [
                        {
                            "text": "prov"
                        }
                    ],
                    "name": "Julie Koroch Acupuncture LLC",
                    "address": [
                        {
                            "id": "e-S-7015706",
                            "line": [
                                "7925 SOUTHEAST STARK STREET"
                            ],
                            "city": "Portland",
                            "state": "OR",
                            "postalCode": "97215",
                            "use": "work"
                        },
                        {
                            "id": "e-B-8884805",
                            "line": [
                                "3725 NORTHEAST 72ND AVENUE"
                            ],
                            "city": "Portland",
                            "state": "OR",
                            "postalCode": "97213",
                            "use": "work"
                        }
                    ],
                    "telecom": [
                        {
                            "system": "phone",
                            "value": "5037013042",
                            "use": "work"
                        },
                        {
                            "system": "alternate phone",
                            "value": "5037013042",
                            "use": "work"
                        }
                    ],
                    "contact": [
                        {
                            "purpose": {
                                "text": "ADMIN"
                            },
                            "name": [
                                {
                                    "family": "Koroch"
                                },
                                {
                                    "given": [
                                        "Julie",
                                        "H"
                                    ]
                                }
                            ],
                            "telecom": [
                                {
                                    "system": "phone",
                                    "value": "5037013042",
                                    "use": "work"
                                },
                                {
                                    "system": "alternate phone",
                                    "value": "5037013042",
                                    "use": "work"
                                }
                            ],
                            "address": [
                                {
                                    "id": "e-S-7015706",
                                    "line": [
                                        "7925 SOUTHEAST STARK STREET"
                                    ],
                                    "city": "Portland",
                                    "state": "OR",
                                    "postalCode": "97215",
                                    "use": "work"
                                },
                                {
                                    "id": "e-B-8884805",
                                    "line": [
                                        "3725 NORTHEAST 72ND AVENUE"
                                    ],
                                    "city": "Portland",
                                    "state": "OR",
                                    "postalCode": "97213",
                                    "use": "work"
                                }
                            ]
                        }
                    ]
                }
            },
            {
                "resource": {
                    "resourceType": "HealthcareService",
                    "identifier": [
                        {
                            "value": "463874162"
                        },
                        {
                            "system": "http://hl7.org/fhir/sid/us-npi",
                            "value": "1396189916"
                        }
                    ],
                    "active": true,
                    "providedby": "Julie Koroch Acupuncture LLC",
                    "speciality": [
                        {
                            "coding": [
                                [
                                    {
                                        "code": "171100000X",
                                        "display": "ACUPUNCTURIST",
                                        "text": "NOT APPLICABLE"
                                    }
                                ]
                            ]
                        }
                    ],
                    "telecom": [
                        {
                            "system": "phone",
                            "value": "5037013042",
                            "use": "work"
                        },
                        {
                            "system": "alternate phone",
                            "value": "5037013042",
                            "use": "work"
                        }
                    ],
                    "communication": [
                        {
                            "coding": [
                                {
                                    "code": "ENG",
                                    "display": "English"
                                }
                            ],
                            "text": "Language"
                        }
                    ],
                    "availableTime": [
                        {
                            "daysOfWeek": [
                                "TUESDAY",
                                "THURSDAY"
                            ],
                            "availableStartTime": "10:10:00",
                            "availableEndTime": "19:00:00"
                        },
                        {
                            "daysOfWeek": [
                                "SATURDAY"
                            ],
                            "availableStartTime": "10:10:00",
                            "availableEndTime": "17:00:00"
                        }
                    ]
                }
            },
            {
                "resources": {
                    "resourceType": "Practitioner Role",
                    "active": true,
                    "practitioner": {
                        "type": "Practitioner",
                        "identifier": {
                            "system": "http://hl7.org/fhir/sid/us-npi",
                            "value": "1396189916"
                        }
                    },
                    "organization": {
                        "type": "Organization",
                        "identifier": {
                            "system": "http://hl7.org/fhir/sid/us-npi",
                            "value": "1396189916"
                        },
                        "display": "Julie Koroch Acupuncture LLC"
                    },
                    "speciality": [
                        {
                            "coding": [
                                [
                                    {
                                        "code": "171100000X",
                                        "display": "ACUPUNCTURIST",
                                        "text": "NOT APPLICABLE"
                                    }
                                ]
                            ]
                        }
                    ],
                    "availableTime": [
                        {
                            "daysOfWeek": [
                                "TUESDAY",
                                "THURSDAY"
                            ],
                            "availableStartTime": "10:10:00",
                            "availableEndTime": "19:00:00"
                        },
                        {
                            "daysOfWeek": [
                                "SATURDAY"
                            ],
                            "availableStartTime": "10:10:00",
                            "availableEndTime": "17:00:00"
                        }
                    ],
                    "telecom": [],
                    "location": [
                        {
                            "reference": "e-S-7015706"
                        }
                    ],
                    "healthService": [
                        {
                            "reference": "HealthcareService/0"
                        }
                    ]
                },
                "request": {
                    "method": "POST",
                    "url": "PractitionerRole"
                }
            },
            {
                "resources": {
                    "resourceType": "Practitioner Role",
                    "active": true,
                    "practitioner": {
                        "type": "Practitioner",
                        "identifier": {
                            "system": "http://hl7.org/fhir/sid/us-npi",
                            "value": "1396189916"
                        }
                    },
                    "organization": {
                        "type": "Organization",
                        "identifier": {
                            "system": "http://hl7.org/fhir/sid/us-npi",
                            "value": "1396189916"
                        },
                        "display": "Julie Koroch Acupuncture LLC"
                    },
                    "speciality": [
                        {
                            "coding": [
                                [
                                    {
                                        "code": "171100000X",
                                        "display": "ACUPUNCTURIST",
                                        "text": "NOT APPLICABLE"
                                    }
                                ]
                            ]
                        }
                    ],
                    "availableTime": [
                        {
                            "daysOfWeek": [
                                "TUESDAY",
                                "THURSDAY"
                            ],
                            "availableStartTime": "10:10:00",
                            "availableEndTime": "19:00:00"
                        },
                        {
                            "daysOfWeek": [
                                "SATURDAY"
                            ],
                            "availableStartTime": "10:10:00",
                            "availableEndTime": "17:00:00"
                        }
                    ],
                    "telecom": [],
                    "location": [
                        {
                            "reference": "e-B-8884805"
                        }
                    ]
                },
                "request": {
                    "method": "POST",
                    "url": "PractitionerRole"
                }
            },
            {
                "resources": {
                    "resourceType": "Location",
                    "meta": {
                        "source": "www.Availity.com",
                        "lastUpdated": "2019-01-01T19:39:23.542Z"
                    },
                    "address": {
                        "identifier": "e-S-7015706",
                        "line": [
                            "7925 SOUTHEAST STARK STREET"
                        ],
                        "city": "Portland",
                        "state": "OR",
                        "postalCode": "97215",
                        "use": "work"
                    },
                    "telecom": [
                        {
                            "system": "phone",
                            "value": "5037013042",
                            "use": "work"
                        }
                    ],
                    "hoursOfOperation": [
                        {
                            "daysOfWeek": [
                                "TUESDAY",
                                "THURSDAY"
                            ],
                            "availableStartTime": "10:10:00",
                            "availableEndTime": "19:00:00"
                        },
                        {
                            "daysOfWeek": [
                                "SATURDAY"
                            ],
                            "availableStartTime": "10:10:00",
                            "availableEndTime": "17:00:00"
                        }
                    ]
                }
            },
            {
                "resources": {
                    "resourceType": "Location",
                    "meta": {
                        "source": "www.Availity.com",
                        "lastUpdated": "2019-01-01T19:39:23.542Z"
                    },
                    "address": {
                        "identifier": "e-B-8884805",
                        "line": [
                            "3725 NORTHEAST 72ND AVENUE"
                        ],
                        "city": "Portland",
                        "state": "OR",
                        "postalCode": "97213",
                        "use": "work"
                    },
                    "telecom": [
                        {
                            "system": "phone",
                            "value": "5037013042",
                            "use": "work"
                        }
                    ],
                    "hoursOfOperation": [
                        {
                            "daysOfWeek": [
                                "TUESDAY",
                                "THURSDAY"
                            ],
                            "availableStartTime": "10:10:00",
                            "availableEndTime": "19:00:00"
                        },
                        {
                            "daysOfWeek": [
                                "SATURDAY"
                            ],
                            "availableStartTime": "10:10:00",
                            "availableEndTime": "17:00:00"
                        }
                    ]
                }
            }
        ]
    }
]