[
    {
        "resourceType": "Bundle",
        "type": "transaction",
        "entry": [
            {
                "resource": {
                    "resourceType": "Practitioner",
                    "meta": {
                        "source": "www.Availity.com",
                        "lastUpdated": "2019-01-01T17:24:27.793Z"
                    },
                    "identifier": [
                        {
                            "value": "472846605"
                        },
                        {
                            "value": "e-P-5196869"
                        },
                        {
                            "system": "http://hl7.org/fhir/sid/us-npi",
                            "value": "1407280555"
                        }
                    ],
                    "active": true,
                    "name": [
                        {
                            "family": "Quinn"
                        },
                        {
                            "given": [
                                "Cheryl",
                                "A"
                            ]
                        }
                    ],
                    "gender": [
                        "Female"
                    ],
                    "birthDate": "1963-11-22",
                    "qualification": {},
                    "communication": [
                        {
                            "coding": [
                                {
                                    "code": "ENG",
                                    "display": "English"
                                }
                            ],
                            "text": "Language"
                        }
                    ]
                },
                "request": {
                    "method": "POST",
                    "url": "Practitioner"
                }
            },
            {
                "resource": {
                    "resourceType": "Organization",
                    "identifier": [
                        {
                            "value": "472846605"
                        },
                        {
                            "value": "e-P-5196869"
                        },
                        {
                            "system": "http://hl7.org/fhir/sid/us-npi",
                            "value": "1407280555"
                        }
                    ],
                    "active": true,
                    "type": [
                        {
                            "text": "prov"
                        }
                    ],
                    "name": "Quinn Nutrition Counseling",
                    "address": [
                        {
                            "id": "e-S-8942572",
                            "line": [
                                "309 SOUTH G STREET",
                                "Suite 4"
                            ],
                            "city": "Tacoma",
                            "state": "WA",
                            "postalCode": "98405",
                            "use": "work"
                        },
                        {
                            "id": "e-S-1875661",
                            "line": [
                                "6659 KIMBALL DRIVE",
                                "Suite C301"
                            ],
                            "city": "Gig Harbor",
                            "state": "WA",
                            "postalCode": "98335",
                            "use": "work"
                        },
                        {
                            "id": "e-B-3395049",
                            "line": [
                                "4205 59TH STREET COURT NORTHWEST"
                            ],
                            "city": "Gig Harbor",
                            "state": "WA",
                            "postalCode": "98335",
                            "use": "work"
                        }
                    ],
                    "telecom": [
                        {
                            "system": "fax",
                            "value": "2532923803",
                            "use": "work"
                        },
                        {
                            "system": "phone",
                            "value": "2532923803",
                            "use": "work"
                        },
                        {
                            "system": "alternate phone",
                            "value": "2532923803",
                            "use": "work"
                        }
                    ],
                    "contact": [
                        {
                            "purpose": {
                                "text": "ADMIN"
                            },
                            "name": [
                                {
                                    "family": "Quinn"
                                },
                                {
                                    "given": [
                                        "Cheryl",
                                        "A"
                                    ]
                                }
                            ],
                            "telecom": [
                                {
                                    "system": "fax",
                                    "value": "2532923803",
                                    "use": "work"
                                },
                                {
                                    "system": "phone",
                                    "value": "2532923803",
                                    "use": "work"
                                },
                                {
                                    "system": "alternate phone",
                                    "value": "2532923803",
                                    "use": "work"
                                }
                            ],
                            "address": [
                                {
                                    "id": "e-S-8942572",
                                    "line": [
                                        "309 SOUTH G STREET",
                                        "Suite 4"
                                    ],
                                    "city": "Tacoma",
                                    "state": "WA",
                                    "postalCode": "98405",
                                    "use": "work"
                                },
                                {
                                    "id": "e-S-1875661",
                                    "line": [
                                        "6659 KIMBALL DRIVE",
                                        "Suite C301"
                                    ],
                                    "city": "Gig Harbor",
                                    "state": "WA",
                                    "postalCode": "98335",
                                    "use": "work"
                                },
                                {
                                    "id": "e-B-3395049",
                                    "line": [
                                        "4205 59TH STREET COURT NORTHWEST"
                                    ],
                                    "city": "Gig Harbor",
                                    "state": "WA",
                                    "postalCode": "98335",
                                    "use": "work"
                                }
                            ]
                        }
                    ]
                }
            },
            {
                "resource": {
                    "resourceType": "HealthcareService",
                    "identifier": [
                        {
                            "value": "472846605"
                        },
                        {
                            "system": "http://hl7.org/fhir/sid/us-npi",
                            "value": "1407280555"
                        }
                    ],
                    "active": true,
                    "providedby": "Quinn Nutrition Counseling",
                    "speciality": [
                        {
                            "coding": [
                                [
                                    {
                                        "code": "133N00000X",
                                        "display": "NUTRITIONIST",
                                        "text": "NOT APPLICABLE"
                                    }
                                ]
                            ]
                        }
                    ],
                    "telecom": [
                        {
                            "system": "fax",
                            "value": "2532923803",
                            "use": "work"
                        },
                        {
                            "system": "phone",
                            "value": "2532923803",
                            "use": "work"
                        },
                        {
                            "system": "alternate phone",
                            "value": "2532923803",
                            "use": "work"
                        }
                    ],
                    "communication": [
                        {
                            "coding": [
                                {
                                    "code": "ENG",
                                    "display": "English"
                                }
                            ],
                            "text": "Language"
                        }
                    ],
                    "availableTime": [
                        {
                            "daysOfWeek": [],
                            "availableStartTime": "",
                            "availableEndTime": ""
                        }
                    ]
                }
            },
            {
                "resources": {
                    "resourceType": "Practitioner Role",
                    "active": true,
                    "practitioner": {
                        "type": "Practitioner",
                        "identifier": {
                            "system": "http://hl7.org/fhir/sid/us-npi",
                            "value": "1407280555"
                        }
                    },
                    "organization": {
                        "type": "Organization",
                        "identifier": {
                            "system": "http://hl7.org/fhir/sid/us-npi",
                            "value": "1407280555"
                        },
                        "display": "Quinn Nutrition Counseling"
                    },
                    "speciality": [
                        {
                            "coding": [
                                [
                                    {
                                        "code": "133N00000X",
                                        "display": "NUTRITIONIST",
                                        "text": "NOT APPLICABLE"
                                    }
                                ]
                            ]
                        }
                    ],
                    "availableTime": [
                        {
                            "daysOfWeek": [],
                            "availableStartTime": "",
                            "availableEndTime": ""
                        }
                    ],
                    "telecom": [],
                    "location": [
                        {
                            "reference": "e-S-8942572"
                        }
                    ],
                    "healthService": [
                        {
                            "reference": "HealthcareService/0"
                        }
                    ]
                },
                "request": {
                    "method": "POST",
                    "url": "PractitionerRole"
                }
            },
            {
                "resources": {
                    "resourceType": "Practitioner Role",
                    "active": true,
                    "practitioner": {
                        "type": "Practitioner",
                        "identifier": {
                            "system": "http://hl7.org/fhir/sid/us-npi",
                            "value": "1407280555"
                        }
                    },
                    "organization": {
                        "type": "Organization",
                        "identifier": {
                            "system": "http://hl7.org/fhir/sid/us-npi",
                            "value": "1407280555"
                        },
                        "display": "Quinn Nutrition Counseling"
                    },
                    "speciality": [
                        {
                            "coding": [
                                [
                                    {
                                        "code": "133N00000X",
                                        "display": "NUTRITIONIST",
                                        "text": "NOT APPLICABLE"
                                    }
                                ]
                            ]
                        }
                    ],
                    "availableTime": [
                        {
                            "daysOfWeek": [],
                            "availableStartTime": "",
                            "availableEndTime": ""
                        }
                    ],
                    "telecom": [],
                    "period": {
                        "startDate": "2018-08-01"
                    },
                    "location": [
                        {
                            "reference": "e-S-1875661"
                        }
                    ]
                },
                "request": {
                    "method": "POST",
                    "url": "PractitionerRole"
                }
            },
            {
                "resources": {
                    "resourceType": "Practitioner Role",
                    "active": true,
                    "practitioner": {
                        "type": "Practitioner",
                        "identifier": {
                            "system": "http://hl7.org/fhir/sid/us-npi",
                            "value": "1407280555"
                        }
                    },
                    "organization": {
                        "type": "Organization",
                        "identifier": {
                            "system": "http://hl7.org/fhir/sid/us-npi",
                            "value": "1407280555"
                        },
                        "display": "Quinn Nutrition Counseling"
                    },
                    "speciality": [
                        {
                            "coding": [
                                [
                                    {
                                        "code": "133N00000X",
                                        "display": "NUTRITIONIST",
                                        "text": "NOT APPLICABLE"
                                    }
                                ]
                            ]
                        }
                    ],
                    "availableTime": [
                        {
                            "daysOfWeek": [],
                            "availableStartTime": "",
                            "availableEndTime": ""
                        }
                    ],
                    "telecom": [
                        {
                            "system": "fax",
                            "value": "2532923803",
                            "use": "work"
                        }
                    ],
                    "period": {
                        "startDate": "2018-08-01"
                    },
                    "location": [
                        {
                            "reference": "e-B-3395049"
                        }
                    ]
                },
                "request": {
                    "method": "POST",
                    "url": "PractitionerRole"
                }
            },
            {
                "resources": {
                    "resourceType": "Location",
                    "meta": {
                        "source": "www.Availity.com",
                        "lastUpdated": "2019-01-01T17:24:27.793Z"
                    },
                    "address": {
                        "identifier": "e-S-8942572",
                        "line": [
                            "309 SOUTH G STREET",
                            "Suite 4"
                        ],
                        "city": "Tacoma",
                        "state": "WA",
                        "postalCode": "98405",
                        "use": "work"
                    },
                    "telecom": [
                        {
                            "system": "phone",
                            "value": "2532923803",
                            "use": "work"
                        }
                    ],
                    "hoursOfOperation": [
                        {
                            "daysOfWeek": [],
                            "availableStartTime": "",
                            "availableEndTime": ""
                        }
                    ]
                }
            },
            {
                "resources": {
                    "resourceType": "Location",
                    "meta": {
                        "source": "www.Availity.com",
                        "lastUpdated": "2019-01-01T17:24:27.793Z"
                    },
                    "address": {
                        "identifier": "e-S-1875661",
                        "line": [
                            "6659 KIMBALL DRIVE",
                            "Suite C301"
                        ],
                        "city": "Gig Harbor",
                        "state": "WA",
                        "postalCode": "98335",
                        "use": "work"
                    },
                    "telecom": [
                        {
                            "system": "phone",
                            "value": "2532923803",
                            "use": "work"
                        }
                    ],
                    "hoursOfOperation": [
                        {
                            "daysOfWeek": [],
                            "availableStartTime": "",
                            "availableEndTime": ""
                        }
                    ]
                }
            },
            {
                "resources": {
                    "resourceType": "Location",
                    "meta": {
                        "source": "www.Availity.com",
                        "lastUpdated": "2019-01-01T17:24:27.793Z"
                    },
                    "address": {
                        "identifier": "e-B-3395049",
                        "line": [
                            "4205 59TH STREET COURT NORTHWEST"
                        ],
                        "city": "Gig Harbor",
                        "state": "WA",
                        "postalCode": "98335",
                        "use": "work"
                    },
                    "telecom": [
                        {
                            "system": "phone",
                            "value": "2532923803",
                            "use": "work"
                        },
                        {
                            "system": "fax",
                            "value": "2532923803",
                            "use": "work"
                        }
                    ],
                    "hoursOfOperation": [
                        {
                            "daysOfWeek": [],
                            "availableStartTime": "",
                            "availableEndTime": ""
                        }
                    ]
                }
            }
        ]
    }
]