[
    {
        "resourceType": "Bundle",
        "type": "transaction",
        "entry": [
            {
                "resource": {
                    "resourceType": "Practitioner",
                    "meta": {
                        "source": "www.Availity.com",
                        "lastUpdated": "2018-10-22T22:29:28.236Z"
                    },
                    "identifier": [
                        {
                            "value": "473585213"
                        },
                        {
                            "value": "e-P-7317583"
                        },
                        {
                            "system": "http://hl7.org/fhir/sid/us-npi",
                            "value": "1033596127"
                        }
                    ],
                    "active": true,
                    "name": [
                        {
                            "family": "WHITNEY"
                        },
                        {
                            "given": [
                                "JEREMY",
                                "T"
                            ]
                        }
                    ],
                    "gender": [
                        "Male"
                    ],
                    "birthDate": "1985-12-22",
                    "qualification": {},
                    "communication": [
                        {
                            "coding": [
                                {
                                    "code": "ENG",
                                    "display": "English"
                                }
                            ],
                            "text": "Language"
                        }
                    ]
                },
                "request": {
                    "method": "POST",
                    "url": "Practitioner"
                }
            },
            {
                "resource": {
                    "resourceType": "Organization",
                    "identifier": [
                        {
                            "value": "473585213"
                        },
                        {
                            "value": "e-P-7317583"
                        },
                        {
                            "system": "http://hl7.org/fhir/sid/us-npi",
                            "value": "1033596127"
                        }
                    ],
                    "active": true,
                    "type": [
                        {
                            "text": "prov"
                        }
                    ],
                    "name": "BRIDGEPORT FAMILY VISION CLINIC PLLC",
                    "address": [
                        {
                            "id": "e-S-3765215",
                            "line": [
                                "9101 BRIDGEPORT WAY",
                                "Ste C"
                            ],
                            "city": "Lakewood",
                            "state": "WA",
                            "postalCode": "98499",
                            "use": "work"
                        },
                        {
                            "id": "e-B-7710749",
                            "line": [
                                "1625 COOPER POINT ROAD SOUTHWEST"
                            ],
                            "city": "Olympia",
                            "state": "WA",
                            "postalCode": "98502",
                            "use": "work"
                        }
                    ],
                    "telecom": [
                        {
                            "system": "phone",
                            "value": "2535842020",
                            "use": "work"
                        },
                        {
                            "system": "phone",
                            "value": "3603576683",
                            "use": "work"
                        },
                        {
                            "system": "alternate phone",
                            "value": "2535842020",
                            "use": "work"
                        }
                    ],
                    "contact": [
                        {
                            "purpose": {
                                "text": "ADMIN"
                            },
                            "name": [
                                {
                                    "family": "WHITNEY"
                                },
                                {
                                    "given": [
                                        "JEREMY",
                                        "T"
                                    ]
                                }
                            ],
                            "telecom": [
                                {
                                    "system": "phone",
                                    "value": "2535842020",
                                    "use": "work"
                                },
                                {
                                    "system": "phone",
                                    "value": "3603576683",
                                    "use": "work"
                                },
                                {
                                    "system": "alternate phone",
                                    "value": "2535842020",
                                    "use": "work"
                                }
                            ],
                            "address": [
                                {
                                    "id": "e-S-3765215",
                                    "line": [
                                        "9101 BRIDGEPORT WAY",
                                        "Ste C"
                                    ],
                                    "city": "Lakewood",
                                    "state": "WA",
                                    "postalCode": "98499",
                                    "use": "work"
                                },
                                {
                                    "id": "e-B-7710749",
                                    "line": [
                                        "1625 COOPER POINT ROAD SOUTHWEST"
                                    ],
                                    "city": "Olympia",
                                    "state": "WA",
                                    "postalCode": "98502",
                                    "use": "work"
                                }
                            ]
                        }
                    ]
                }
            },
            {
                "resource": {
                    "resourceType": "HealthcareService",
                    "identifier": [
                        {
                            "value": "473585213"
                        },
                        {
                            "system": "http://hl7.org/fhir/sid/us-npi",
                            "value": "1033596127"
                        }
                    ],
                    "active": true,
                    "providedby": "BRIDGEPORT FAMILY VISION CLINIC PLLC",
                    "speciality": [
                        {
                            "coding": [
                                [
                                    {
                                        "code": "152W00000X",
                                        "display": "OPTOMETRIST",
                                        "text": "NOT APPLICABLE"
                                    }
                                ]
                            ]
                        }
                    ],
                    "telecom": [
                        {
                            "system": "phone",
                            "value": "2535842020",
                            "use": "work"
                        },
                        {
                            "system": "phone",
                            "value": "3603576683",
                            "use": "work"
                        },
                        {
                            "system": "alternate phone",
                            "value": "2535842020",
                            "use": "work"
                        }
                    ],
                    "communication": [
                        {
                            "coding": [
                                {
                                    "code": "ENG",
                                    "display": "English"
                                }
                            ],
                            "text": "Language"
                        }
                    ],
                    "availableTime": [
                        {
                            "daysOfWeek": [
                                "MONDAY",
                                "TUESDAY",
                                "WEDNESDAY",
                                "THURSDAY"
                            ],
                            "availableStartTime": "09:09:00",
                            "availableEndTime": "17:30:00"
                        },
                        {
                            "daysOfWeek": [
                                "FRIDAY"
                            ],
                            "availableStartTime": "09:09:00",
                            "availableEndTime": "17:00:00"
                        }
                    ]
                }
            },
            {
                "resources": {
                    "resourceType": "Practitioner Role",
                    "active": true,
                    "practitioner": {
                        "type": "Practitioner",
                        "identifier": {
                            "system": "http://hl7.org/fhir/sid/us-npi",
                            "value": "1033596127"
                        }
                    },
                    "organization": {
                        "type": "Organization",
                        "identifier": {
                            "system": "http://hl7.org/fhir/sid/us-npi",
                            "value": "1033596127"
                        },
                        "display": "BRIDGEPORT FAMILY VISION CLINIC PLLC"
                    },
                    "speciality": [
                        {
                            "coding": [
                                [
                                    {
                                        "code": "152W00000X",
                                        "display": "OPTOMETRIST",
                                        "text": "NOT APPLICABLE"
                                    }
                                ]
                            ]
                        }
                    ],
                    "availableTime": [
                        {
                            "daysOfWeek": [
                                "MONDAY",
                                "TUESDAY",
                                "WEDNESDAY",
                                "THURSDAY"
                            ],
                            "availableStartTime": "09:09:00",
                            "availableEndTime": "17:30:00"
                        },
                        {
                            "daysOfWeek": [
                                "FRIDAY"
                            ],
                            "availableStartTime": "09:09:00",
                            "availableEndTime": "17:00:00"
                        }
                    ],
                    "telecom": [],
                    "period": {
                        "startDate": "2014-05-01"
                    },
                    "location": [
                        {
                            "reference": "e-S-3765215"
                        }
                    ],
                    "healthService": [
                        {
                            "reference": "HealthcareService/0"
                        }
                    ]
                },
                "request": {
                    "method": "POST",
                    "url": "PractitionerRole"
                }
            },
            {
                "resources": {
                    "resourceType": "Practitioner Role",
                    "active": true,
                    "practitioner": {
                        "type": "Practitioner",
                        "identifier": {
                            "system": "http://hl7.org/fhir/sid/us-npi",
                            "value": "1033596127"
                        }
                    },
                    "organization": {
                        "type": "Organization",
                        "identifier": {
                            "system": "http://hl7.org/fhir/sid/us-npi",
                            "value": "1033596127"
                        },
                        "display": "BRIDGEPORT FAMILY VISION CLINIC PLLC"
                    },
                    "speciality": [
                        {
                            "coding": [
                                [
                                    {
                                        "code": "152W00000X",
                                        "display": "OPTOMETRIST",
                                        "text": "NOT APPLICABLE"
                                    }
                                ]
                            ]
                        }
                    ],
                    "availableTime": [
                        {
                            "daysOfWeek": [
                                "MONDAY",
                                "TUESDAY",
                                "WEDNESDAY",
                                "THURSDAY"
                            ],
                            "availableStartTime": "09:09:00",
                            "availableEndTime": "17:30:00"
                        },
                        {
                            "daysOfWeek": [
                                "FRIDAY"
                            ],
                            "availableStartTime": "09:09:00",
                            "availableEndTime": "17:00:00"
                        }
                    ],
                    "telecom": [],
                    "period": {
                        "startDate": "2014-05-01"
                    },
                    "location": [
                        {
                            "reference": "e-B-7710749"
                        }
                    ]
                },
                "request": {
                    "method": "POST",
                    "url": "PractitionerRole"
                }
            },
            {
                "resources": {
                    "resourceType": "Location",
                    "meta": {
                        "source": "www.Availity.com",
                        "lastUpdated": "2018-10-22T22:29:28.236Z"
                    },
                    "address": {
                        "identifier": "e-S-3765215",
                        "line": [
                            "9101 BRIDGEPORT WAY",
                            "Ste C"
                        ],
                        "city": "Lakewood",
                        "state": "WA",
                        "postalCode": "98499",
                        "use": "work"
                    },
                    "telecom": [
                        {
                            "system": "phone",
                            "value": "2535842020",
                            "use": "work"
                        }
                    ],
                    "hoursOfOperation": [
                        {
                            "daysOfWeek": [
                                "MONDAY",
                                "TUESDAY",
                                "WEDNESDAY",
                                "THURSDAY"
                            ],
                            "availableStartTime": "09:09:00",
                            "availableEndTime": "17:30:00"
                        },
                        {
                            "daysOfWeek": [
                                "FRIDAY"
                            ],
                            "availableStartTime": "09:09:00",
                            "availableEndTime": "17:00:00"
                        }
                    ]
                }
            },
            {
                "resources": {
                    "resourceType": "Location",
                    "meta": {
                        "source": "www.Availity.com",
                        "lastUpdated": "2018-10-22T22:29:28.236Z"
                    },
                    "address": {
                        "identifier": "e-B-7710749",
                        "line": [
                            "1625 COOPER POINT ROAD SOUTHWEST"
                        ],
                        "city": "Olympia",
                        "state": "WA",
                        "postalCode": "98502",
                        "use": "work"
                    },
                    "telecom": [
                        {
                            "system": "phone",
                            "value": "3603576683",
                            "use": "work"
                        }
                    ],
                    "hoursOfOperation": [
                        {
                            "daysOfWeek": [
                                "MONDAY",
                                "TUESDAY",
                                "WEDNESDAY",
                                "THURSDAY"
                            ],
                            "availableStartTime": "09:09:00",
                            "availableEndTime": "17:30:00"
                        },
                        {
                            "daysOfWeek": [
                                "FRIDAY"
                            ],
                            "availableStartTime": "09:09:00",
                            "availableEndTime": "17:00:00"
                        }
                    ]
                }
            }
        ]
    }
]