[
    {
        "resourceType": "Bundle",
        "type": "transaction",
        "entry": [
            {
                "resource": {
                    "resourceType": "Practitioner",
                    "meta": {
                        "source": "www.Availity.com",
                        "lastUpdated": "2018-12-31T19:49:49.688Z"
                    },
                    "identifier": [
                        {
                            "value": "474934875"
                        },
                        {
                            "value": "e-P-9744974"
                        },
                        {
                            "system": "http://hl7.org/fhir/sid/us-npi",
                            "value": "1881821593"
                        }
                    ],
                    "active": true,
                    "name": [
                        {
                            "family": "KERNS"
                        },
                        {
                            "given": [
                                "JEANNETTE",
                                "R"
                            ]
                        }
                    ],
                    "gender": [
                        "Female"
                    ],
                    "birthDate": "1969-11-18",
                    "qualification": [
                        {
                            "identifier": [
                                {
                                    "system": "http:availity/provider/quality",
                                    "value": "AP3178"
                                }
                            ],
                            "code": {
                                "coding": [
                                    {
                                        "system": "http:availity/provider/quality",
                                        "code": "ACU",
                                        "display": "Acupuncturist"
                                    }
                                ],
                                "text": "Acupuncturist"
                            },
                            "period": {
                                "end": "2020-02-28"
                            },
                            "issuer": {
                                "display": "Accreditation Commission for Acupuncture and Oriental Medicine (ACAOM)"
                            }
                        }
                    ],
                    "communication": [
                        {
                            "coding": [
                                {
                                    "code": "ENG",
                                    "display": "English"
                                }
                            ],
                            "text": "Language"
                        }
                    ]
                },
                "request": {
                    "method": "POST",
                    "url": "Practitioner"
                }
            },
            {
                "resource": {
                    "resourceType": "Organization",
                    "identifier": [
                        {
                            "value": "474934875"
                        },
                        {
                            "value": "e-P-9744974"
                        },
                        {
                            "system": "http://hl7.org/fhir/sid/us-npi",
                            "value": "1881821593"
                        }
                    ],
                    "active": true,
                    "type": [
                        {
                            "text": "prov"
                        }
                    ],
                    "name": "EAST LAKE ACUPUNCTURE LLC",
                    "address": [
                        {
                            "id": "e-B-4545591",
                            "line": [
                                "1401 BUDINGER AVENUE",
                                "Suite B"
                            ],
                            "city": "St. Cloud",
                            "state": "FL",
                            "postalCode": "34769",
                            "use": "work"
                        },
                        {
                            "id": "AV-77260372741502139418780300001300",
                            "line": [
                                "1401 BUDINGER AVE",
                                "STE B"
                            ],
                            "city": "SAINT CLOUD",
                            "state": "FL",
                            "postalCode": "34769",
                            "use": "work"
                        }
                    ],
                    "telecom": [
                        {
                            "system": "fax",
                            "value": "3212507841",
                            "use": "work"
                        },
                        {
                            "system": "email",
                            "value": "acudoc407@gmail.com",
                            "use": "work"
                        },
                        {
                            "system": "phone",
                            "value": "4077387412",
                            "use": "work"
                        },
                        {
                            "system": "alternate phone",
                            "value": "4077387412",
                            "use": "work"
                        }
                    ],
                    "contact": [
                        {
                            "purpose": {
                                "text": "ADMIN"
                            },
                            "name": [
                                {
                                    "family": "KERNS"
                                },
                                {
                                    "given": [
                                        "JEANNETTE",
                                        "R"
                                    ]
                                }
                            ],
                            "telecom": [
                                {
                                    "system": "fax",
                                    "value": "3212507841",
                                    "use": "work"
                                },
                                {
                                    "system": "email",
                                    "value": "acudoc407@gmail.com",
                                    "use": "work"
                                },
                                {
                                    "system": "phone",
                                    "value": "4077387412",
                                    "use": "work"
                                },
                                {
                                    "system": "alternate phone",
                                    "value": "4077387412",
                                    "use": "work"
                                }
                            ],
                            "address": [
                                {
                                    "id": "e-B-4545591",
                                    "line": [
                                        "1401 BUDINGER AVENUE",
                                        "Suite B"
                                    ],
                                    "city": "St. Cloud",
                                    "state": "FL",
                                    "postalCode": "34769",
                                    "use": "work"
                                },
                                {
                                    "id": "AV-77260372741502139418780300001300",
                                    "line": [
                                        "1401 BUDINGER AVE",
                                        "STE B"
                                    ],
                                    "city": "SAINT CLOUD",
                                    "state": "FL",
                                    "postalCode": "34769",
                                    "use": "work"
                                }
                            ]
                        }
                    ]
                }
            },
            {
                "resource": {
                    "resourceType": "HealthcareService",
                    "identifier": [
                        {
                            "value": "474934875"
                        },
                        {
                            "system": "http://hl7.org/fhir/sid/us-npi",
                            "value": "1881821593"
                        }
                    ],
                    "active": true,
                    "providedby": "EAST LAKE ACUPUNCTURE LLC",
                    "speciality": [
                        {
                            "coding": [
                                [
                                    {
                                        "code": "171100000X",
                                        "display": "ACUPUNCTURIST",
                                        "text": "NOT APPLICABLE"
                                    }
                                ]
                            ]
                        }
                    ],
                    "telecom": [
                        {
                            "system": "fax",
                            "value": "3212507841",
                            "use": "work"
                        },
                        {
                            "system": "email",
                            "value": "acudoc407@gmail.com",
                            "use": "work"
                        },
                        {
                            "system": "phone",
                            "value": "4077387412",
                            "use": "work"
                        },
                        {
                            "system": "alternate phone",
                            "value": "4077387412",
                            "use": "work"
                        }
                    ],
                    "communication": [
                        {
                            "coding": [
                                {
                                    "code": "ENG",
                                    "display": "English"
                                }
                            ],
                            "text": "Language"
                        }
                    ],
                    "availableTime": [
                        {
                            "daysOfWeek": [
                                "TUESDAY",
                                "WEDNESDAY",
                                "THURSDAY",
                                "FRIDAY"
                            ],
                            "availableStartTime": "10:10:00",
                            "availableEndTime": "18:00:00"
                        },
                        {
                            "daysOfWeek": [
                                "SATURDAY",
                                "MONDAY",
                                "TUESDAY",
                                "SATURDAY"
                            ],
                            "availableStartTime": "10:10:00",
                            "availableEndTime": "14:00:00"
                        }
                    ]
                }
            },
            {
                "resources": {
                    "resourceType": "Practitioner Role",
                    "active": true,
                    "practitioner": {
                        "type": "Practitioner",
                        "identifier": {
                            "system": "http://hl7.org/fhir/sid/us-npi",
                            "value": "1881821593"
                        }
                    },
                    "organization": {
                        "type": "Organization",
                        "identifier": {
                            "system": "http://hl7.org/fhir/sid/us-npi",
                            "value": "1881821593"
                        },
                        "display": "EAST LAKE ACUPUNCTURE LLC"
                    },
                    "speciality": [
                        {
                            "coding": [
                                [
                                    {
                                        "code": "171100000X",
                                        "display": "ACUPUNCTURIST",
                                        "text": "NOT APPLICABLE"
                                    }
                                ]
                            ]
                        }
                    ],
                    "availableTime": [
                        {
                            "daysOfWeek": [
                                "TUESDAY",
                                "WEDNESDAY",
                                "THURSDAY",
                                "FRIDAY"
                            ],
                            "availableStartTime": "10:10:00",
                            "availableEndTime": "18:00:00"
                        },
                        {
                            "daysOfWeek": [
                                "SATURDAY",
                                "MONDAY",
                                "TUESDAY",
                                "SATURDAY"
                            ],
                            "availableStartTime": "10:10:00",
                            "availableEndTime": "14:00:00"
                        }
                    ],
                    "telecom": [
                        {
                            "system": "fax",
                            "value": "3212507841",
                            "use": "work"
                        },
                        {
                            "system": "email",
                            "value": "acudoc407@gmail.com",
                            "use": "work"
                        }
                    ],
                    "period": {
                        "startDate": "2018-01-01"
                    },
                    "location": [
                        {
                            "reference": "e-S-4545591"
                        }
                    ],
                    "healthService": [
                        {
                            "reference": "HealthcareService/0"
                        }
                    ]
                },
                "request": {
                    "method": "POST",
                    "url": "PractitionerRole"
                }
            },
            {
                "resources": {
                    "resourceType": "Practitioner Role",
                    "active": true,
                    "practitioner": {
                        "type": "Practitioner",
                        "identifier": {
                            "system": "http://hl7.org/fhir/sid/us-npi",
                            "value": "1881821593"
                        }
                    },
                    "organization": {
                        "type": "Organization",
                        "identifier": {
                            "system": "http://hl7.org/fhir/sid/us-npi",
                            "value": "1881821593"
                        },
                        "display": "EAST LAKE ACUPUNCTURE LLC"
                    },
                    "speciality": [
                        {
                            "coding": [
                                [
                                    {
                                        "code": "171100000X",
                                        "display": "ACUPUNCTURIST",
                                        "text": "NOT APPLICABLE"
                                    }
                                ]
                            ]
                        }
                    ],
                    "availableTime": [
                        {
                            "daysOfWeek": [
                                "TUESDAY",
                                "WEDNESDAY",
                                "THURSDAY",
                                "FRIDAY"
                            ],
                            "availableStartTime": "10:10:00",
                            "availableEndTime": "18:00:00"
                        },
                        {
                            "daysOfWeek": [
                                "SATURDAY",
                                "MONDAY",
                                "TUESDAY",
                                "SATURDAY"
                            ],
                            "availableStartTime": "10:10:00",
                            "availableEndTime": "14:00:00"
                        }
                    ],
                    "telecom": [
                        {
                            "system": "fax",
                            "value": "3212507841",
                            "use": "work"
                        }
                    ],
                    "period": {
                        "startDate": "2018-01-01"
                    },
                    "location": [
                        {
                            "reference": "AV-77260372741502139418780300001300"
                        }
                    ]
                },
                "request": {
                    "method": "POST",
                    "url": "PractitionerRole"
                }
            },
            {
                "resources": {
                    "resourceType": "Practitioner Role",
                    "active": true,
                    "practitioner": {
                        "type": "Practitioner",
                        "identifier": {
                            "system": "http://hl7.org/fhir/sid/us-npi",
                            "value": "1881821593"
                        }
                    },
                    "organization": {
                        "type": "Organization",
                        "identifier": {
                            "system": "http://hl7.org/fhir/sid/us-npi",
                            "value": "1881821593"
                        },
                        "display": "EAST LAKE ACUPUNCTURE LLC"
                    },
                    "speciality": [
                        {
                            "coding": [
                                [
                                    {
                                        "code": "171100000X",
                                        "display": "ACUPUNCTURIST",
                                        "text": "NOT APPLICABLE"
                                    }
                                ]
                            ]
                        }
                    ],
                    "availableTime": [
                        {
                            "daysOfWeek": [
                                "TUESDAY",
                                "WEDNESDAY",
                                "THURSDAY",
                                "FRIDAY"
                            ],
                            "availableStartTime": "10:10:00",
                            "availableEndTime": "18:00:00"
                        },
                        {
                            "daysOfWeek": [
                                "SATURDAY",
                                "MONDAY",
                                "TUESDAY",
                                "SATURDAY"
                            ],
                            "availableStartTime": "10:10:00",
                            "availableEndTime": "14:00:00"
                        }
                    ],
                    "telecom": [
                        {
                            "system": "fax",
                            "value": "3212507841",
                            "use": "work"
                        }
                    ],
                    "period": {
                        "startDate": "2018-01-01"
                    },
                    "location": [
                        {
                            "reference": "e-B-4545591"
                        }
                    ]
                },
                "request": {
                    "method": "POST",
                    "url": "PractitionerRole"
                }
            },
            {
                "resources": {
                    "resourceType": "Location",
                    "meta": {
                        "source": "www.Availity.com",
                        "lastUpdated": "2018-12-31T19:49:49.688Z"
                    },
                    "address": {
                        "identifier": "e-S-4545591",
                        "line": [
                            "1401 BUDINGER AVENUE",
                            "Suite B"
                        ],
                        "city": "St. Cloud",
                        "state": "FL",
                        "postalCode": "34769",
                        "use": "work"
                    },
                    "telecom": [
                        {
                            "system": "phone",
                            "value": "4077387412",
                            "use": "work"
                        },
                        {
                            "system": "fax",
                            "value": "3212507841",
                            "use": "work"
                        },
                        {
                            "system": "email",
                            "value": "acudoc407@gmail.com",
                            "use": "work"
                        }
                    ],
                    "hoursOfOperation": [
                        {
                            "daysOfWeek": [
                                "TUESDAY",
                                "WEDNESDAY",
                                "THURSDAY",
                                "FRIDAY"
                            ],
                            "availableStartTime": "10:10:00",
                            "availableEndTime": "18:00:00"
                        },
                        {
                            "daysOfWeek": [
                                "SATURDAY",
                                "MONDAY",
                                "TUESDAY",
                                "SATURDAY"
                            ],
                            "availableStartTime": "10:10:00",
                            "availableEndTime": "14:00:00"
                        }
                    ]
                }
            },
            {
                "resources": {
                    "resourceType": "Location",
                    "meta": {
                        "source": "www.Availity.com",
                        "lastUpdated": "2018-12-31T19:49:49.688Z"
                    },
                    "address": {
                        "identifier": "AV-77260372741502139418780300001300",
                        "line": [
                            "1401 BUDINGER AVE",
                            "STE B"
                        ],
                        "city": "SAINT CLOUD",
                        "state": "FL",
                        "postalCode": "34769",
                        "use": "work"
                    },
                    "telecom": [
                        {
                            "system": "phone",
                            "value": "4077387412",
                            "use": "work"
                        },
                        {
                            "system": "fax",
                            "value": "3212507841",
                            "use": "work"
                        }
                    ],
                    "hoursOfOperation": [
                        {
                            "daysOfWeek": [
                                "TUESDAY",
                                "WEDNESDAY",
                                "THURSDAY",
                                "FRIDAY"
                            ],
                            "availableStartTime": "10:10:00",
                            "availableEndTime": "18:00:00"
                        },
                        {
                            "daysOfWeek": [
                                "SATURDAY",
                                "MONDAY",
                                "TUESDAY",
                                "SATURDAY"
                            ],
                            "availableStartTime": "10:10:00",
                            "availableEndTime": "14:00:00"
                        }
                    ]
                }
            },
            {
                "resources": {
                    "resourceType": "Location",
                    "meta": {
                        "source": "www.Availity.com",
                        "lastUpdated": "2018-12-31T19:49:49.688Z"
                    },
                    "address": {
                        "identifier": "e-B-4545591",
                        "line": [
                            "1401 BUDINGER AVENUE",
                            "Suite B"
                        ],
                        "city": "St. Cloud",
                        "state": "FL",
                        "postalCode": "34769",
                        "use": "work"
                    },
                    "telecom": [
                        {
                            "system": "phone",
                            "value": "4077387412",
                            "use": "work"
                        },
                        {
                            "system": "fax",
                            "value": "3212507841",
                            "use": "work"
                        }
                    ],
                    "hoursOfOperation": [
                        {
                            "daysOfWeek": [
                                "TUESDAY",
                                "WEDNESDAY",
                                "THURSDAY",
                                "FRIDAY"
                            ],
                            "availableStartTime": "10:10:00",
                            "availableEndTime": "18:00:00"
                        },
                        {
                            "daysOfWeek": [
                                "SATURDAY",
                                "MONDAY",
                                "TUESDAY",
                                "SATURDAY"
                            ],
                            "availableStartTime": "10:10:00",
                            "availableEndTime": "14:00:00"
                        }
                    ]
                }
            }
        ]
    }
]