[
    {
        "resourceType": "Bundle",
        "type": "transaction",
        "entry": [
            {
                "resource": {
                    "resourceType": "Practitioner",
                    "meta": {
                        "source": "www.Availity.com",
                        "lastUpdated": "2018-10-21T19:29:54.707Z"
                    },
                    "identifier": [
                        {
                            "value": "476865024"
                        },
                        {
                            "value": "e-P-4085074"
                        },
                        {
                            "system": "http://hl7.org/fhir/sid/us-npi",
                            "value": "1316989312"
                        }
                    ],
                    "active": true,
                    "name": [
                        {
                            "family": "Chawla"
                        },
                        {
                            "given": [
                                "Inder",
                                "M."
                            ]
                        }
                    ],
                    "gender": [
                        "Male"
                    ],
                    "birthDate": "1948-10-14",
                    "qualification": {},
                    "communication": [
                        {
                            "coding": [
                                {
                                    "code": "ENG",
                                    "display": "English"
                                }
                            ],
                            "text": "Language"
                        }
                    ]
                },
                "request": {
                    "method": "POST",
                    "url": "Practitioner"
                }
            },
            {
                "resource": {
                    "resourceType": "Organization",
                    "identifier": [
                        {
                            "value": "476865024"
                        },
                        {
                            "value": "e-P-4085074"
                        },
                        {
                            "system": "http://hl7.org/fhir/sid/us-npi",
                            "value": "1316989312"
                        }
                    ],
                    "active": true,
                    "type": [
                        {
                            "text": "prov"
                        }
                    ],
                    "name": "Chawla, Inder",
                    "address": [
                        {
                            "id": "AV-76350473221509463735684300007857",
                            "line": [
                                "1140 VARNUM STREET NORTHEAST",
                                "Pmb Bldg/Suite 202"
                            ],
                            "city": "Washington",
                            "state": "DC",
                            "postalCode": "20017",
                            "use": "work"
                        },
                        {
                            "id": "AV-92640820831508947216023300031002",
                            "line": [
                                "7600 CARROLL AVE",
                                "REHAB OUT PATIENT DEPT"
                            ],
                            "city": "TAKOMA PARK",
                            "state": "MD",
                            "postalCode": "20912",
                            "use": "work"
                        },
                        {
                            "id": "AV-92640820831508947216043300001474",
                            "line": [
                                "5255 LOUGHBORO ROAD NORTHWEST"
                            ],
                            "city": "Washington",
                            "state": "DC",
                            "postalCode": "20016",
                            "use": "work"
                        },
                        {
                            "id": "AV-92640820831508947216062300017847",
                            "line": [
                                "1140 VARNUM STREET NORTHEAST"
                            ],
                            "city": "Washington",
                            "state": "DC",
                            "postalCode": "20017",
                            "use": "work"
                        }
                    ],
                    "telecom": [
                        {
                            "system": "phone",
                            "value": "3014696242",
                            "use": "work"
                        },
                        {
                            "system": "phone",
                            "value": "3018915393",
                            "use": "work"
                        },
                        {
                            "system": "phone",
                            "value": "2025374158",
                            "use": "work"
                        },
                        {
                            "system": "phone",
                            "value": "2022695990",
                            "use": "work"
                        },
                        {
                            "system": "alternate phone",
                            "value": "2022695990",
                            "use": "work"
                        },
                        {
                            "system": "alternate phone",
                            "value": "3018915393",
                            "use": "work"
                        }
                    ],
                    "contact": [
                        {
                            "purpose": {
                                "text": "ADMIN"
                            },
                            "name": [
                                {
                                    "family": "Chawla"
                                },
                                {
                                    "given": [
                                        "Inder",
                                        "M."
                                    ]
                                }
                            ],
                            "telecom": [
                                {
                                    "system": "phone",
                                    "value": "3014696242",
                                    "use": "work"
                                },
                                {
                                    "system": "phone",
                                    "value": "3018915393",
                                    "use": "work"
                                },
                                {
                                    "system": "phone",
                                    "value": "2025374158",
                                    "use": "work"
                                },
                                {
                                    "system": "phone",
                                    "value": "2022695990",
                                    "use": "work"
                                },
                                {
                                    "system": "alternate phone",
                                    "value": "2022695990",
                                    "use": "work"
                                },
                                {
                                    "system": "alternate phone",
                                    "value": "3018915393",
                                    "use": "work"
                                }
                            ],
                            "address": [
                                {
                                    "id": "AV-76350473221509463735684300007857",
                                    "line": [
                                        "1140 VARNUM STREET NORTHEAST",
                                        "Pmb Bldg/Suite 202"
                                    ],
                                    "city": "Washington",
                                    "state": "DC",
                                    "postalCode": "20017",
                                    "use": "work"
                                },
                                {
                                    "id": "AV-92640820831508947216023300031002",
                                    "line": [
                                        "7600 CARROLL AVE",
                                        "REHAB OUT PATIENT DEPT"
                                    ],
                                    "city": "TAKOMA PARK",
                                    "state": "MD",
                                    "postalCode": "20912",
                                    "use": "work"
                                },
                                {
                                    "id": "AV-92640820831508947216043300001474",
                                    "line": [
                                        "5255 LOUGHBORO ROAD NORTHWEST"
                                    ],
                                    "city": "Washington",
                                    "state": "DC",
                                    "postalCode": "20016",
                                    "use": "work"
                                },
                                {
                                    "id": "AV-92640820831508947216062300017847",
                                    "line": [
                                        "1140 VARNUM STREET NORTHEAST"
                                    ],
                                    "city": "Washington",
                                    "state": "DC",
                                    "postalCode": "20017",
                                    "use": "work"
                                }
                            ]
                        }
                    ]
                }
            },
            {
                "resource": {
                    "resourceType": "HealthcareService",
                    "identifier": [
                        {
                            "value": "476865024"
                        },
                        {
                            "system": "http://hl7.org/fhir/sid/us-npi",
                            "value": "1316989312"
                        }
                    ],
                    "active": true,
                    "providedby": "Chawla, Inder",
                    "speciality": [
                        {
                            "coding": [
                                [
                                    {
                                        "code": "208100000X",
                                        "display": "PHYSICAL MEDICINE & REHABILITATION",
                                        "text": "NOT APPLICABLE"
                                    }
                                ]
                            ]
                        }
                    ],
                    "telecom": [
                        {
                            "system": "phone",
                            "value": "3014696242",
                            "use": "work"
                        },
                        {
                            "system": "phone",
                            "value": "3018915393",
                            "use": "work"
                        },
                        {
                            "system": "phone",
                            "value": "2025374158",
                            "use": "work"
                        },
                        {
                            "system": "phone",
                            "value": "2022695990",
                            "use": "work"
                        },
                        {
                            "system": "alternate phone",
                            "value": "2022695990",
                            "use": "work"
                        },
                        {
                            "system": "alternate phone",
                            "value": "3018915393",
                            "use": "work"
                        }
                    ],
                    "communication": [
                        {
                            "coding": [
                                {
                                    "code": "ENG",
                                    "display": "English"
                                }
                            ],
                            "text": "Language"
                        }
                    ],
                    "availableTime": [
                        {
                            "daysOfWeek": [],
                            "availableStartTime": "",
                            "availableEndTime": ""
                        }
                    ]
                }
            },
            {
                "resources": {
                    "resourceType": "Practitioner Role",
                    "active": true,
                    "practitioner": {
                        "type": "Practitioner",
                        "identifier": {
                            "system": "http://hl7.org/fhir/sid/us-npi",
                            "value": "1316989312"
                        }
                    },
                    "organization": {
                        "type": "Organization",
                        "identifier": {
                            "system": "http://hl7.org/fhir/sid/us-npi",
                            "value": "1316989312"
                        },
                        "display": "Chawla, Inder"
                    },
                    "speciality": [
                        {
                            "coding": [
                                [
                                    {
                                        "code": "208100000X",
                                        "display": "PHYSICAL MEDICINE & REHABILITATION",
                                        "text": "NOT APPLICABLE"
                                    }
                                ]
                            ]
                        }
                    ],
                    "availableTime": [
                        {
                            "daysOfWeek": [],
                            "availableStartTime": "",
                            "availableEndTime": ""
                        }
                    ],
                    "telecom": [
                        {
                            "system": "alternatePhone",
                            "value": "2022695990",
                            "use": "work"
                        }
                    ],
                    "location": [
                        {
                            "reference": "AV-76350473221509463735684300007857"
                        }
                    ],
                    "healthService": [
                        {
                            "reference": "HealthcareService/0"
                        }
                    ]
                },
                "request": {
                    "method": "POST",
                    "url": "PractitionerRole"
                }
            },
            {
                "resources": {
                    "resourceType": "Practitioner Role",
                    "active": true,
                    "practitioner": {
                        "type": "Practitioner",
                        "identifier": {
                            "system": "http://hl7.org/fhir/sid/us-npi",
                            "value": "1316989312"
                        }
                    },
                    "organization": {
                        "type": "Organization",
                        "identifier": {
                            "system": "http://hl7.org/fhir/sid/us-npi",
                            "value": "1316989312"
                        },
                        "display": "Chawla, Inder"
                    },
                    "speciality": [
                        {
                            "coding": [
                                [
                                    {
                                        "code": "208100000X",
                                        "display": "PHYSICAL MEDICINE & REHABILITATION",
                                        "text": "NOT APPLICABLE"
                                    }
                                ]
                            ]
                        }
                    ],
                    "availableTime": [
                        {
                            "daysOfWeek": [],
                            "availableStartTime": "",
                            "availableEndTime": ""
                        }
                    ],
                    "telecom": [],
                    "location": [
                        {
                            "reference": "AV-92640820831508947216023300031002"
                        }
                    ]
                },
                "request": {
                    "method": "POST",
                    "url": "PractitionerRole"
                }
            },
            {
                "resources": {
                    "resourceType": "Practitioner Role",
                    "active": true,
                    "practitioner": {
                        "type": "Practitioner",
                        "identifier": {
                            "system": "http://hl7.org/fhir/sid/us-npi",
                            "value": "1316989312"
                        }
                    },
                    "organization": {
                        "type": "Organization",
                        "identifier": {
                            "system": "http://hl7.org/fhir/sid/us-npi",
                            "value": "1316989312"
                        },
                        "display": "Chawla, Inder"
                    },
                    "speciality": [
                        {
                            "coding": [
                                [
                                    {
                                        "code": "208100000X",
                                        "display": "PHYSICAL MEDICINE & REHABILITATION",
                                        "text": "NOT APPLICABLE"
                                    }
                                ]
                            ]
                        }
                    ],
                    "availableTime": [
                        {
                            "daysOfWeek": [],
                            "availableStartTime": "",
                            "availableEndTime": ""
                        }
                    ],
                    "telecom": [
                        {
                            "system": "alternatePhone",
                            "value": "3018915393",
                            "use": "work"
                        }
                    ],
                    "location": [
                        {
                            "reference": "AV-92640820831508947216043300001474"
                        }
                    ]
                },
                "request": {
                    "method": "POST",
                    "url": "PractitionerRole"
                }
            },
            {
                "resources": {
                    "resourceType": "Practitioner Role",
                    "active": true,
                    "practitioner": {
                        "type": "Practitioner",
                        "identifier": {
                            "system": "http://hl7.org/fhir/sid/us-npi",
                            "value": "1316989312"
                        }
                    },
                    "organization": {
                        "type": "Organization",
                        "identifier": {
                            "system": "http://hl7.org/fhir/sid/us-npi",
                            "value": "1316989312"
                        },
                        "display": "Chawla, Inder"
                    },
                    "speciality": [
                        {
                            "coding": [
                                [
                                    {
                                        "code": "208100000X",
                                        "display": "PHYSICAL MEDICINE & REHABILITATION",
                                        "text": "NOT APPLICABLE"
                                    }
                                ]
                            ]
                        }
                    ],
                    "availableTime": [
                        {
                            "daysOfWeek": [],
                            "availableStartTime": "",
                            "availableEndTime": ""
                        }
                    ],
                    "telecom": [],
                    "location": [
                        {
                            "reference": "AV-92640820831508947216062300017847"
                        }
                    ]
                },
                "request": {
                    "method": "POST",
                    "url": "PractitionerRole"
                }
            },
            {
                "resources": {
                    "resourceType": "Location",
                    "meta": {
                        "source": "www.Availity.com",
                        "lastUpdated": "2018-10-21T19:29:54.707Z"
                    },
                    "address": {
                        "identifier": "AV-76350473221509463735684300007857",
                        "line": [
                            "1140 VARNUM STREET NORTHEAST",
                            "Pmb Bldg/Suite 202"
                        ],
                        "city": "Washington",
                        "state": "DC",
                        "postalCode": "20017",
                        "use": "work"
                    },
                    "telecom": [
                        {
                            "system": "phone",
                            "value": "3014696242",
                            "use": "work"
                        },
                        {
                            "system": "alternatePhone",
                            "value": "2022695990",
                            "use": "work"
                        }
                    ],
                    "hoursOfOperation": [
                        {
                            "daysOfWeek": [],
                            "availableStartTime": "",
                            "availableEndTime": ""
                        }
                    ]
                }
            },
            {
                "resources": {
                    "resourceType": "Location",
                    "meta": {
                        "source": "www.Availity.com",
                        "lastUpdated": "2018-10-21T19:29:54.707Z"
                    },
                    "address": {
                        "identifier": "AV-92640820831508947216023300031002",
                        "line": [
                            "7600 CARROLL AVE",
                            "REHAB OUT PATIENT DEPT"
                        ],
                        "city": "TAKOMA PARK",
                        "state": "MD",
                        "postalCode": "20912",
                        "use": "work"
                    },
                    "telecom": [
                        {
                            "system": "phone",
                            "value": "3018915393",
                            "use": "work"
                        }
                    ],
                    "hoursOfOperation": [
                        {
                            "daysOfWeek": [],
                            "availableStartTime": "",
                            "availableEndTime": ""
                        }
                    ]
                }
            },
            {
                "resources": {
                    "resourceType": "Location",
                    "meta": {
                        "source": "www.Availity.com",
                        "lastUpdated": "2018-10-21T19:29:54.707Z"
                    },
                    "address": {
                        "identifier": "AV-92640820831508947216043300001474",
                        "line": [
                            "5255 LOUGHBORO ROAD NORTHWEST"
                        ],
                        "city": "Washington",
                        "state": "DC",
                        "postalCode": "20016",
                        "use": "work"
                    },
                    "telecom": [
                        {
                            "system": "phone",
                            "value": "2025374158",
                            "use": "work"
                        },
                        {
                            "system": "alternatePhone",
                            "value": "3018915393",
                            "use": "work"
                        }
                    ],
                    "hoursOfOperation": [
                        {
                            "daysOfWeek": [],
                            "availableStartTime": "",
                            "availableEndTime": ""
                        }
                    ]
                }
            },
            {
                "resources": {
                    "resourceType": "Location",
                    "meta": {
                        "source": "www.Availity.com",
                        "lastUpdated": "2018-10-21T19:29:54.707Z"
                    },
                    "address": {
                        "identifier": "AV-92640820831508947216062300017847",
                        "line": [
                            "1140 VARNUM STREET NORTHEAST"
                        ],
                        "city": "Washington",
                        "state": "DC",
                        "postalCode": "20017",
                        "use": "work"
                    },
                    "telecom": [
                        {
                            "system": "phone",
                            "value": "2022695990",
                            "use": "work"
                        }
                    ],
                    "hoursOfOperation": [
                        {
                            "daysOfWeek": [],
                            "availableStartTime": "",
                            "availableEndTime": ""
                        }
                    ]
                }
            }
        ]
    }
]