[
    {
        "resourceType": "Bundle",
        "type": "transaction",
        "entry": [
            {
                "resource": {
                    "resourceType": "Practitioner",
                    "meta": {
                        "source": "www.Availity.com",
                        "lastUpdated": "2019-01-01T02:50:17.164Z"
                    },
                    "identifier": [
                        {
                            "value": "527256135"
                        },
                        {
                            "value": "e-P-4301804"
                        },
                        {
                            "system": "http://hl7.org/fhir/sid/us-npi",
                            "value": "1093839268"
                        }
                    ],
                    "active": true,
                    "name": [
                        {
                            "family": "NELSON"
                        },
                        {
                            "given": [
                                "CURTIS",
                                "E"
                            ]
                        },
                        {
                            "prefix": [
                                "Dr."
                            ]
                        }
                    ],
                    "gender": [
                        "Male"
                    ],
                    "birthDate": "1959-11-08",
                    "qualification": {},
                    "communication": [
                        {
                            "coding": [
                                {
                                    "code": "ENG",
                                    "display": "English"
                                },
                                {
                                    "code": "SPA",
                                    "display": "Spanish"
                                }
                            ],
                            "text": "Language"
                        }
                    ]
                },
                "request": {
                    "method": "POST",
                    "url": "Practitioner"
                }
            },
            {
                "resource": {
                    "resourceType": "Organization",
                    "identifier": [
                        {
                            "value": "527256135"
                        },
                        {
                            "value": "e-P-4301804"
                        },
                        {
                            "system": "http://hl7.org/fhir/sid/us-npi",
                            "value": "1093839268"
                        }
                    ],
                    "active": true,
                    "type": [
                        {
                            "text": "prov"
                        }
                    ],
                    "name": "NELSON CHIROPRACTIC OFFICE, LTD, PS",
                    "address": [
                        {
                            "id": "e-B-2561373",
                            "line": [
                                "16250 NORTHEAST 80TH STREET"
                            ],
                            "city": "Redmond",
                            "state": "WA",
                            "postalCode": "98052",
                            "use": "work"
                        }
                    ],
                    "telecom": [
                        {
                            "system": "fax",
                            "value": "4258839812",
                            "use": "work"
                        },
                        {
                            "system": "phone",
                            "value": "4258671119",
                            "use": "work"
                        },
                        {
                            "system": "alternate phone",
                            "value": "4258671119",
                            "use": "work"
                        }
                    ],
                    "contact": [
                        {
                            "purpose": {
                                "text": "ADMIN"
                            },
                            "name": [
                                {
                                    "family": "NELSON"
                                },
                                {
                                    "given": [
                                        "CURTIS",
                                        "E"
                                    ]
                                },
                                {
                                    "prefix": [
                                        "Dr."
                                    ]
                                }
                            ],
                            "telecom": [
                                {
                                    "system": "fax",
                                    "value": "4258839812",
                                    "use": "work"
                                },
                                {
                                    "system": "phone",
                                    "value": "4258671119",
                                    "use": "work"
                                },
                                {
                                    "system": "alternate phone",
                                    "value": "4258671119",
                                    "use": "work"
                                }
                            ],
                            "address": [
                                {
                                    "id": "e-B-2561373",
                                    "line": [
                                        "16250 NORTHEAST 80TH STREET"
                                    ],
                                    "city": "Redmond",
                                    "state": "WA",
                                    "postalCode": "98052",
                                    "use": "work"
                                }
                            ]
                        }
                    ]
                }
            },
            {
                "resource": {
                    "resourceType": "HealthcareService",
                    "identifier": [
                        {
                            "value": "527256135"
                        },
                        {
                            "system": "http://hl7.org/fhir/sid/us-npi",
                            "value": "1093839268"
                        }
                    ],
                    "active": true,
                    "providedby": "NELSON CHIROPRACTIC OFFICE, LTD, PS",
                    "speciality": [
                        {
                            "coding": [
                                [
                                    {
                                        "code": "111N00000X",
                                        "display": "CHIROPRACTOR",
                                        "text": "NOT APPLICABLE"
                                    }
                                ]
                            ]
                        }
                    ],
                    "telecom": [
                        {
                            "system": "fax",
                            "value": "4258839812",
                            "use": "work"
                        },
                        {
                            "system": "phone",
                            "value": "4258671119",
                            "use": "work"
                        },
                        {
                            "system": "alternate phone",
                            "value": "4258671119",
                            "use": "work"
                        }
                    ],
                    "communication": [
                        {
                            "coding": [
                                {
                                    "code": "ENG",
                                    "display": "English"
                                },
                                {
                                    "code": "SPA",
                                    "display": "Spanish"
                                }
                            ],
                            "text": "Language"
                        }
                    ],
                    "availableTime": [
                        {
                            "daysOfWeek": [
                                "MONDAY",
                                "WEDNESDAY",
                                "FRIDAY"
                            ],
                            "availableStartTime": "09:09:00",
                            "availableEndTime": "18:00:00"
                        },
                        {
                            "daysOfWeek": [
                                "TUESDAY",
                                "SATURDAY"
                            ],
                            "availableStartTime": "09:09:00",
                            "availableEndTime": "11:00:00"
                        }
                    ]
                }
            },
            {
                "resources": {
                    "resourceType": "Practitioner Role",
                    "active": true,
                    "practitioner": {
                        "type": "Practitioner",
                        "identifier": {
                            "system": "http://hl7.org/fhir/sid/us-npi",
                            "value": "1093839268"
                        }
                    },
                    "organization": {
                        "type": "Organization",
                        "identifier": {
                            "system": "http://hl7.org/fhir/sid/us-npi",
                            "value": "1093839268"
                        },
                        "display": "NELSON CHIROPRACTIC OFFICE, LTD, PS"
                    },
                    "speciality": [
                        {
                            "coding": [
                                [
                                    {
                                        "code": "111N00000X",
                                        "display": "CHIROPRACTOR",
                                        "text": "NOT APPLICABLE"
                                    }
                                ]
                            ]
                        }
                    ],
                    "availableTime": [
                        {
                            "daysOfWeek": [
                                "MONDAY",
                                "WEDNESDAY",
                                "FRIDAY"
                            ],
                            "availableStartTime": "09:09:00",
                            "availableEndTime": "18:00:00"
                        },
                        {
                            "daysOfWeek": [
                                "TUESDAY",
                                "SATURDAY"
                            ],
                            "availableStartTime": "09:09:00",
                            "availableEndTime": "11:00:00"
                        }
                    ],
                    "telecom": [],
                    "location": [
                        {
                            "reference": "e-S-2561373"
                        }
                    ],
                    "healthService": [
                        {
                            "reference": "HealthcareService/0"
                        }
                    ]
                },
                "request": {
                    "method": "POST",
                    "url": "PractitionerRole"
                }
            },
            {
                "resources": {
                    "resourceType": "Practitioner Role",
                    "active": true,
                    "practitioner": {
                        "type": "Practitioner",
                        "identifier": {
                            "system": "http://hl7.org/fhir/sid/us-npi",
                            "value": "1093839268"
                        }
                    },
                    "organization": {
                        "type": "Organization",
                        "identifier": {
                            "system": "http://hl7.org/fhir/sid/us-npi",
                            "value": "1093839268"
                        },
                        "display": "NELSON CHIROPRACTIC OFFICE, LTD, PS"
                    },
                    "speciality": [
                        {
                            "coding": [
                                [
                                    {
                                        "code": "111N00000X",
                                        "display": "CHIROPRACTOR",
                                        "text": "NOT APPLICABLE"
                                    }
                                ]
                            ]
                        }
                    ],
                    "availableTime": [
                        {
                            "daysOfWeek": [
                                "MONDAY",
                                "WEDNESDAY",
                                "FRIDAY"
                            ],
                            "availableStartTime": "09:09:00",
                            "availableEndTime": "18:00:00"
                        },
                        {
                            "daysOfWeek": [
                                "TUESDAY",
                                "SATURDAY"
                            ],
                            "availableStartTime": "09:09:00",
                            "availableEndTime": "11:00:00"
                        }
                    ],
                    "telecom": [
                        {
                            "system": "fax",
                            "value": "4258839812",
                            "use": "work"
                        }
                    ],
                    "location": [
                        {
                            "reference": "e-B-2561373"
                        }
                    ]
                },
                "request": {
                    "method": "POST",
                    "url": "PractitionerRole"
                }
            },
            {
                "resources": {
                    "resourceType": "Location",
                    "meta": {
                        "source": "www.Availity.com",
                        "lastUpdated": "2019-01-01T02:50:17.164Z"
                    },
                    "address": {
                        "identifier": "e-S-2561373",
                        "line": [
                            "16250 NORTHEAST 80TH STREET"
                        ],
                        "city": "Redmond",
                        "state": "WA",
                        "postalCode": "98052",
                        "use": "work"
                    },
                    "telecom": [
                        {
                            "system": "phone",
                            "value": "4258671119",
                            "use": "work"
                        }
                    ],
                    "hoursOfOperation": [
                        {
                            "daysOfWeek": [
                                "MONDAY",
                                "WEDNESDAY",
                                "FRIDAY"
                            ],
                            "availableStartTime": "09:09:00",
                            "availableEndTime": "18:00:00"
                        },
                        {
                            "daysOfWeek": [
                                "TUESDAY",
                                "SATURDAY"
                            ],
                            "availableStartTime": "09:09:00",
                            "availableEndTime": "11:00:00"
                        }
                    ]
                }
            },
            {
                "resources": {
                    "resourceType": "Location",
                    "meta": {
                        "source": "www.Availity.com",
                        "lastUpdated": "2019-01-01T02:50:17.164Z"
                    },
                    "address": {
                        "identifier": "e-B-2561373",
                        "line": [
                            "16250 NORTHEAST 80TH STREET"
                        ],
                        "city": "Redmond",
                        "state": "WA",
                        "postalCode": "98052",
                        "use": "work"
                    },
                    "telecom": [
                        {
                            "system": "phone",
                            "value": "4258671119",
                            "use": "work"
                        },
                        {
                            "system": "fax",
                            "value": "4258839812",
                            "use": "work"
                        }
                    ],
                    "hoursOfOperation": [
                        {
                            "daysOfWeek": [
                                "MONDAY",
                                "WEDNESDAY",
                                "FRIDAY"
                            ],
                            "availableStartTime": "09:09:00",
                            "availableEndTime": "18:00:00"
                        },
                        {
                            "daysOfWeek": [
                                "TUESDAY",
                                "SATURDAY"
                            ],
                            "availableStartTime": "09:09:00",
                            "availableEndTime": "11:00:00"
                        }
                    ]
                }
            }
        ]
    }
]