[
    {
        "resourceType": "Bundle",
        "type": "transaction",
        "entry": [
            {
                "resource": {
                    "resourceType": "Practitioner",
                    "meta": {
                        "source": "www.Availity.com",
                        "lastUpdated": "2018-09-19T13:06:10.760Z"
                    },
                    "identifier": [
                        {
                            "value": "541567372"
                        },
                        {
                            "value": "e-P-7868813"
                        },
                        {
                            "system": "http://hl7.org/fhir/sid/us-npi",
                            "value": "1407864127"
                        }
                    ],
                    "active": true,
                    "name": [
                        {
                            "family": "Snider"
                        },
                        {
                            "given": [
                                "Zairha",
                                "G"
                            ]
                        },
                        {
                            "prefix": [
                                "Dr."
                            ]
                        }
                    ],
                    "gender": [
                        "Female"
                    ],
                    "birthDate": "1975-11-13",
                    "qualification": {},
                    "communication": [
                        {
                            "coding": [
                                {
                                    "code": "ENG",
                                    "display": "English"
                                },
                                {
                                    "code": "SPA",
                                    "display": "Spanish"
                                },
                                {
                                    "code": "ENG",
                                    "display": "English"
                                }
                            ],
                            "text": "Language"
                        }
                    ]
                },
                "request": {
                    "method": "POST",
                    "url": "Practitioner"
                }
            },
            {
                "resource": {
                    "resourceType": "Organization",
                    "identifier": [
                        {
                            "value": "541567372"
                        },
                        {
                            "value": "e-P-7868813"
                        },
                        {
                            "system": "http://hl7.org/fhir/sid/us-npi",
                            "value": "1407864127"
                        }
                    ],
                    "active": true,
                    "type": [
                        {
                            "text": "prov"
                        }
                    ],
                    "name": "Child Adolescent Health Assoc",
                    "address": [
                        {
                            "id": "e-S-3081069",
                            "line": [
                                "2900 LAMB CIR",
                                "Ste 160"
                            ],
                            "city": "Christiansburg",
                            "state": "VA",
                            "postalCode": "24073",
                            "use": "work"
                        },
                        {
                            "id": "e-S-381232",
                            "line": [
                                "200 8TH ST"
                            ],
                            "city": "Radford",
                            "state": "VA",
                            "postalCode": "24141",
                            "use": "work"
                        },
                        {
                            "id": "e-S-2492731",
                            "line": [
                                "2900 LAMBS CIRCLE",
                                "Suite 160"
                            ],
                            "city": "Christiansburg",
                            "state": "VA",
                            "postalCode": "24073",
                            "use": "work"
                        },
                        {
                            "id": "AV-54934133681527777302618300004004",
                            "line": [
                                "2900 LAMB CIR STE 160"
                            ],
                            "city": "CHRISTIANSBURG",
                            "state": "VA",
                            "postalCode": "24073",
                            "use": "work"
                        }
                    ],
                    "telecom": [
                        {
                            "system": "phone",
                            "value": "5406395188",
                            "use": "work"
                        },
                        {
                            "system": "phone",
                            "value": "5406395620",
                            "use": "work"
                        },
                        {
                            "system": "alternate phone",
                            "value": "5406395620",
                            "use": "work"
                        },
                        {
                            "system": "alternate phone",
                            "value": "5406395188",
                            "use": "work"
                        }
                    ],
                    "contact": [
                        {
                            "purpose": {
                                "text": "ADMIN"
                            },
                            "name": [
                                {
                                    "family": "Snider"
                                },
                                {
                                    "given": [
                                        "Zairha",
                                        "G"
                                    ]
                                },
                                {
                                    "prefix": [
                                        "Dr."
                                    ]
                                }
                            ],
                            "telecom": [
                                {
                                    "system": "phone",
                                    "value": "5406395188",
                                    "use": "work"
                                },
                                {
                                    "system": "phone",
                                    "value": "5406395620",
                                    "use": "work"
                                },
                                {
                                    "system": "alternate phone",
                                    "value": "5406395620",
                                    "use": "work"
                                },
                                {
                                    "system": "alternate phone",
                                    "value": "5406395188",
                                    "use": "work"
                                }
                            ],
                            "address": [
                                {
                                    "id": "e-S-3081069",
                                    "line": [
                                        "2900 LAMB CIR",
                                        "Ste 160"
                                    ],
                                    "city": "Christiansburg",
                                    "state": "VA",
                                    "postalCode": "24073",
                                    "use": "work"
                                },
                                {
                                    "id": "e-S-381232",
                                    "line": [
                                        "200 8TH ST"
                                    ],
                                    "city": "Radford",
                                    "state": "VA",
                                    "postalCode": "24141",
                                    "use": "work"
                                },
                                {
                                    "id": "e-S-2492731",
                                    "line": [
                                        "2900 LAMBS CIRCLE",
                                        "Suite 160"
                                    ],
                                    "city": "Christiansburg",
                                    "state": "VA",
                                    "postalCode": "24073",
                                    "use": "work"
                                },
                                {
                                    "id": "AV-54934133681527777302618300004004",
                                    "line": [
                                        "2900 LAMB CIR STE 160"
                                    ],
                                    "city": "CHRISTIANSBURG",
                                    "state": "VA",
                                    "postalCode": "24073",
                                    "use": "work"
                                }
                            ]
                        }
                    ]
                }
            },
            {
                "resource": {
                    "resourceType": "HealthcareService",
                    "identifier": [
                        {
                            "value": "541567372"
                        },
                        {
                            "system": "http://hl7.org/fhir/sid/us-npi",
                            "value": "1407864127"
                        }
                    ],
                    "active": true,
                    "providedby": "Child Adolescent Health Assoc",
                    "speciality": [
                        {
                            "coding": [
                                [
                                    {
                                        "code": "208000000X",
                                        "display": "PEDIATRICS",
                                        "text": "NOT APPLICABLE"
                                    }
                                ]
                            ]
                        }
                    ],
                    "telecom": [
                        {
                            "system": "phone",
                            "value": "5406395188",
                            "use": "work"
                        },
                        {
                            "system": "phone",
                            "value": "5406395620",
                            "use": "work"
                        },
                        {
                            "system": "alternate phone",
                            "value": "5406395620",
                            "use": "work"
                        },
                        {
                            "system": "alternate phone",
                            "value": "5406395188",
                            "use": "work"
                        }
                    ],
                    "communication": [
                        {
                            "coding": [
                                {
                                    "code": "ENG",
                                    "display": "English"
                                },
                                {
                                    "code": "SPA",
                                    "display": "Spanish"
                                },
                                {
                                    "code": "ENG",
                                    "display": "English"
                                }
                            ],
                            "text": "Language"
                        }
                    ],
                    "availableTime": [
                        {
                            "daysOfWeek": [
                                "MONDAY",
                                "TUESDAY",
                                "WEDNESDAY",
                                "THURSDAY"
                            ],
                            "availableStartTime": "10:10:00",
                            "availableEndTime": "19:00:00"
                        },
                        {
                            "daysOfWeek": [
                                "SATURDAY",
                                "SUNDAY"
                            ],
                            "availableStartTime": "12:12:00",
                            "availableEndTime": "15:30:00"
                        }
                    ]
                }
            },
            {
                "resources": {
                    "resourceType": "Practitioner Role",
                    "active": true,
                    "practitioner": {
                        "type": "Practitioner",
                        "identifier": {
                            "system": "http://hl7.org/fhir/sid/us-npi",
                            "value": "1407864127"
                        }
                    },
                    "organization": {
                        "type": "Organization",
                        "identifier": {
                            "system": "http://hl7.org/fhir/sid/us-npi",
                            "value": "1407864127"
                        },
                        "display": "Child Adolescent Health Assoc"
                    },
                    "speciality": [
                        {
                            "coding": [
                                [
                                    {
                                        "code": "208000000X",
                                        "display": "PEDIATRICS",
                                        "text": "NOT APPLICABLE"
                                    }
                                ]
                            ]
                        }
                    ],
                    "availableTime": [
                        {
                            "daysOfWeek": [
                                "MONDAY",
                                "TUESDAY",
                                "WEDNESDAY",
                                "THURSDAY"
                            ],
                            "availableStartTime": "10:10:00",
                            "availableEndTime": "19:00:00"
                        },
                        {
                            "daysOfWeek": [
                                "SATURDAY",
                                "SUNDAY"
                            ],
                            "availableStartTime": "12:12:00",
                            "availableEndTime": "15:30:00"
                        }
                    ],
                    "telecom": [
                        {
                            "system": "alternatePhone",
                            "value": "5406395620",
                            "use": "work"
                        }
                    ],
                    "period": {
                        "startDate": "2000-01-01"
                    },
                    "location": [
                        {
                            "reference": "e-S-3081069"
                        }
                    ],
                    "healthService": [
                        {
                            "reference": "HealthcareService/0"
                        }
                    ]
                },
                "request": {
                    "method": "POST",
                    "url": "PractitionerRole"
                }
            },
            {
                "resources": {
                    "resourceType": "Practitioner Role",
                    "active": true,
                    "practitioner": {
                        "type": "Practitioner",
                        "identifier": {
                            "system": "http://hl7.org/fhir/sid/us-npi",
                            "value": "1407864127"
                        }
                    },
                    "organization": {
                        "type": "Organization",
                        "identifier": {
                            "system": "http://hl7.org/fhir/sid/us-npi",
                            "value": "1407864127"
                        },
                        "display": "Child Adolescent Health Assoc"
                    },
                    "speciality": [
                        {
                            "coding": [
                                [
                                    {
                                        "code": "208000000X",
                                        "display": "PEDIATRICS",
                                        "text": "NOT APPLICABLE"
                                    }
                                ]
                            ]
                        }
                    ],
                    "availableTime": [
                        {
                            "daysOfWeek": [
                                "MONDAY",
                                "TUESDAY",
                                "WEDNESDAY",
                                "THURSDAY"
                            ],
                            "availableStartTime": "10:10:00",
                            "availableEndTime": "19:00:00"
                        },
                        {
                            "daysOfWeek": [
                                "SATURDAY",
                                "SUNDAY"
                            ],
                            "availableStartTime": "12:12:00",
                            "availableEndTime": "15:30:00"
                        }
                    ],
                    "telecom": [],
                    "period": {
                        "startDate": "2000-01-01"
                    },
                    "location": [
                        {
                            "reference": "e-S-381232"
                        }
                    ]
                },
                "request": {
                    "method": "POST",
                    "url": "PractitionerRole"
                }
            },
            {
                "resources": {
                    "resourceType": "Practitioner Role",
                    "active": true,
                    "practitioner": {
                        "type": "Practitioner",
                        "identifier": {
                            "system": "http://hl7.org/fhir/sid/us-npi",
                            "value": "1407864127"
                        }
                    },
                    "organization": {
                        "type": "Organization",
                        "identifier": {
                            "system": "http://hl7.org/fhir/sid/us-npi",
                            "value": "1407864127"
                        },
                        "display": "Child Adolescent Health Assoc"
                    },
                    "speciality": [
                        {
                            "coding": [
                                [
                                    {
                                        "code": "208000000X",
                                        "display": "PEDIATRICS",
                                        "text": "NOT APPLICABLE"
                                    }
                                ]
                            ]
                        }
                    ],
                    "availableTime": [
                        {
                            "daysOfWeek": [
                                "MONDAY",
                                "TUESDAY",
                                "WEDNESDAY",
                                "THURSDAY"
                            ],
                            "availableStartTime": "10:10:00",
                            "availableEndTime": "19:00:00"
                        },
                        {
                            "daysOfWeek": [
                                "SATURDAY",
                                "SUNDAY"
                            ],
                            "availableStartTime": "12:12:00",
                            "availableEndTime": "15:30:00"
                        }
                    ],
                    "telecom": [],
                    "period": {
                        "startDate": "2000-01-01"
                    },
                    "location": [
                        {
                            "reference": "e-S-2492731"
                        }
                    ]
                },
                "request": {
                    "method": "POST",
                    "url": "PractitionerRole"
                }
            },
            {
                "resources": {
                    "resourceType": "Practitioner Role",
                    "active": true,
                    "practitioner": {
                        "type": "Practitioner",
                        "identifier": {
                            "system": "http://hl7.org/fhir/sid/us-npi",
                            "value": "1407864127"
                        }
                    },
                    "organization": {
                        "type": "Organization",
                        "identifier": {
                            "system": "http://hl7.org/fhir/sid/us-npi",
                            "value": "1407864127"
                        },
                        "display": "Child Adolescent Health Assoc"
                    },
                    "speciality": [
                        {
                            "coding": [
                                [
                                    {
                                        "code": "208000000X",
                                        "display": "PEDIATRICS",
                                        "text": "NOT APPLICABLE"
                                    }
                                ]
                            ]
                        }
                    ],
                    "availableTime": [
                        {
                            "daysOfWeek": [
                                "MONDAY",
                                "TUESDAY",
                                "WEDNESDAY",
                                "THURSDAY"
                            ],
                            "availableStartTime": "10:10:00",
                            "availableEndTime": "19:00:00"
                        },
                        {
                            "daysOfWeek": [
                                "SATURDAY",
                                "SUNDAY"
                            ],
                            "availableStartTime": "12:12:00",
                            "availableEndTime": "15:30:00"
                        }
                    ],
                    "telecom": [
                        {
                            "system": "alternatePhone",
                            "value": "5406395620",
                            "use": "work"
                        }
                    ],
                    "period": {
                        "startDate": "2000-01-01"
                    },
                    "location": [
                        {
                            "reference": "AV-54934133681527777302618300004004"
                        }
                    ]
                },
                "request": {
                    "method": "POST",
                    "url": "PractitionerRole"
                }
            },
            {
                "resources": {
                    "resourceType": "Location",
                    "meta": {
                        "source": "www.Availity.com",
                        "lastUpdated": "2018-09-19T13:06:10.760Z"
                    },
                    "address": {
                        "identifier": "e-S-3081069",
                        "line": [
                            "2900 LAMB CIR",
                            "Ste 160"
                        ],
                        "city": "Christiansburg",
                        "state": "VA",
                        "postalCode": "24073",
                        "use": "work"
                    },
                    "telecom": [
                        {
                            "system": "phone",
                            "value": "5406395188",
                            "use": "work"
                        },
                        {
                            "system": "alternatePhone",
                            "value": "5406395620",
                            "use": "work"
                        }
                    ],
                    "hoursOfOperation": [
                        {
                            "daysOfWeek": [
                                "MONDAY",
                                "TUESDAY",
                                "WEDNESDAY",
                                "THURSDAY"
                            ],
                            "availableStartTime": "10:10:00",
                            "availableEndTime": "19:00:00"
                        },
                        {
                            "daysOfWeek": [
                                "SATURDAY",
                                "SUNDAY"
                            ],
                            "availableStartTime": "12:12:00",
                            "availableEndTime": "15:30:00"
                        }
                    ]
                }
            },
            {
                "resources": {
                    "resourceType": "Location",
                    "meta": {
                        "source": "www.Availity.com",
                        "lastUpdated": "2018-09-19T13:06:10.760Z"
                    },
                    "address": {
                        "identifier": "e-S-381232",
                        "line": [
                            "200 8TH ST"
                        ],
                        "city": "Radford",
                        "state": "VA",
                        "postalCode": "24141",
                        "use": "work"
                    },
                    "telecom": [
                        {
                            "system": "phone",
                            "value": "5406395188",
                            "use": "work"
                        }
                    ],
                    "hoursOfOperation": [
                        {
                            "daysOfWeek": [
                                "MONDAY",
                                "TUESDAY",
                                "WEDNESDAY",
                                "THURSDAY"
                            ],
                            "availableStartTime": "10:10:00",
                            "availableEndTime": "19:00:00"
                        },
                        {
                            "daysOfWeek": [
                                "SATURDAY",
                                "SUNDAY"
                            ],
                            "availableStartTime": "12:12:00",
                            "availableEndTime": "15:30:00"
                        }
                    ]
                }
            },
            {
                "resources": {
                    "resourceType": "Location",
                    "meta": {
                        "source": "www.Availity.com",
                        "lastUpdated": "2018-09-19T13:06:10.760Z"
                    },
                    "address": {
                        "identifier": "e-S-2492731",
                        "line": [
                            "2900 LAMBS CIRCLE",
                            "Suite 160"
                        ],
                        "city": "Christiansburg",
                        "state": "VA",
                        "postalCode": "24073",
                        "use": "work"
                    },
                    "telecom": [
                        {
                            "system": "phone",
                            "value": "5406395620",
                            "use": "work"
                        }
                    ],
                    "hoursOfOperation": [
                        {
                            "daysOfWeek": [
                                "MONDAY",
                                "TUESDAY",
                                "WEDNESDAY",
                                "THURSDAY"
                            ],
                            "availableStartTime": "10:10:00",
                            "availableEndTime": "19:00:00"
                        },
                        {
                            "daysOfWeek": [
                                "SATURDAY",
                                "SUNDAY"
                            ],
                            "availableStartTime": "12:12:00",
                            "availableEndTime": "15:30:00"
                        }
                    ]
                }
            },
            {
                "resources": {
                    "resourceType": "Location",
                    "meta": {
                        "source": "www.Availity.com",
                        "lastUpdated": "2018-09-19T13:06:10.760Z"
                    },
                    "address": {
                        "identifier": "AV-54934133681527777302618300004004",
                        "line": [
                            "2900 LAMB CIR STE 160"
                        ],
                        "city": "CHRISTIANSBURG",
                        "state": "VA",
                        "postalCode": "24073",
                        "use": "work"
                    },
                    "telecom": [
                        {
                            "system": "phone",
                            "value": "5406395188",
                            "use": "work"
                        },
                        {
                            "system": "alternatePhone",
                            "value": "5406395620",
                            "use": "work"
                        }
                    ],
                    "hoursOfOperation": [
                        {
                            "daysOfWeek": [
                                "MONDAY",
                                "TUESDAY",
                                "WEDNESDAY",
                                "THURSDAY"
                            ],
                            "availableStartTime": "10:10:00",
                            "availableEndTime": "19:00:00"
                        },
                        {
                            "daysOfWeek": [
                                "SATURDAY",
                                "SUNDAY"
                            ],
                            "availableStartTime": "12:12:00",
                            "availableEndTime": "15:30:00"
                        }
                    ]
                }
            }
        ]
    }
]