[
    {
        "resourceType": "Bundle",
        "type": "transaction",
        "entry": [
            {
                "resource": {
                    "resourceType": "Practitioner",
                    "meta": {
                        "source": "www.Availity.com",
                        "lastUpdated": "2019-01-01T15:03:56.205Z"
                    },
                    "identifier": [
                        {
                            "value": "541567372"
                        },
                        {
                            "value": "e-P-7200954"
                        },
                        {
                            "system": "http://hl7.org/fhir/sid/us-npi",
                            "value": "1306876099"
                        }
                    ],
                    "active": true,
                    "name": [
                        {
                            "family": "Bailey"
                        },
                        {
                            "given": [
                                "Breann",
                                "L"
                            ]
                        }
                    ],
                    "gender": [
                        "Female"
                    ],
                    "birthDate": "1977-12-08",
                    "qualification": {},
                    "communication": [
                        {
                            "coding": [
                                {
                                    "code": "ENG",
                                    "display": "English"
                                }
                            ],
                            "text": "Language"
                        }
                    ]
                },
                "request": {
                    "method": "POST",
                    "url": "Practitioner"
                }
            },
            {
                "resource": {
                    "resourceType": "Organization",
                    "identifier": [
                        {
                            "value": "541567372"
                        },
                        {
                            "value": "e-P-7200954"
                        },
                        {
                            "system": "http://hl7.org/fhir/sid/us-npi",
                            "value": "1306876099"
                        }
                    ],
                    "active": true,
                    "type": [
                        {
                            "text": "prov"
                        }
                    ],
                    "name": "Child Adolescent Health Assoc",
                    "address": [
                        {
                            "id": "e-S-1721359",
                            "line": [
                                "202 8TH ST"
                            ],
                            "city": "Radford",
                            "state": "VA",
                            "postalCode": "24141",
                            "use": "work"
                        },
                        {
                            "id": "e-S-381232",
                            "line": [
                                "200 8TH ST"
                            ],
                            "city": "Radford",
                            "state": "VA",
                            "postalCode": "24141",
                            "use": "work"
                        },
                        {
                            "id": "e-S-9442136",
                            "line": [
                                "805 DAVIS ST"
                            ],
                            "city": "Blacksburg",
                            "state": "VA",
                            "postalCode": "24060",
                            "use": "work"
                        }
                    ],
                    "telecom": [
                        {
                            "system": "phone",
                            "value": "5406395188",
                            "use": "work"
                        },
                        {
                            "system": "phone",
                            "value": "5405527272",
                            "use": "work"
                        },
                        {
                            "system": "alternate phone",
                            "value": "5406395188",
                            "use": "work"
                        },
                        {
                            "system": "alternate phone",
                            "value": "5405527272",
                            "use": "work"
                        }
                    ],
                    "contact": [
                        {
                            "purpose": {
                                "text": "ADMIN"
                            },
                            "name": [
                                {
                                    "family": "Bailey"
                                },
                                {
                                    "given": [
                                        "Breann",
                                        "L"
                                    ]
                                }
                            ],
                            "telecom": [
                                {
                                    "system": "phone",
                                    "value": "5406395188",
                                    "use": "work"
                                },
                                {
                                    "system": "phone",
                                    "value": "5405527272",
                                    "use": "work"
                                },
                                {
                                    "system": "alternate phone",
                                    "value": "5406395188",
                                    "use": "work"
                                },
                                {
                                    "system": "alternate phone",
                                    "value": "5405527272",
                                    "use": "work"
                                }
                            ],
                            "address": [
                                {
                                    "id": "e-S-1721359",
                                    "line": [
                                        "202 8TH ST"
                                    ],
                                    "city": "Radford",
                                    "state": "VA",
                                    "postalCode": "24141",
                                    "use": "work"
                                },
                                {
                                    "id": "e-S-381232",
                                    "line": [
                                        "200 8TH ST"
                                    ],
                                    "city": "Radford",
                                    "state": "VA",
                                    "postalCode": "24141",
                                    "use": "work"
                                },
                                {
                                    "id": "e-S-9442136",
                                    "line": [
                                        "805 DAVIS ST"
                                    ],
                                    "city": "Blacksburg",
                                    "state": "VA",
                                    "postalCode": "24060",
                                    "use": "work"
                                }
                            ]
                        }
                    ]
                }
            },
            {
                "resource": {
                    "resourceType": "HealthcareService",
                    "identifier": [
                        {
                            "value": "541567372"
                        },
                        {
                            "system": "http://hl7.org/fhir/sid/us-npi",
                            "value": "1306876099"
                        }
                    ],
                    "active": true,
                    "providedby": "Child Adolescent Health Assoc",
                    "speciality": [
                        {
                            "coding": [
                                [
                                    {
                                        "code": "208000000X",
                                        "display": "PEDIATRICS",
                                        "text": "NOT APPLICABLE"
                                    }
                                ]
                            ]
                        }
                    ],
                    "telecom": [
                        {
                            "system": "phone",
                            "value": "5406395188",
                            "use": "work"
                        },
                        {
                            "system": "phone",
                            "value": "5405527272",
                            "use": "work"
                        },
                        {
                            "system": "alternate phone",
                            "value": "5406395188",
                            "use": "work"
                        },
                        {
                            "system": "alternate phone",
                            "value": "5405527272",
                            "use": "work"
                        }
                    ],
                    "communication": [
                        {
                            "coding": [
                                {
                                    "code": "ENG",
                                    "display": "English"
                                }
                            ],
                            "text": "Language"
                        }
                    ],
                    "availableTime": [
                        {
                            "daysOfWeek": [
                                "MONDAY",
                                "TUESDAY",
                                "WEDNESDAY",
                                "THURSDAY"
                            ],
                            "availableStartTime": "08:08:00",
                            "availableEndTime": "17:00:00"
                        },
                        {
                            "daysOfWeek": [
                                "FRIDAY"
                            ],
                            "availableStartTime": "08:08:00",
                            "availableEndTime": "19:00:00"
                        }
                    ]
                }
            },
            {
                "resources": {
                    "resourceType": "Practitioner Role",
                    "active": true,
                    "practitioner": {
                        "type": "Practitioner",
                        "identifier": {
                            "system": "http://hl7.org/fhir/sid/us-npi",
                            "value": "1306876099"
                        }
                    },
                    "organization": {
                        "type": "Organization",
                        "identifier": {
                            "system": "http://hl7.org/fhir/sid/us-npi",
                            "value": "1306876099"
                        },
                        "display": "Child Adolescent Health Assoc"
                    },
                    "speciality": [
                        {
                            "coding": [
                                [
                                    {
                                        "code": "208000000X",
                                        "display": "PEDIATRICS",
                                        "text": "NOT APPLICABLE"
                                    }
                                ]
                            ]
                        }
                    ],
                    "availableTime": [
                        {
                            "daysOfWeek": [
                                "MONDAY",
                                "TUESDAY",
                                "WEDNESDAY",
                                "THURSDAY"
                            ],
                            "availableStartTime": "08:08:00",
                            "availableEndTime": "17:00:00"
                        },
                        {
                            "daysOfWeek": [
                                "FRIDAY"
                            ],
                            "availableStartTime": "08:08:00",
                            "availableEndTime": "19:00:00"
                        }
                    ],
                    "telecom": [],
                    "period": {
                        "startDate": "2000-01-01"
                    },
                    "location": [
                        {
                            "reference": "e-S-1721359"
                        }
                    ],
                    "healthService": [
                        {
                            "reference": "HealthcareService/0"
                        }
                    ]
                },
                "request": {
                    "method": "POST",
                    "url": "PractitionerRole"
                }
            },
            {
                "resources": {
                    "resourceType": "Practitioner Role",
                    "active": true,
                    "practitioner": {
                        "type": "Practitioner",
                        "identifier": {
                            "system": "http://hl7.org/fhir/sid/us-npi",
                            "value": "1306876099"
                        }
                    },
                    "organization": {
                        "type": "Organization",
                        "identifier": {
                            "system": "http://hl7.org/fhir/sid/us-npi",
                            "value": "1306876099"
                        },
                        "display": "Child Adolescent Health Assoc"
                    },
                    "speciality": [
                        {
                            "coding": [
                                [
                                    {
                                        "code": "208000000X",
                                        "display": "PEDIATRICS",
                                        "text": "NOT APPLICABLE"
                                    }
                                ]
                            ]
                        }
                    ],
                    "availableTime": [
                        {
                            "daysOfWeek": [
                                "MONDAY",
                                "TUESDAY",
                                "WEDNESDAY",
                                "THURSDAY"
                            ],
                            "availableStartTime": "08:08:00",
                            "availableEndTime": "17:00:00"
                        },
                        {
                            "daysOfWeek": [
                                "FRIDAY"
                            ],
                            "availableStartTime": "08:08:00",
                            "availableEndTime": "19:00:00"
                        }
                    ],
                    "telecom": [],
                    "period": {
                        "startDate": "2000-01-01"
                    },
                    "location": [
                        {
                            "reference": "e-S-381232"
                        }
                    ]
                },
                "request": {
                    "method": "POST",
                    "url": "PractitionerRole"
                }
            },
            {
                "resources": {
                    "resourceType": "Practitioner Role",
                    "active": true,
                    "practitioner": {
                        "type": "Practitioner",
                        "identifier": {
                            "system": "http://hl7.org/fhir/sid/us-npi",
                            "value": "1306876099"
                        }
                    },
                    "organization": {
                        "type": "Organization",
                        "identifier": {
                            "system": "http://hl7.org/fhir/sid/us-npi",
                            "value": "1306876099"
                        },
                        "display": "Child Adolescent Health Assoc"
                    },
                    "speciality": [
                        {
                            "coding": [
                                [
                                    {
                                        "code": "208000000X",
                                        "display": "PEDIATRICS",
                                        "text": "NOT APPLICABLE"
                                    }
                                ]
                            ]
                        }
                    ],
                    "availableTime": [
                        {
                            "daysOfWeek": [
                                "MONDAY",
                                "TUESDAY",
                                "WEDNESDAY",
                                "THURSDAY"
                            ],
                            "availableStartTime": "08:08:00",
                            "availableEndTime": "17:00:00"
                        },
                        {
                            "daysOfWeek": [
                                "FRIDAY"
                            ],
                            "availableStartTime": "08:08:00",
                            "availableEndTime": "19:00:00"
                        }
                    ],
                    "telecom": [],
                    "period": {
                        "startDate": "2000-01-01"
                    },
                    "location": [
                        {
                            "reference": "e-S-9442136"
                        }
                    ]
                },
                "request": {
                    "method": "POST",
                    "url": "PractitionerRole"
                }
            },
            {
                "resources": {
                    "resourceType": "Location",
                    "meta": {
                        "source": "www.Availity.com",
                        "lastUpdated": "2019-01-01T15:03:56.205Z"
                    },
                    "address": {
                        "identifier": "e-S-1721359",
                        "line": [
                            "202 8TH ST"
                        ],
                        "city": "Radford",
                        "state": "VA",
                        "postalCode": "24141",
                        "use": "work"
                    },
                    "telecom": [
                        {
                            "system": "phone",
                            "value": "5406395188",
                            "use": "work"
                        }
                    ],
                    "hoursOfOperation": [
                        {
                            "daysOfWeek": [
                                "MONDAY",
                                "TUESDAY",
                                "WEDNESDAY",
                                "THURSDAY"
                            ],
                            "availableStartTime": "08:08:00",
                            "availableEndTime": "17:00:00"
                        },
                        {
                            "daysOfWeek": [
                                "FRIDAY"
                            ],
                            "availableStartTime": "08:08:00",
                            "availableEndTime": "19:00:00"
                        }
                    ]
                }
            },
            {
                "resources": {
                    "resourceType": "Location",
                    "meta": {
                        "source": "www.Availity.com",
                        "lastUpdated": "2019-01-01T15:03:56.205Z"
                    },
                    "address": {
                        "identifier": "e-S-381232",
                        "line": [
                            "200 8TH ST"
                        ],
                        "city": "Radford",
                        "state": "VA",
                        "postalCode": "24141",
                        "use": "work"
                    },
                    "telecom": [
                        {
                            "system": "phone",
                            "value": "5406395188",
                            "use": "work"
                        }
                    ],
                    "hoursOfOperation": [
                        {
                            "daysOfWeek": [
                                "MONDAY",
                                "TUESDAY",
                                "WEDNESDAY",
                                "THURSDAY"
                            ],
                            "availableStartTime": "08:08:00",
                            "availableEndTime": "17:00:00"
                        },
                        {
                            "daysOfWeek": [
                                "FRIDAY"
                            ],
                            "availableStartTime": "08:08:00",
                            "availableEndTime": "19:00:00"
                        }
                    ]
                }
            },
            {
                "resources": {
                    "resourceType": "Location",
                    "meta": {
                        "source": "www.Availity.com",
                        "lastUpdated": "2019-01-01T15:03:56.205Z"
                    },
                    "address": {
                        "identifier": "e-S-9442136",
                        "line": [
                            "805 DAVIS ST"
                        ],
                        "city": "Blacksburg",
                        "state": "VA",
                        "postalCode": "24060",
                        "use": "work"
                    },
                    "telecom": [
                        {
                            "system": "phone",
                            "value": "5405527272",
                            "use": "work"
                        }
                    ],
                    "hoursOfOperation": [
                        {
                            "daysOfWeek": [
                                "MONDAY",
                                "TUESDAY",
                                "WEDNESDAY",
                                "THURSDAY"
                            ],
                            "availableStartTime": "08:08:00",
                            "availableEndTime": "17:00:00"
                        },
                        {
                            "daysOfWeek": [
                                "FRIDAY"
                            ],
                            "availableStartTime": "08:08:00",
                            "availableEndTime": "19:00:00"
                        }
                    ]
                }
            }
        ]
    }
]