[
    {
        "resourceType": "Bundle",
        "type": "transaction",
        "entry": [
            {
                "resource": {
                    "resourceType": "Practitioner",
                    "meta": {
                        "source": "www.Availity.com",
                        "lastUpdated": "2018-12-10T21:30:50.673Z"
                    },
                    "identifier": [
                        {
                            "value": "541567372"
                        },
                        {
                            "value": "e-P-9728898"
                        },
                        {
                            "system": "http://hl7.org/fhir/sid/us-npi",
                            "value": "1598020109"
                        }
                    ],
                    "active": true,
                    "name": [
                        {
                            "family": "Enos"
                        },
                        {
                            "given": [
                                "Laura",
                                "E"
                            ]
                        }
                    ],
                    "gender": [
                        "Female"
                    ],
                    "birthDate": "1988-01-10",
                    "qualification": {},
                    "communication": [
                        {
                            "coding": [
                                {
                                    "code": "ENG",
                                    "display": "English"
                                }
                            ],
                            "text": "Language"
                        }
                    ]
                },
                "request": {
                    "method": "POST",
                    "url": "Practitioner"
                }
            },
            {
                "resource": {
                    "resourceType": "Organization",
                    "identifier": [
                        {
                            "value": "541567372"
                        },
                        {
                            "value": "e-P-9728898"
                        },
                        {
                            "system": "http://hl7.org/fhir/sid/us-npi",
                            "value": "1598020109"
                        }
                    ],
                    "active": true,
                    "type": [
                        {
                            "text": "prov"
                        }
                    ],
                    "name": "Child Adolescent Health Assoc",
                    "address": [],
                    "telecom": [],
                    "contact": [
                        {
                            "purpose": {
                                "text": "ADMIN"
                            },
                            "name": [
                                {
                                    "family": "Enos"
                                },
                                {
                                    "given": [
                                        "Laura",
                                        "E"
                                    ]
                                }
                            ],
                            "telecom": [],
                            "address": []
                        }
                    ]
                }
            },
            {
                "resource": {
                    "resourceType": "HealthcareService",
                    "identifier": [
                        {
                            "value": "541567372"
                        },
                        {
                            "system": "http://hl7.org/fhir/sid/us-npi",
                            "value": "1598020109"
                        }
                    ],
                    "active": true,
                    "providedby": "Child Adolescent Health Assoc",
                    "speciality": [
                        {
                            "coding": [
                                []
                            ]
                        }
                    ],
                    "telecom": [],
                    "communication": [
                        {
                            "coding": [
                                {
                                    "code": "ENG",
                                    "display": "English"
                                }
                            ],
                            "text": "Language"
                        }
                    ],
                    "availableTime": [
                        {
                            "daysOfWeek": [],
                            "availableStartTime": "",
                            "availableEndTime": ""
                        }
                    ]
                }
            }
        ]
    }
]