[
    {
        "resourceType": "Bundle",
        "type": "transaction",
        "entry": [
            {
                "resource": {
                    "resourceType": "Practitioner",
                    "meta": {
                        "source": "www.Availity.com",
                        "lastUpdated": "2018-09-23T19:54:28.681Z"
                    },
                    "identifier": [
                        {
                            "value": "562640993"
                        },
                        {
                            "value": "e-P-7389878"
                        },
                        {
                            "system": "http://hl7.org/fhir/sid/us-npi",
                            "value": "1841364304"
                        }
                    ],
                    "active": true,
                    "name": [
                        {
                            "family": "HENRY"
                        },
                        {
                            "given": [
                                "REMONY",
                                "BURLINGAME"
                            ]
                        }
                    ],
                    "gender": [
                        "Female"
                    ],
                    "birthDate": "1964-05-17",
                    "qualification": {},
                    "communication": [
                        {
                            "coding": [
                                {
                                    "code": "ENG",
                                    "display": "English"
                                },
                                {
                                    "code": "SPA",
                                    "display": "Spanish"
                                }
                            ],
                            "text": "Language"
                        }
                    ]
                },
                "request": {
                    "method": "POST",
                    "url": "Practitioner"
                }
            },
            {
                "resource": {
                    "resourceType": "Organization",
                    "identifier": [
                        {
                            "value": "562640993"
                        },
                        {
                            "value": "e-P-7389878"
                        },
                        {
                            "system": "http://hl7.org/fhir/sid/us-npi",
                            "value": "1841364304"
                        }
                    ],
                    "active": true,
                    "type": [
                        {
                            "text": "prov"
                        }
                    ],
                    "name": "Remony Henry LICSW",
                    "address": [
                        {
                            "id": "e-S-1161501",
                            "line": [
                                "18017 VASHON HWY. SOUTHWEST"
                            ],
                            "city": "Vashon",
                            "state": "WA",
                            "postalCode": "98070",
                            "use": "work"
                        }
                    ],
                    "telecom": [
                        {
                            "system": "phone",
                            "value": "2068190164",
                            "use": "work"
                        },
                        {
                            "system": "alternate phone",
                            "value": "2068190164",
                            "use": "work"
                        }
                    ],
                    "contact": [
                        {
                            "purpose": {
                                "text": "ADMIN"
                            },
                            "name": [
                                {
                                    "family": "HENRY"
                                },
                                {
                                    "given": [
                                        "REMONY",
                                        "BURLINGAME"
                                    ]
                                }
                            ],
                            "telecom": [
                                {
                                    "system": "phone",
                                    "value": "2068190164",
                                    "use": "work"
                                },
                                {
                                    "system": "alternate phone",
                                    "value": "2068190164",
                                    "use": "work"
                                }
                            ],
                            "address": [
                                {
                                    "id": "e-S-1161501",
                                    "line": [
                                        "18017 VASHON HWY. SOUTHWEST"
                                    ],
                                    "city": "Vashon",
                                    "state": "WA",
                                    "postalCode": "98070",
                                    "use": "work"
                                }
                            ]
                        }
                    ]
                }
            },
            {
                "resource": {
                    "resourceType": "HealthcareService",
                    "identifier": [
                        {
                            "value": "562640993"
                        },
                        {
                            "system": "http://hl7.org/fhir/sid/us-npi",
                            "value": "1841364304"
                        }
                    ],
                    "active": true,
                    "providedby": "Remony Henry LICSW",
                    "speciality": [
                        {
                            "coding": [
                                [
                                    {
                                        "code": "104100000X",
                                        "display": "SOCIAL WORKER",
                                        "text": "NOT APPLICABLE"
                                    },
                                    {
                                        "code": "1041C0700X",
                                        "display": "SOCIAL WORKER",
                                        "text": "CLINICAL"
                                    }
                                ]
                            ]
                        }
                    ],
                    "telecom": [
                        {
                            "system": "phone",
                            "value": "2068190164",
                            "use": "work"
                        },
                        {
                            "system": "alternate phone",
                            "value": "2068190164",
                            "use": "work"
                        }
                    ],
                    "communication": [
                        {
                            "coding": [
                                {
                                    "code": "ENG",
                                    "display": "English"
                                },
                                {
                                    "code": "SPA",
                                    "display": "Spanish"
                                }
                            ],
                            "text": "Language"
                        }
                    ],
                    "availableTime": [
                        {
                            "daysOfWeek": [],
                            "availableStartTime": "",
                            "availableEndTime": ""
                        }
                    ]
                }
            },
            {
                "resources": {
                    "resourceType": "Practitioner Role",
                    "active": true,
                    "practitioner": {
                        "type": "Practitioner",
                        "identifier": {
                            "system": "http://hl7.org/fhir/sid/us-npi",
                            "value": "1841364304"
                        }
                    },
                    "organization": {
                        "type": "Organization",
                        "identifier": {
                            "system": "http://hl7.org/fhir/sid/us-npi",
                            "value": "1841364304"
                        },
                        "display": "Remony Henry LICSW"
                    },
                    "speciality": [
                        {
                            "coding": [
                                [
                                    {
                                        "code": "104100000X",
                                        "display": "SOCIAL WORKER",
                                        "text": "NOT APPLICABLE"
                                    },
                                    {
                                        "code": "1041C0700X",
                                        "display": "SOCIAL WORKER",
                                        "text": "CLINICAL"
                                    }
                                ]
                            ]
                        }
                    ],
                    "availableTime": [
                        {
                            "daysOfWeek": [],
                            "availableStartTime": "",
                            "availableEndTime": ""
                        }
                    ],
                    "telecom": [
                        {
                            "system": "phone",
                            "value": "2068190164",
                            "use": "work"
                        }
                    ],
                    "period": {
                        "startDate": "2006-09-01"
                    },
                    "location": [
                        {
                            "reference": "e-S-1161501"
                        }
                    ],
                    "healthService": [
                        {
                            "reference": "HealthcareService/0"
                        }
                    ]
                },
                "request": {
                    "method": "POST",
                    "url": "PractitionerRole"
                }
            },
            {
                "resources": {
                    "resourceType": "Location",
                    "meta": {
                        "source": "www.Availity.com",
                        "lastUpdated": "2018-09-23T19:54:28.681Z"
                    },
                    "address": {
                        "identifier": "e-S-1161501",
                        "line": [
                            "18017 VASHON HWY. SOUTHWEST"
                        ],
                        "city": "Vashon",
                        "state": "WA",
                        "postalCode": "98070",
                        "use": "work"
                    },
                    "telecom": [
                        {
                            "system": "phone",
                            "value": "2068190164",
                            "use": "work"
                        }
                    ],
                    "hoursOfOperation": [
                        {
                            "daysOfWeek": [],
                            "availableStartTime": "",
                            "availableEndTime": ""
                        }
                    ]
                }
            }
        ]
    }
]