[
    {
        "resourceType": "Bundle",
        "type": "transaction",
        "entry": [
            {
                "resource": {
                    "resourceType": "Practitioner",
                    "meta": {
                        "source": "www.Availity.com",
                        "lastUpdated": "2018-08-16T18:59:41.392Z"
                    },
                    "identifier": [
                        {
                            "value": "592324285"
                        },
                        {
                            "value": "e-P-4466587"
                        },
                        {
                            "system": "http://hl7.org/fhir/sid/us-npi",
                            "value": "1760476956"
                        }
                    ],
                    "active": true,
                    "name": [
                        {
                            "family": "Hall"
                        },
                        {
                            "given": [
                                "Wynton",
                                "L"
                            ]
                        }
                    ],
                    "gender": [
                        "Male"
                    ],
                    "birthDate": "1952-01-28",
                    "qualification": {},
                    "communication": [
                        {
                            "coding": [
                                {
                                    "code": "ENG",
                                    "display": "English"
                                }
                            ],
                            "text": "Language"
                        }
                    ]
                },
                "request": {
                    "method": "POST",
                    "url": "Practitioner"
                }
            },
            {
                "resource": {
                    "resourceType": "Organization",
                    "identifier": [
                        {
                            "value": "592324285"
                        },
                        {
                            "value": "e-P-4466587"
                        },
                        {
                            "system": "http://hl7.org/fhir/sid/us-npi",
                            "value": "1760476956"
                        }
                    ],
                    "active": true,
                    "type": [
                        {
                            "text": "prov"
                        }
                    ],
                    "name": "BUTTERICK & HALL MDS PA",
                    "address": [
                        {
                            "id": "e-B-1682840",
                            "line": [
                                "302 BRYAN ROAD",
                                "Suite 2"
                            ],
                            "city": "Brandon",
                            "state": "FL",
                            "postalCode": "33511",
                            "use": "work"
                        }
                    ],
                    "telecom": [
                        {
                            "system": "fax",
                            "value": "8136848974",
                            "use": "work"
                        },
                        {
                            "system": "phone",
                            "value": "8136817512",
                            "use": "work"
                        },
                        {
                            "system": "alternate phone",
                            "value": "8136817512",
                            "use": "work"
                        }
                    ],
                    "contact": [
                        {
                            "purpose": {
                                "text": "ADMIN"
                            },
                            "name": [
                                {
                                    "family": "Hall"
                                },
                                {
                                    "given": [
                                        "Wynton",
                                        "L"
                                    ]
                                }
                            ],
                            "telecom": [
                                {
                                    "system": "fax",
                                    "value": "8136848974",
                                    "use": "work"
                                },
                                {
                                    "system": "phone",
                                    "value": "8136817512",
                                    "use": "work"
                                },
                                {
                                    "system": "alternate phone",
                                    "value": "8136817512",
                                    "use": "work"
                                }
                            ],
                            "address": [
                                {
                                    "id": "e-B-1682840",
                                    "line": [
                                        "302 BRYAN ROAD",
                                        "Suite 2"
                                    ],
                                    "city": "Brandon",
                                    "state": "FL",
                                    "postalCode": "33511",
                                    "use": "work"
                                }
                            ]
                        }
                    ]
                }
            },
            {
                "resource": {
                    "resourceType": "HealthcareService",
                    "identifier": [
                        {
                            "value": "592324285"
                        },
                        {
                            "system": "http://hl7.org/fhir/sid/us-npi",
                            "value": "1760476956"
                        }
                    ],
                    "active": true,
                    "providedby": "BUTTERICK & HALL MDS PA",
                    "speciality": [
                        {
                            "coding": [
                                [
                                    {
                                        "code": "208600000X",
                                        "display": "SURGERY",
                                        "text": "NOT APPLICABLE"
                                    }
                                ]
                            ]
                        }
                    ],
                    "telecom": [
                        {
                            "system": "fax",
                            "value": "8136848974",
                            "use": "work"
                        },
                        {
                            "system": "phone",
                            "value": "8136817512",
                            "use": "work"
                        },
                        {
                            "system": "alternate phone",
                            "value": "8136817512",
                            "use": "work"
                        }
                    ],
                    "communication": [
                        {
                            "coding": [
                                {
                                    "code": "ENG",
                                    "display": "English"
                                }
                            ],
                            "text": "Language"
                        }
                    ],
                    "availableTime": [
                        {
                            "daysOfWeek": [
                                "MONDAY",
                                "TUESDAY",
                                "WEDNESDAY",
                                "THURSDAY"
                            ],
                            "availableStartTime": "07:07:00",
                            "availableEndTime": "17:00:00"
                        }
                    ]
                }
            },
            {
                "resources": {
                    "resourceType": "Practitioner Role",
                    "active": true,
                    "practitioner": {
                        "type": "Practitioner",
                        "identifier": {
                            "system": "http://hl7.org/fhir/sid/us-npi",
                            "value": "1760476956"
                        }
                    },
                    "organization": {
                        "type": "Organization",
                        "identifier": {
                            "system": "http://hl7.org/fhir/sid/us-npi",
                            "value": "1760476956"
                        },
                        "display": "BUTTERICK & HALL MDS PA"
                    },
                    "speciality": [
                        {
                            "coding": [
                                [
                                    {
                                        "code": "208600000X",
                                        "display": "SURGERY",
                                        "text": "NOT APPLICABLE"
                                    }
                                ]
                            ]
                        }
                    ],
                    "availableTime": [
                        {
                            "daysOfWeek": [
                                "MONDAY",
                                "TUESDAY",
                                "WEDNESDAY",
                                "THURSDAY"
                            ],
                            "availableStartTime": "07:07:00",
                            "availableEndTime": "17:00:00"
                        }
                    ],
                    "telecom": [],
                    "location": [
                        {
                            "reference": "e-S-1682840"
                        }
                    ],
                    "healthService": [
                        {
                            "reference": "HealthcareService/0"
                        }
                    ]
                },
                "request": {
                    "method": "POST",
                    "url": "PractitionerRole"
                }
            },
            {
                "resources": {
                    "resourceType": "Practitioner Role",
                    "active": true,
                    "practitioner": {
                        "type": "Practitioner",
                        "identifier": {
                            "system": "http://hl7.org/fhir/sid/us-npi",
                            "value": "1760476956"
                        }
                    },
                    "organization": {
                        "type": "Organization",
                        "identifier": {
                            "system": "http://hl7.org/fhir/sid/us-npi",
                            "value": "1760476956"
                        },
                        "display": "BUTTERICK & HALL MDS PA"
                    },
                    "speciality": [
                        {
                            "coding": [
                                [
                                    {
                                        "code": "208600000X",
                                        "display": "SURGERY",
                                        "text": "NOT APPLICABLE"
                                    }
                                ]
                            ]
                        }
                    ],
                    "availableTime": [
                        {
                            "daysOfWeek": [
                                "MONDAY",
                                "TUESDAY",
                                "WEDNESDAY",
                                "THURSDAY"
                            ],
                            "availableStartTime": "07:07:00",
                            "availableEndTime": "17:00:00"
                        }
                    ],
                    "telecom": [
                        {
                            "system": "fax",
                            "value": "8136848974",
                            "use": "work"
                        }
                    ],
                    "location": [
                        {
                            "reference": "e-B-1682840"
                        }
                    ]
                },
                "request": {
                    "method": "POST",
                    "url": "PractitionerRole"
                }
            },
            {
                "resources": {
                    "resourceType": "Location",
                    "meta": {
                        "source": "www.Availity.com",
                        "lastUpdated": "2018-08-16T18:59:41.392Z"
                    },
                    "address": {
                        "identifier": "e-S-1682840",
                        "line": [
                            "302 BRYAN ROAD",
                            "Suite 2"
                        ],
                        "city": "Brandon",
                        "state": "FL",
                        "postalCode": "33511",
                        "use": "work"
                    },
                    "telecom": [
                        {
                            "system": "phone",
                            "value": "8136817512",
                            "use": "work"
                        }
                    ],
                    "hoursOfOperation": [
                        {
                            "daysOfWeek": [
                                "MONDAY",
                                "TUESDAY",
                                "WEDNESDAY",
                                "THURSDAY"
                            ],
                            "availableStartTime": "07:07:00",
                            "availableEndTime": "17:00:00"
                        }
                    ]
                }
            },
            {
                "resources": {
                    "resourceType": "Location",
                    "meta": {
                        "source": "www.Availity.com",
                        "lastUpdated": "2018-08-16T18:59:41.392Z"
                    },
                    "address": {
                        "identifier": "e-B-1682840",
                        "line": [
                            "302 BRYAN ROAD",
                            "Suite 2"
                        ],
                        "city": "Brandon",
                        "state": "FL",
                        "postalCode": "33511",
                        "use": "work"
                    },
                    "telecom": [
                        {
                            "system": "phone",
                            "value": "8136817512",
                            "use": "work"
                        },
                        {
                            "system": "fax",
                            "value": "8136848974",
                            "use": "work"
                        }
                    ],
                    "hoursOfOperation": [
                        {
                            "daysOfWeek": [
                                "MONDAY",
                                "TUESDAY",
                                "WEDNESDAY",
                                "THURSDAY"
                            ],
                            "availableStartTime": "07:07:00",
                            "availableEndTime": "17:00:00"
                        }
                    ]
                }
            }
        ]
    }
]