[
    {
        "resourceType": "Bundle",
        "type": "transaction",
        "entry": [
            {
                "resource": {
                    "resourceType": "Practitioner",
                    "meta": {
                        "source": "www.Availity.com",
                        "lastUpdated": "2018-10-10T14:39:02.308Z"
                    },
                    "identifier": [
                        {
                            "value": "592718880"
                        },
                        {
                            "value": "e-P-6897456"
                        },
                        {
                            "system": "http://hl7.org/fhir/sid/us-npi",
                            "value": "1427549203"
                        }
                    ],
                    "active": true,
                    "name": [
                        {
                            "family": "Iselborn"
                        },
                        {
                            "given": [
                                "Kaitlyn",
                                "M."
                            ]
                        }
                    ],
                    "gender": [
                        "Female"
                    ],
                    "birthDate": "1990-12-13",
                    "qualification": {},
                    "communication": [
                        {
                            "coding": [
                                {
                                    "code": "ENG",
                                    "display": "English"
                                }
                            ],
                            "text": "Language"
                        }
                    ]
                },
                "request": {
                    "method": "POST",
                    "url": "Practitioner"
                }
            },
            {
                "resource": {
                    "resourceType": "Organization",
                    "identifier": [
                        {
                            "value": "592718880"
                        },
                        {
                            "value": "e-P-6897456"
                        },
                        {
                            "system": "http://hl7.org/fhir/sid/us-npi",
                            "value": "1427549203"
                        }
                    ],
                    "active": true,
                    "type": [
                        {
                            "text": "prov"
                        }
                    ],
                    "name": "ANTHONY J ISELBORN, DC",
                    "address": [
                        {
                            "id": "e-B-1111029",
                            "line": [
                                "3355 HENDRICKS AVENUE"
                            ],
                            "city": "Jacksonville",
                            "state": "FL",
                            "postalCode": "32207",
                            "use": "work"
                        }
                    ],
                    "telecom": [
                        {
                            "system": "phone",
                            "value": "9047313000",
                            "use": "work"
                        },
                        {
                            "system": "alternate phone",
                            "value": "9047313000",
                            "use": "work"
                        }
                    ],
                    "contact": [
                        {
                            "purpose": {
                                "text": "ADMIN"
                            },
                            "name": [
                                {
                                    "family": "Iselborn"
                                },
                                {
                                    "given": [
                                        "Kaitlyn",
                                        "M."
                                    ]
                                }
                            ],
                            "telecom": [
                                {
                                    "system": "phone",
                                    "value": "9047313000",
                                    "use": "work"
                                },
                                {
                                    "system": "alternate phone",
                                    "value": "9047313000",
                                    "use": "work"
                                }
                            ],
                            "address": [
                                {
                                    "id": "e-B-1111029",
                                    "line": [
                                        "3355 HENDRICKS AVENUE"
                                    ],
                                    "city": "Jacksonville",
                                    "state": "FL",
                                    "postalCode": "32207",
                                    "use": "work"
                                }
                            ]
                        }
                    ]
                }
            },
            {
                "resource": {
                    "resourceType": "HealthcareService",
                    "identifier": [
                        {
                            "value": "592718880"
                        },
                        {
                            "system": "http://hl7.org/fhir/sid/us-npi",
                            "value": "1427549203"
                        }
                    ],
                    "active": true,
                    "providedby": "ANTHONY J ISELBORN, DC",
                    "speciality": [
                        {
                            "coding": [
                                [
                                    {
                                        "code": "225100000X",
                                        "display": "PHYSICAL THERAPIST",
                                        "text": "NOT APPLICABLE"
                                    }
                                ]
                            ]
                        }
                    ],
                    "telecom": [
                        {
                            "system": "phone",
                            "value": "9047313000",
                            "use": "work"
                        },
                        {
                            "system": "alternate phone",
                            "value": "9047313000",
                            "use": "work"
                        }
                    ],
                    "communication": [
                        {
                            "coding": [
                                {
                                    "code": "ENG",
                                    "display": "English"
                                }
                            ],
                            "text": "Language"
                        }
                    ],
                    "availableTime": [
                        {
                            "daysOfWeek": [
                                "MONDAY",
                                "WEDNESDAY",
                                "THURSDAY"
                            ],
                            "availableStartTime": "08:08:00",
                            "availableEndTime": "06:00:00"
                        },
                        {
                            "daysOfWeek": [
                                "TUESDAY",
                                "FRIDAY"
                            ],
                            "availableStartTime": "08:08:00",
                            "availableEndTime": "12:30:00"
                        }
                    ]
                }
            },
            {
                "resources": {
                    "resourceType": "Practitioner Role",
                    "active": true,
                    "practitioner": {
                        "type": "Practitioner",
                        "identifier": {
                            "system": "http://hl7.org/fhir/sid/us-npi",
                            "value": "1427549203"
                        }
                    },
                    "organization": {
                        "type": "Organization",
                        "identifier": {
                            "system": "http://hl7.org/fhir/sid/us-npi",
                            "value": "1427549203"
                        },
                        "display": "ANTHONY J ISELBORN, DC"
                    },
                    "speciality": [
                        {
                            "coding": [
                                [
                                    {
                                        "code": "225100000X",
                                        "display": "PHYSICAL THERAPIST",
                                        "text": "NOT APPLICABLE"
                                    }
                                ]
                            ]
                        }
                    ],
                    "availableTime": [
                        {
                            "daysOfWeek": [
                                "MONDAY",
                                "WEDNESDAY",
                                "THURSDAY"
                            ],
                            "availableStartTime": "08:08:00",
                            "availableEndTime": "06:00:00"
                        },
                        {
                            "daysOfWeek": [
                                "TUESDAY",
                                "FRIDAY"
                            ],
                            "availableStartTime": "08:08:00",
                            "availableEndTime": "12:30:00"
                        }
                    ],
                    "telecom": [],
                    "period": {
                        "startDate": "2012-01-01"
                    },
                    "location": [
                        {
                            "reference": "e-S-1111029"
                        }
                    ],
                    "healthService": [
                        {
                            "reference": "HealthcareService/0"
                        }
                    ]
                },
                "request": {
                    "method": "POST",
                    "url": "PractitionerRole"
                }
            },
            {
                "resources": {
                    "resourceType": "Practitioner Role",
                    "active": true,
                    "practitioner": {
                        "type": "Practitioner",
                        "identifier": {
                            "system": "http://hl7.org/fhir/sid/us-npi",
                            "value": "1427549203"
                        }
                    },
                    "organization": {
                        "type": "Organization",
                        "identifier": {
                            "system": "http://hl7.org/fhir/sid/us-npi",
                            "value": "1427549203"
                        },
                        "display": "ANTHONY J ISELBORN, DC"
                    },
                    "speciality": [
                        {
                            "coding": [
                                [
                                    {
                                        "code": "225100000X",
                                        "display": "PHYSICAL THERAPIST",
                                        "text": "NOT APPLICABLE"
                                    }
                                ]
                            ]
                        }
                    ],
                    "availableTime": [
                        {
                            "daysOfWeek": [
                                "MONDAY",
                                "WEDNESDAY",
                                "THURSDAY"
                            ],
                            "availableStartTime": "08:08:00",
                            "availableEndTime": "06:00:00"
                        },
                        {
                            "daysOfWeek": [
                                "TUESDAY",
                                "FRIDAY"
                            ],
                            "availableStartTime": "08:08:00",
                            "availableEndTime": "12:30:00"
                        }
                    ],
                    "telecom": [],
                    "period": {
                        "startDate": "2012-01-01"
                    },
                    "location": [
                        {
                            "reference": "e-B-1111029"
                        }
                    ]
                },
                "request": {
                    "method": "POST",
                    "url": "PractitionerRole"
                }
            },
            {
                "resources": {
                    "resourceType": "Location",
                    "meta": {
                        "source": "www.Availity.com",
                        "lastUpdated": "2018-10-10T14:39:02.308Z"
                    },
                    "address": {
                        "identifier": "e-S-1111029",
                        "line": [
                            "3355 HENDRICKS AVENUE"
                        ],
                        "city": "Jacksonville",
                        "state": "FL",
                        "postalCode": "32207",
                        "use": "work"
                    },
                    "telecom": [
                        {
                            "system": "phone",
                            "value": "9047313000",
                            "use": "work"
                        }
                    ],
                    "hoursOfOperation": [
                        {
                            "daysOfWeek": [
                                "MONDAY",
                                "WEDNESDAY",
                                "THURSDAY"
                            ],
                            "availableStartTime": "08:08:00",
                            "availableEndTime": "06:00:00"
                        },
                        {
                            "daysOfWeek": [
                                "TUESDAY",
                                "FRIDAY"
                            ],
                            "availableStartTime": "08:08:00",
                            "availableEndTime": "12:30:00"
                        }
                    ]
                }
            },
            {
                "resources": {
                    "resourceType": "Location",
                    "meta": {
                        "source": "www.Availity.com",
                        "lastUpdated": "2018-10-10T14:39:02.308Z"
                    },
                    "address": {
                        "identifier": "e-B-1111029",
                        "line": [
                            "3355 HENDRICKS AVENUE"
                        ],
                        "city": "Jacksonville",
                        "state": "FL",
                        "postalCode": "32207",
                        "use": "work"
                    },
                    "telecom": [
                        {
                            "system": "phone",
                            "value": "9047313000",
                            "use": "work"
                        }
                    ],
                    "hoursOfOperation": [
                        {
                            "daysOfWeek": [
                                "MONDAY",
                                "WEDNESDAY",
                                "THURSDAY"
                            ],
                            "availableStartTime": "08:08:00",
                            "availableEndTime": "06:00:00"
                        },
                        {
                            "daysOfWeek": [
                                "TUESDAY",
                                "FRIDAY"
                            ],
                            "availableStartTime": "08:08:00",
                            "availableEndTime": "12:30:00"
                        }
                    ]
                }
            }
        ]
    }
]