[
    {
        "resourceType": "Bundle",
        "type": "transaction",
        "entry": [
            {
                "resource": {
                    "resourceType": "Practitioner",
                    "meta": {
                        "source": "www.Availity.com",
                        "lastUpdated": "2019-01-01T15:45:21.000Z"
                    },
                    "identifier": [
                        {
                            "value": "593477070"
                        },
                        {
                            "value": "e-P-5963619"
                        },
                        {
                            "system": "http://hl7.org/fhir/sid/us-npi",
                            "value": "1417060369"
                        }
                    ],
                    "active": true,
                    "name": [
                        {
                            "family": "Santos"
                        },
                        {
                            "given": [
                                "Gregorio",
                                "Samuel"
                            ]
                        },
                        {
                            "prefix": [
                                "Dr."
                            ]
                        }
                    ],
                    "gender": [
                        "Male"
                    ],
                    "birthDate": "1964-06-25",
                    "qualification": {},
                    "communication": [
                        {
                            "coding": [
                                {
                                    "code": "SPA",
                                    "display": "Spanish"
                                },
                                {
                                    "code": "ENG",
                                    "display": "English"
                                }
                            ],
                            "text": "Language"
                        }
                    ]
                },
                "request": {
                    "method": "POST",
                    "url": "Practitioner"
                }
            },
            {
                "resource": {
                    "resourceType": "Organization",
                    "identifier": [
                        {
                            "value": "593477070"
                        },
                        {
                            "value": "e-P-5963619"
                        },
                        {
                            "system": "http://hl7.org/fhir/sid/us-npi",
                            "value": "1417060369"
                        }
                    ],
                    "active": true,
                    "type": [
                        {
                            "text": "prov"
                        }
                    ],
                    "name": "GREGORIO S SANTOS MD PA",
                    "address": [
                        {
                            "id": "e-B-7683339",
                            "line": [
                                "6125 54TH AVE N.",
                                "Suite B"
                            ],
                            "city": "St. Petersburg",
                            "state": "FL",
                            "postalCode": "33709",
                            "use": "work"
                        },
                        {
                            "id": "AV-76350472621485553845487300023592",
                            "line": [
                                "6125 54TH AVE N",
                                "Ste B"
                            ],
                            "city": "Saint Petersburg",
                            "state": "FL",
                            "postalCode": "33709",
                            "use": "work"
                        }
                    ],
                    "telecom": [
                        {
                            "system": "fax",
                            "value": "7275210416",
                            "use": "work"
                        },
                        {
                            "system": "email",
                            "value": "ana@gsantosmd.com",
                            "use": "work"
                        },
                        {
                            "system": "phone",
                            "value": "7275219467",
                            "use": "work"
                        },
                        {
                            "system": "alternate phone",
                            "value": "7275219467",
                            "use": "work"
                        }
                    ],
                    "contact": [
                        {
                            "purpose": {
                                "text": "ADMIN"
                            },
                            "name": [
                                {
                                    "family": "Santos"
                                },
                                {
                                    "given": [
                                        "Gregorio",
                                        "Samuel"
                                    ]
                                },
                                {
                                    "prefix": [
                                        "Dr."
                                    ]
                                }
                            ],
                            "telecom": [
                                {
                                    "system": "fax",
                                    "value": "7275210416",
                                    "use": "work"
                                },
                                {
                                    "system": "email",
                                    "value": "ana@gsantosmd.com",
                                    "use": "work"
                                },
                                {
                                    "system": "phone",
                                    "value": "7275219467",
                                    "use": "work"
                                },
                                {
                                    "system": "alternate phone",
                                    "value": "7275219467",
                                    "use": "work"
                                }
                            ],
                            "address": [
                                {
                                    "id": "e-B-7683339",
                                    "line": [
                                        "6125 54TH AVE N.",
                                        "Suite B"
                                    ],
                                    "city": "St. Petersburg",
                                    "state": "FL",
                                    "postalCode": "33709",
                                    "use": "work"
                                },
                                {
                                    "id": "AV-76350472621485553845487300023592",
                                    "line": [
                                        "6125 54TH AVE N",
                                        "Ste B"
                                    ],
                                    "city": "Saint Petersburg",
                                    "state": "FL",
                                    "postalCode": "33709",
                                    "use": "work"
                                }
                            ]
                        }
                    ]
                }
            },
            {
                "resource": {
                    "resourceType": "HealthcareService",
                    "identifier": [
                        {
                            "value": "593477070"
                        },
                        {
                            "system": "http://hl7.org/fhir/sid/us-npi",
                            "value": "1417060369"
                        }
                    ],
                    "active": true,
                    "providedby": "GREGORIO S SANTOS MD PA",
                    "speciality": [
                        {
                            "coding": [
                                [
                                    {
                                        "code": "207R00000X",
                                        "display": "INTERNAL MEDICINE",
                                        "text": "NOT APPLICABLE"
                                    }
                                ]
                            ]
                        }
                    ],
                    "telecom": [
                        {
                            "system": "fax",
                            "value": "7275210416",
                            "use": "work"
                        },
                        {
                            "system": "email",
                            "value": "ana@gsantosmd.com",
                            "use": "work"
                        },
                        {
                            "system": "phone",
                            "value": "7275219467",
                            "use": "work"
                        },
                        {
                            "system": "alternate phone",
                            "value": "7275219467",
                            "use": "work"
                        }
                    ],
                    "communication": [
                        {
                            "coding": [
                                {
                                    "code": "SPA",
                                    "display": "Spanish"
                                },
                                {
                                    "code": "ENG",
                                    "display": "English"
                                }
                            ],
                            "text": "Language"
                        }
                    ],
                    "availableTime": [
                        {
                            "daysOfWeek": [
                                "MONDAY",
                                "TUESDAY",
                                "WEDNESDAY",
                                "THURSDAY",
                                "FRIDAY"
                            ],
                            "availableStartTime": "09:09:00",
                            "availableEndTime": "17:00:00"
                        }
                    ]
                }
            },
            {
                "resources": {
                    "resourceType": "Practitioner Role",
                    "active": true,
                    "practitioner": {
                        "type": "Practitioner",
                        "identifier": {
                            "system": "http://hl7.org/fhir/sid/us-npi",
                            "value": "1417060369"
                        }
                    },
                    "organization": {
                        "type": "Organization",
                        "identifier": {
                            "system": "http://hl7.org/fhir/sid/us-npi",
                            "value": "1417060369"
                        },
                        "display": "GREGORIO S SANTOS MD PA"
                    },
                    "speciality": [
                        {
                            "coding": [
                                [
                                    {
                                        "code": "207R00000X",
                                        "display": "INTERNAL MEDICINE",
                                        "text": "NOT APPLICABLE"
                                    }
                                ]
                            ]
                        }
                    ],
                    "availableTime": [
                        {
                            "daysOfWeek": [
                                "MONDAY",
                                "TUESDAY",
                                "WEDNESDAY",
                                "THURSDAY",
                                "FRIDAY"
                            ],
                            "availableStartTime": "09:09:00",
                            "availableEndTime": "17:00:00"
                        }
                    ],
                    "telecom": [
                        {
                            "system": "fax",
                            "value": "7275210416",
                            "use": "work"
                        },
                        {
                            "system": "email",
                            "value": "ana@gsantosmd.com",
                            "use": "work"
                        }
                    ],
                    "location": [
                        {
                            "reference": "e-S-7683339"
                        }
                    ],
                    "healthService": [
                        {
                            "reference": "HealthcareService/0"
                        }
                    ]
                },
                "request": {
                    "method": "POST",
                    "url": "PractitionerRole"
                }
            },
            {
                "resources": {
                    "resourceType": "Practitioner Role",
                    "active": true,
                    "practitioner": {
                        "type": "Practitioner",
                        "identifier": {
                            "system": "http://hl7.org/fhir/sid/us-npi",
                            "value": "1417060369"
                        }
                    },
                    "organization": {
                        "type": "Organization",
                        "identifier": {
                            "system": "http://hl7.org/fhir/sid/us-npi",
                            "value": "1417060369"
                        },
                        "display": "GREGORIO S SANTOS MD PA"
                    },
                    "speciality": [
                        {
                            "coding": [
                                [
                                    {
                                        "code": "207R00000X",
                                        "display": "INTERNAL MEDICINE",
                                        "text": "NOT APPLICABLE"
                                    }
                                ]
                            ]
                        }
                    ],
                    "availableTime": [
                        {
                            "daysOfWeek": [
                                "MONDAY",
                                "TUESDAY",
                                "WEDNESDAY",
                                "THURSDAY",
                                "FRIDAY"
                            ],
                            "availableStartTime": "09:09:00",
                            "availableEndTime": "17:00:00"
                        }
                    ],
                    "telecom": [
                        {
                            "system": "fax",
                            "value": "7275210416",
                            "use": "work"
                        }
                    ],
                    "period": {
                        "startDate": "2008-09-01"
                    },
                    "location": [
                        {
                            "reference": "AV-76350472621485553845487300023592"
                        }
                    ]
                },
                "request": {
                    "method": "POST",
                    "url": "PractitionerRole"
                }
            },
            {
                "resources": {
                    "resourceType": "Practitioner Role",
                    "active": true,
                    "practitioner": {
                        "type": "Practitioner",
                        "identifier": {
                            "system": "http://hl7.org/fhir/sid/us-npi",
                            "value": "1417060369"
                        }
                    },
                    "organization": {
                        "type": "Organization",
                        "identifier": {
                            "system": "http://hl7.org/fhir/sid/us-npi",
                            "value": "1417060369"
                        },
                        "display": "GREGORIO S SANTOS MD PA"
                    },
                    "speciality": [
                        {
                            "coding": [
                                [
                                    {
                                        "code": "207R00000X",
                                        "display": "INTERNAL MEDICINE",
                                        "text": "NOT APPLICABLE"
                                    }
                                ]
                            ]
                        }
                    ],
                    "availableTime": [
                        {
                            "daysOfWeek": [
                                "MONDAY",
                                "TUESDAY",
                                "WEDNESDAY",
                                "THURSDAY",
                                "FRIDAY"
                            ],
                            "availableStartTime": "09:09:00",
                            "availableEndTime": "17:00:00"
                        }
                    ],
                    "telecom": [
                        {
                            "system": "fax",
                            "value": "7275210416",
                            "use": "work"
                        }
                    ],
                    "period": {
                        "startDate": "2008-09-01"
                    },
                    "location": [
                        {
                            "reference": "e-B-7683339"
                        }
                    ]
                },
                "request": {
                    "method": "POST",
                    "url": "PractitionerRole"
                }
            },
            {
                "resources": {
                    "resourceType": "Location",
                    "meta": {
                        "source": "www.Availity.com",
                        "lastUpdated": "2019-01-01T15:45:21.000Z"
                    },
                    "address": {
                        "identifier": "e-S-7683339",
                        "line": [
                            "6125 54TH AVE N.",
                            "Suite B"
                        ],
                        "city": "St. Petersburg",
                        "state": "FL",
                        "postalCode": "33709",
                        "use": "work"
                    },
                    "telecom": [
                        {
                            "system": "phone",
                            "value": "7275219467",
                            "use": "work"
                        },
                        {
                            "system": "fax",
                            "value": "7275210416",
                            "use": "work"
                        },
                        {
                            "system": "email",
                            "value": "ana@gsantosmd.com",
                            "use": "work"
                        }
                    ],
                    "hoursOfOperation": [
                        {
                            "daysOfWeek": [
                                "MONDAY",
                                "TUESDAY",
                                "WEDNESDAY",
                                "THURSDAY",
                                "FRIDAY"
                            ],
                            "availableStartTime": "09:09:00",
                            "availableEndTime": "17:00:00"
                        }
                    ]
                }
            },
            {
                "resources": {
                    "resourceType": "Location",
                    "meta": {
                        "source": "www.Availity.com",
                        "lastUpdated": "2019-01-01T15:45:21.000Z"
                    },
                    "address": {
                        "identifier": "AV-76350472621485553845487300023592",
                        "line": [
                            "6125 54TH AVE N",
                            "Ste B"
                        ],
                        "city": "Saint Petersburg",
                        "state": "FL",
                        "postalCode": "33709",
                        "use": "work"
                    },
                    "telecom": [
                        {
                            "system": "phone",
                            "value": "7275219467",
                            "use": "work"
                        },
                        {
                            "system": "fax",
                            "value": "7275210416",
                            "use": "work"
                        }
                    ],
                    "hoursOfOperation": [
                        {
                            "daysOfWeek": [
                                "MONDAY",
                                "TUESDAY",
                                "WEDNESDAY",
                                "THURSDAY",
                                "FRIDAY"
                            ],
                            "availableStartTime": "09:09:00",
                            "availableEndTime": "17:00:00"
                        }
                    ]
                }
            },
            {
                "resources": {
                    "resourceType": "Location",
                    "meta": {
                        "source": "www.Availity.com",
                        "lastUpdated": "2019-01-01T15:45:21.000Z"
                    },
                    "address": {
                        "identifier": "e-B-7683339",
                        "line": [
                            "6125 54TH AVE N.",
                            "Suite B"
                        ],
                        "city": "St. Petersburg",
                        "state": "FL",
                        "postalCode": "33709",
                        "use": "work"
                    },
                    "telecom": [
                        {
                            "system": "phone",
                            "value": "7275219467",
                            "use": "work"
                        },
                        {
                            "system": "fax",
                            "value": "7275210416",
                            "use": "work"
                        }
                    ],
                    "hoursOfOperation": [
                        {
                            "daysOfWeek": [
                                "MONDAY",
                                "TUESDAY",
                                "WEDNESDAY",
                                "THURSDAY",
                                "FRIDAY"
                            ],
                            "availableStartTime": "09:09:00",
                            "availableEndTime": "17:00:00"
                        }
                    ]
                }
            }
        ]
    }
]