[
    {
        "resourceType": "Bundle",
        "type": "transaction",
        "entry": [
            {
                "resource": {
                    "resourceType": "Practitioner",
                    "meta": {
                        "source": "www.Availity.com",
                        "lastUpdated": "2018-12-10T19:37:05.637Z"
                    },
                    "identifier": [
                        {
                            "value": "593477070"
                        },
                        {
                            "value": "e-P-4401158"
                        },
                        {
                            "system": "http://hl7.org/fhir/sid/us-npi",
                            "value": "1437132263"
                        }
                    ],
                    "active": true,
                    "name": [
                        {
                            "family": "Torres"
                        },
                        {
                            "given": [
                                "Arnaldo"
                            ]
                        },
                        {
                            "prefix": [
                                "Dr."
                            ]
                        }
                    ],
                    "gender": [
                        "Male"
                    ],
                    "birthDate": "1962-01-28",
                    "qualification": {},
                    "communication": [
                        {
                            "coding": [
                                {
                                    "code": "POR",
                                    "display": "Portuguese"
                                },
                                {
                                    "code": "ENG",
                                    "display": "English"
                                },
                                {
                                    "code": "SPA",
                                    "display": "Spanish"
                                }
                            ],
                            "text": "Language"
                        }
                    ]
                },
                "request": {
                    "method": "POST",
                    "url": "Practitioner"
                }
            },
            {
                "resource": {
                    "resourceType": "Organization",
                    "identifier": [
                        {
                            "value": "593477070"
                        },
                        {
                            "value": "e-P-4401158"
                        },
                        {
                            "system": "http://hl7.org/fhir/sid/us-npi",
                            "value": "1437132263"
                        }
                    ],
                    "active": true,
                    "type": [
                        {
                            "text": "prov"
                        }
                    ],
                    "name": "GREGORIO S SANTOS MD PA",
                    "address": [
                        {
                            "id": "e-B-8030787",
                            "line": [
                                "6711 38TH AVENUE NORTH"
                            ],
                            "city": "St. Petersburg",
                            "state": "FL",
                            "postalCode": "33710",
                            "use": "work"
                        }
                    ],
                    "telecom": [
                        {
                            "system": "fax",
                            "value": "8134438116",
                            "use": "work"
                        },
                        {
                            "system": "phone",
                            "value": "7273443200",
                            "use": "work"
                        }
                    ],
                    "contact": [
                        {
                            "purpose": {
                                "text": "ADMIN"
                            },
                            "name": [
                                {
                                    "family": "Torres"
                                },
                                {
                                    "given": [
                                        "Arnaldo"
                                    ]
                                },
                                {
                                    "prefix": [
                                        "Dr."
                                    ]
                                }
                            ],
                            "telecom": [
                                {
                                    "system": "fax",
                                    "value": "8134438116",
                                    "use": "work"
                                },
                                {
                                    "system": "phone",
                                    "value": "7273443200",
                                    "use": "work"
                                }
                            ],
                            "address": [
                                {
                                    "id": "e-B-8030787",
                                    "line": [
                                        "6711 38TH AVENUE NORTH"
                                    ],
                                    "city": "St. Petersburg",
                                    "state": "FL",
                                    "postalCode": "33710",
                                    "use": "work"
                                }
                            ]
                        }
                    ]
                }
            },
            {
                "resource": {
                    "resourceType": "HealthcareService",
                    "identifier": [
                        {
                            "value": "593477070"
                        },
                        {
                            "system": "http://hl7.org/fhir/sid/us-npi",
                            "value": "1437132263"
                        }
                    ],
                    "active": true,
                    "providedby": "GREGORIO S SANTOS MD PA",
                    "speciality": [
                        {
                            "coding": [
                                [
                                    {
                                        "code": "207R00000X",
                                        "display": "INTERNAL MEDICINE",
                                        "text": "NOT APPLICABLE"
                                    },
                                    {
                                        "code": "207RR0500X",
                                        "display": "INTERNAL MEDICINE",
                                        "text": "RHEUMATOLOGY"
                                    }
                                ]
                            ]
                        }
                    ],
                    "telecom": [
                        {
                            "system": "fax",
                            "value": "8134438116",
                            "use": "work"
                        },
                        {
                            "system": "phone",
                            "value": "7273443200",
                            "use": "work"
                        }
                    ],
                    "communication": [
                        {
                            "coding": [
                                {
                                    "code": "POR",
                                    "display": "Portuguese"
                                },
                                {
                                    "code": "ENG",
                                    "display": "English"
                                },
                                {
                                    "code": "SPA",
                                    "display": "Spanish"
                                }
                            ],
                            "text": "Language"
                        }
                    ],
                    "availableTime": [
                        {
                            "daysOfWeek": [],
                            "availableStartTime": "",
                            "availableEndTime": ""
                        }
                    ]
                }
            },
            {
                "resources": {
                    "resourceType": "Practitioner Role",
                    "active": true,
                    "practitioner": {
                        "type": "Practitioner",
                        "identifier": {
                            "system": "http://hl7.org/fhir/sid/us-npi",
                            "value": "1437132263"
                        }
                    },
                    "organization": {
                        "type": "Organization",
                        "identifier": {
                            "system": "http://hl7.org/fhir/sid/us-npi",
                            "value": "1437132263"
                        },
                        "display": "GREGORIO S SANTOS MD PA"
                    },
                    "speciality": [
                        {
                            "coding": [
                                [
                                    {
                                        "code": "207R00000X",
                                        "display": "INTERNAL MEDICINE",
                                        "text": "NOT APPLICABLE"
                                    },
                                    {
                                        "code": "207RR0500X",
                                        "display": "INTERNAL MEDICINE",
                                        "text": "RHEUMATOLOGY"
                                    }
                                ]
                            ]
                        }
                    ],
                    "availableTime": [
                        {
                            "daysOfWeek": [],
                            "availableStartTime": "",
                            "availableEndTime": ""
                        }
                    ],
                    "telecom": [
                        {
                            "system": "phone",
                            "value": "7273443200",
                            "use": "work"
                        },
                        {
                            "system": "fax",
                            "value": "8134438116",
                            "use": "work"
                        }
                    ],
                    "location": [
                        {
                            "reference": "e-B-8030787"
                        }
                    ],
                    "healthService": [
                        {
                            "reference": "HealthcareService/0"
                        }
                    ]
                },
                "request": {
                    "method": "POST",
                    "url": "PractitionerRole"
                }
            },
            {
                "resources": {
                    "resourceType": "Location",
                    "meta": {
                        "source": "www.Availity.com",
                        "lastUpdated": "2018-12-10T19:37:05.637Z"
                    },
                    "address": {
                        "identifier": "e-B-8030787",
                        "line": [
                            "6711 38TH AVENUE NORTH"
                        ],
                        "city": "St. Petersburg",
                        "state": "FL",
                        "postalCode": "33710",
                        "use": "work"
                    },
                    "telecom": [
                        {
                            "system": "phone",
                            "value": "7273443200",
                            "use": "work"
                        },
                        {
                            "system": "fax",
                            "value": "8134438116",
                            "use": "work"
                        }
                    ],
                    "hoursOfOperation": [
                        {
                            "daysOfWeek": [],
                            "availableStartTime": "",
                            "availableEndTime": ""
                        }
                    ]
                }
            }
        ]
    }
]