[
    {
        "resourceType": "Bundle",
        "type": "transaction",
        "entry": [
            {
                "resource": {
                    "resourceType": "Practitioner",
                    "meta": {
                        "source": "www.Availity.com",
                        "lastUpdated": "2018-10-02T20:20:09.438Z"
                    },
                    "identifier": [
                        {
                            "value": "743220521"
                        },
                        {
                            "value": "e-P-9513186"
                        },
                        {
                            "system": "http://hl7.org/fhir/sid/us-npi",
                            "value": "1053516468"
                        }
                    ],
                    "active": true,
                    "name": [
                        {
                            "family": "Moline"
                        },
                        {
                            "given": [
                                "Saghi",
                                "Sharon"
                            ]
                        }
                    ],
                    "gender": [
                        "Female"
                    ],
                    "birthDate": "1963-01-11",
                    "qualification": {},
                    "communication": [
                        {
                            "coding": [
                                {
                                    "code": "ENG",
                                    "display": "English"
                                },
                                {
                                    "code": "FAS",
                                    "display": ""
                                },
                                {
                                    "code": "ENG",
                                    "display": "English"
                                }
                            ],
                            "text": "Language"
                        }
                    ]
                },
                "request": {
                    "method": "POST",
                    "url": "Practitioner"
                }
            },
            {
                "resource": {
                    "resourceType": "Organization",
                    "identifier": [
                        {
                            "value": "743220521"
                        },
                        {
                            "value": "e-P-9513186"
                        },
                        {
                            "system": "http://hl7.org/fhir/sid/us-npi",
                            "value": "1053516468"
                        }
                    ],
                    "active": true,
                    "type": [
                        {
                            "text": "prov"
                        }
                    ],
                    "name": "SAGHI SHARON MOLINE",
                    "address": [
                        {
                            "id": "e-B-933394",
                            "line": [
                                "13030 FOREST DRIVE"
                            ],
                            "city": "Bowie",
                            "state": "MD",
                            "postalCode": "20715",
                            "use": "work"
                        }
                    ],
                    "telecom": [
                        {
                            "system": "fax",
                            "value": "2407660568",
                            "use": "work"
                        },
                        {
                            "system": "phone",
                            "value": "3016753760",
                            "use": "work"
                        },
                        {
                            "system": "alternate phone",
                            "value": "3016753760",
                            "use": "work"
                        }
                    ],
                    "contact": [
                        {
                            "purpose": {
                                "text": "ADMIN"
                            },
                            "name": [
                                {
                                    "family": "Moline"
                                },
                                {
                                    "given": [
                                        "Saghi",
                                        "Sharon"
                                    ]
                                }
                            ],
                            "telecom": [
                                {
                                    "system": "fax",
                                    "value": "2407660568",
                                    "use": "work"
                                },
                                {
                                    "system": "phone",
                                    "value": "3016753760",
                                    "use": "work"
                                },
                                {
                                    "system": "alternate phone",
                                    "value": "3016753760",
                                    "use": "work"
                                }
                            ],
                            "address": [
                                {
                                    "id": "e-B-933394",
                                    "line": [
                                        "13030 FOREST DRIVE"
                                    ],
                                    "city": "Bowie",
                                    "state": "MD",
                                    "postalCode": "20715",
                                    "use": "work"
                                }
                            ]
                        }
                    ]
                }
            },
            {
                "resource": {
                    "resourceType": "HealthcareService",
                    "identifier": [
                        {
                            "value": "743220521"
                        },
                        {
                            "system": "http://hl7.org/fhir/sid/us-npi",
                            "value": "1053516468"
                        }
                    ],
                    "active": true,
                    "providedby": "SAGHI SHARON MOLINE",
                    "speciality": [
                        {
                            "coding": [
                                [
                                    {
                                        "code": "225100000X",
                                        "display": "PHYSICAL THERAPIST",
                                        "text": "NOT APPLICABLE"
                                    }
                                ]
                            ]
                        }
                    ],
                    "telecom": [
                        {
                            "system": "fax",
                            "value": "2407660568",
                            "use": "work"
                        },
                        {
                            "system": "phone",
                            "value": "3016753760",
                            "use": "work"
                        },
                        {
                            "system": "alternate phone",
                            "value": "3016753760",
                            "use": "work"
                        }
                    ],
                    "communication": [
                        {
                            "coding": [
                                {
                                    "code": "ENG",
                                    "display": "English"
                                },
                                {
                                    "code": "FAS",
                                    "display": ""
                                },
                                {
                                    "code": "ENG",
                                    "display": "English"
                                }
                            ],
                            "text": "Language"
                        }
                    ],
                    "availableTime": [
                        {
                            "daysOfWeek": [
                                "MONDAY",
                                "TUESDAY",
                                "WEDNESDAY",
                                "THURSDAY",
                                "FRIDAY"
                            ],
                            "availableStartTime": "09:09:00",
                            "availableEndTime": "17:00:00"
                        },
                        {
                            "daysOfWeek": [
                                "SATURDAY"
                            ],
                            "availableStartTime": "09:09:00",
                            "availableEndTime": "12:00:00"
                        }
                    ]
                }
            },
            {
                "resources": {
                    "resourceType": "Practitioner Role",
                    "active": true,
                    "practitioner": {
                        "type": "Practitioner",
                        "identifier": {
                            "system": "http://hl7.org/fhir/sid/us-npi",
                            "value": "1053516468"
                        }
                    },
                    "organization": {
                        "type": "Organization",
                        "identifier": {
                            "system": "http://hl7.org/fhir/sid/us-npi",
                            "value": "1053516468"
                        },
                        "display": "SAGHI SHARON MOLINE"
                    },
                    "speciality": [
                        {
                            "coding": [
                                [
                                    {
                                        "code": "225100000X",
                                        "display": "PHYSICAL THERAPIST",
                                        "text": "NOT APPLICABLE"
                                    }
                                ]
                            ]
                        }
                    ],
                    "availableTime": [
                        {
                            "daysOfWeek": [
                                "MONDAY",
                                "TUESDAY",
                                "WEDNESDAY",
                                "THURSDAY",
                                "FRIDAY"
                            ],
                            "availableStartTime": "09:09:00",
                            "availableEndTime": "17:00:00"
                        },
                        {
                            "daysOfWeek": [
                                "SATURDAY"
                            ],
                            "availableStartTime": "09:09:00",
                            "availableEndTime": "12:00:00"
                        }
                    ],
                    "telecom": [],
                    "location": [
                        {
                            "reference": "e-S-933394"
                        }
                    ],
                    "healthService": [
                        {
                            "reference": "HealthcareService/0"
                        }
                    ]
                },
                "request": {
                    "method": "POST",
                    "url": "PractitionerRole"
                }
            },
            {
                "resources": {
                    "resourceType": "Practitioner Role",
                    "active": true,
                    "practitioner": {
                        "type": "Practitioner",
                        "identifier": {
                            "system": "http://hl7.org/fhir/sid/us-npi",
                            "value": "1053516468"
                        }
                    },
                    "organization": {
                        "type": "Organization",
                        "identifier": {
                            "system": "http://hl7.org/fhir/sid/us-npi",
                            "value": "1053516468"
                        },
                        "display": "SAGHI SHARON MOLINE"
                    },
                    "speciality": [
                        {
                            "coding": [
                                [
                                    {
                                        "code": "225100000X",
                                        "display": "PHYSICAL THERAPIST",
                                        "text": "NOT APPLICABLE"
                                    }
                                ]
                            ]
                        }
                    ],
                    "availableTime": [
                        {
                            "daysOfWeek": [
                                "MONDAY",
                                "TUESDAY",
                                "WEDNESDAY",
                                "THURSDAY",
                                "FRIDAY"
                            ],
                            "availableStartTime": "09:09:00",
                            "availableEndTime": "17:00:00"
                        },
                        {
                            "daysOfWeek": [
                                "SATURDAY"
                            ],
                            "availableStartTime": "09:09:00",
                            "availableEndTime": "12:00:00"
                        }
                    ],
                    "telecom": [
                        {
                            "system": "fax",
                            "value": "2407660568",
                            "use": "work"
                        }
                    ],
                    "location": [
                        {
                            "reference": "e-B-933394"
                        }
                    ]
                },
                "request": {
                    "method": "POST",
                    "url": "PractitionerRole"
                }
            },
            {
                "resources": {
                    "resourceType": "Location",
                    "meta": {
                        "source": "www.Availity.com",
                        "lastUpdated": "2018-10-02T20:20:09.438Z"
                    },
                    "address": {
                        "identifier": "e-S-933394",
                        "line": [
                            "13030 FOREST DRIVE"
                        ],
                        "city": "Bowie",
                        "state": "MD",
                        "postalCode": "20715",
                        "use": "work"
                    },
                    "telecom": [
                        {
                            "system": "phone",
                            "value": "3016753760",
                            "use": "work"
                        }
                    ],
                    "hoursOfOperation": [
                        {
                            "daysOfWeek": [
                                "MONDAY",
                                "TUESDAY",
                                "WEDNESDAY",
                                "THURSDAY",
                                "FRIDAY"
                            ],
                            "availableStartTime": "09:09:00",
                            "availableEndTime": "17:00:00"
                        },
                        {
                            "daysOfWeek": [
                                "SATURDAY"
                            ],
                            "availableStartTime": "09:09:00",
                            "availableEndTime": "12:00:00"
                        }
                    ]
                }
            },
            {
                "resources": {
                    "resourceType": "Location",
                    "meta": {
                        "source": "www.Availity.com",
                        "lastUpdated": "2018-10-02T20:20:09.438Z"
                    },
                    "address": {
                        "identifier": "e-B-933394",
                        "line": [
                            "13030 FOREST DRIVE"
                        ],
                        "city": "Bowie",
                        "state": "MD",
                        "postalCode": "20715",
                        "use": "work"
                    },
                    "telecom": [
                        {
                            "system": "phone",
                            "value": "3016753760",
                            "use": "work"
                        },
                        {
                            "system": "fax",
                            "value": "2407660568",
                            "use": "work"
                        }
                    ],
                    "hoursOfOperation": [
                        {
                            "daysOfWeek": [
                                "MONDAY",
                                "TUESDAY",
                                "WEDNESDAY",
                                "THURSDAY",
                                "FRIDAY"
                            ],
                            "availableStartTime": "09:09:00",
                            "availableEndTime": "17:00:00"
                        },
                        {
                            "daysOfWeek": [
                                "SATURDAY"
                            ],
                            "availableStartTime": "09:09:00",
                            "availableEndTime": "12:00:00"
                        }
                    ]
                }
            }
        ]
    }
]