[
    {
        "resourceType": "Bundle",
        "type": "transaction",
        "entry": [
            {
                "resource": {
                    "resourceType": "Practitioner",
                    "meta": {
                        "source": "www.Availity.com",
                        "lastUpdated": "2019-01-01T18:47:37.956Z"
                    },
                    "identifier": [
                        {
                            "value": "760750294"
                        },
                        {
                            "value": "e-P-7778378"
                        },
                        {
                            "system": "http://hl7.org/fhir/sid/us-npi",
                            "value": "1366532442"
                        }
                    ],
                    "active": true,
                    "name": [
                        {
                            "family": "LOVICH"
                        },
                        {
                            "given": [
                                "STEPHEN",
                                "FRANK"
                            ]
                        }
                    ],
                    "gender": [
                        "Male"
                    ],
                    "birthDate": "1958-02-21",
                    "qualification": {},
                    "communication": [
                        {
                            "coding": [
                                {
                                    "code": "ENG",
                                    "display": "English"
                                }
                            ],
                            "text": "Language"
                        }
                    ]
                },
                "request": {
                    "method": "POST",
                    "url": "Practitioner"
                }
            },
            {
                "resource": {
                    "resourceType": "Organization",
                    "identifier": [
                        {
                            "value": "760750294"
                        },
                        {
                            "value": "e-P-7778378"
                        },
                        {
                            "system": "http://hl7.org/fhir/sid/us-npi",
                            "value": "1366532442"
                        }
                    ],
                    "active": true,
                    "type": [
                        {
                            "text": "prov"
                        }
                    ],
                    "name": "Dr. Stephen Lovich",
                    "address": [
                        {
                            "id": "e-S-6644404",
                            "line": [
                                "280 SOUTH PACIFIC HWY."
                            ],
                            "city": "Talent",
                            "state": "OR",
                            "postalCode": "97540",
                            "use": "work"
                        },
                        {
                            "id": "e-B-3812556",
                            "line": [
                                "1208 BEALL LANE"
                            ],
                            "city": "Central Point",
                            "state": "OR",
                            "postalCode": "97502",
                            "use": "work"
                        }
                    ],
                    "telecom": [
                        {
                            "system": "phone",
                            "value": "5415124771",
                            "use": "work"
                        },
                        {
                            "system": "phone",
                            "value": "5414746053",
                            "use": "work"
                        },
                        {
                            "system": "alternate phone",
                            "value": "5415124771",
                            "use": "work"
                        }
                    ],
                    "contact": [
                        {
                            "purpose": {
                                "text": "ADMIN"
                            },
                            "name": [
                                {
                                    "family": "LOVICH"
                                },
                                {
                                    "given": [
                                        "STEPHEN",
                                        "FRANK"
                                    ]
                                }
                            ],
                            "telecom": [
                                {
                                    "system": "phone",
                                    "value": "5415124771",
                                    "use": "work"
                                },
                                {
                                    "system": "phone",
                                    "value": "5414746053",
                                    "use": "work"
                                },
                                {
                                    "system": "alternate phone",
                                    "value": "5415124771",
                                    "use": "work"
                                }
                            ],
                            "address": [
                                {
                                    "id": "e-S-6644404",
                                    "line": [
                                        "280 SOUTH PACIFIC HWY."
                                    ],
                                    "city": "Talent",
                                    "state": "OR",
                                    "postalCode": "97540",
                                    "use": "work"
                                },
                                {
                                    "id": "e-B-3812556",
                                    "line": [
                                        "1208 BEALL LANE"
                                    ],
                                    "city": "Central Point",
                                    "state": "OR",
                                    "postalCode": "97502",
                                    "use": "work"
                                }
                            ]
                        }
                    ]
                }
            },
            {
                "resource": {
                    "resourceType": "HealthcareService",
                    "identifier": [
                        {
                            "value": "760750294"
                        },
                        {
                            "system": "http://hl7.org/fhir/sid/us-npi",
                            "value": "1366532442"
                        }
                    ],
                    "active": true,
                    "providedby": "Dr. Stephen Lovich",
                    "speciality": [
                        {
                            "coding": [
                                [
                                    {
                                        "code": "208200000X",
                                        "display": "PLASTIC SURGERY",
                                        "text": "NOT APPLICABLE"
                                    },
                                    {
                                        "code": "2086S0122X",
                                        "display": "SURGERY",
                                        "text": "PLASTIC AND RECONSTRUCTIVE SURGERY"
                                    }
                                ]
                            ]
                        }
                    ],
                    "telecom": [
                        {
                            "system": "phone",
                            "value": "5415124771",
                            "use": "work"
                        },
                        {
                            "system": "phone",
                            "value": "5414746053",
                            "use": "work"
                        },
                        {
                            "system": "alternate phone",
                            "value": "5415124771",
                            "use": "work"
                        }
                    ],
                    "communication": [
                        {
                            "coding": [
                                {
                                    "code": "ENG",
                                    "display": "English"
                                }
                            ],
                            "text": "Language"
                        }
                    ],
                    "availableTime": [
                        {
                            "daysOfWeek": [],
                            "availableStartTime": "",
                            "availableEndTime": ""
                        }
                    ]
                }
            },
            {
                "resources": {
                    "resourceType": "Practitioner Role",
                    "active": true,
                    "practitioner": {
                        "type": "Practitioner",
                        "identifier": {
                            "system": "http://hl7.org/fhir/sid/us-npi",
                            "value": "1366532442"
                        }
                    },
                    "organization": {
                        "type": "Organization",
                        "identifier": {
                            "system": "http://hl7.org/fhir/sid/us-npi",
                            "value": "1366532442"
                        },
                        "display": "Dr. Stephen Lovich"
                    },
                    "speciality": [
                        {
                            "coding": [
                                [
                                    {
                                        "code": "208200000X",
                                        "display": "PLASTIC SURGERY",
                                        "text": "NOT APPLICABLE"
                                    },
                                    {
                                        "code": "2086S0122X",
                                        "display": "SURGERY",
                                        "text": "PLASTIC AND RECONSTRUCTIVE SURGERY"
                                    }
                                ]
                            ]
                        }
                    ],
                    "availableTime": [
                        {
                            "daysOfWeek": [],
                            "availableStartTime": "",
                            "availableEndTime": ""
                        }
                    ],
                    "telecom": [],
                    "location": [
                        {
                            "reference": "e-S-6644404"
                        }
                    ],
                    "healthService": [
                        {
                            "reference": "HealthcareService/0"
                        }
                    ]
                },
                "request": {
                    "method": "POST",
                    "url": "PractitionerRole"
                }
            },
            {
                "resources": {
                    "resourceType": "Practitioner Role",
                    "active": true,
                    "practitioner": {
                        "type": "Practitioner",
                        "identifier": {
                            "system": "http://hl7.org/fhir/sid/us-npi",
                            "value": "1366532442"
                        }
                    },
                    "organization": {
                        "type": "Organization",
                        "identifier": {
                            "system": "http://hl7.org/fhir/sid/us-npi",
                            "value": "1366532442"
                        },
                        "display": "Dr. Stephen Lovich"
                    },
                    "speciality": [
                        {
                            "coding": [
                                [
                                    {
                                        "code": "208200000X",
                                        "display": "PLASTIC SURGERY",
                                        "text": "NOT APPLICABLE"
                                    },
                                    {
                                        "code": "2086S0122X",
                                        "display": "SURGERY",
                                        "text": "PLASTIC AND RECONSTRUCTIVE SURGERY"
                                    }
                                ]
                            ]
                        }
                    ],
                    "availableTime": [
                        {
                            "daysOfWeek": [],
                            "availableStartTime": "",
                            "availableEndTime": ""
                        }
                    ],
                    "telecom": [],
                    "location": [
                        {
                            "reference": "e-B-3812556"
                        }
                    ],
                    "healthService": [
                        {
                            "reference": "HealthcareService/1"
                        }
                    ]
                },
                "request": {
                    "method": "POST",
                    "url": "PractitionerRole"
                }
            },
            {
                "resources": {
                    "resourceType": "Location",
                    "meta": {
                        "source": "www.Availity.com",
                        "lastUpdated": "2019-01-01T18:47:37.956Z"
                    },
                    "address": {
                        "identifier": "e-S-6644404",
                        "line": [
                            "280 SOUTH PACIFIC HWY."
                        ],
                        "city": "Talent",
                        "state": "OR",
                        "postalCode": "97540",
                        "use": "work"
                    },
                    "telecom": [
                        {
                            "system": "phone",
                            "value": "5415124771",
                            "use": "work"
                        }
                    ],
                    "hoursOfOperation": [
                        {
                            "daysOfWeek": [],
                            "availableStartTime": "",
                            "availableEndTime": ""
                        }
                    ]
                }
            },
            {
                "resources": {
                    "resourceType": "Location",
                    "meta": {
                        "source": "www.Availity.com",
                        "lastUpdated": "2019-01-01T18:47:37.956Z"
                    },
                    "address": {
                        "identifier": "e-B-3812556",
                        "line": [
                            "1208 BEALL LANE"
                        ],
                        "city": "Central Point",
                        "state": "OR",
                        "postalCode": "97502",
                        "use": "work"
                    },
                    "telecom": [
                        {
                            "system": "phone",
                            "value": "5414746053",
                            "use": "work"
                        }
                    ],
                    "hoursOfOperation": [
                        {
                            "daysOfWeek": [],
                            "availableStartTime": "",
                            "availableEndTime": ""
                        }
                    ]
                }
            }
        ]
    }
]