[
    {
        "resourceType": "Bundle",
        "type": "transaction",
        "entry": [
            {
                "resource": {
                    "resourceType": "Practitioner",
                    "meta": {
                        "source": "www.Availity.com",
                        "lastUpdated": "2018-12-01T05:55:29.579Z"
                    },
                    "identifier": [
                        {
                            "value": "813914576"
                        },
                        {
                            "value": "e-P-9580192"
                        },
                        {
                            "system": "http://hl7.org/fhir/sid/us-npi",
                            "value": "1427091727"
                        }
                    ],
                    "active": true,
                    "name": [
                        {
                            "family": "Sioufi"
                        },
                        {
                            "given": [
                                "M Firas"
                            ]
                        }
                    ],
                    "gender": [
                        "Male"
                    ],
                    "birthDate": "1973-11-09",
                    "qualification": {},
                    "communication": [
                        {
                            "coding": [
                                {
                                    "code": "ENG",
                                    "display": "English"
                                },
                                {
                                    "code": "ARA",
                                    "display": ""
                                },
                                {
                                    "code": "ENG",
                                    "display": "English"
                                }
                            ],
                            "text": "Language"
                        }
                    ]
                },
                "request": {
                    "method": "POST",
                    "url": "Practitioner"
                }
            },
            {
                "resource": {
                    "resourceType": "Organization",
                    "identifier": [
                        {
                            "value": "813914576"
                        },
                        {
                            "value": "e-P-9580192"
                        },
                        {
                            "system": "http://hl7.org/fhir/sid/us-npi",
                            "value": "1427091727"
                        }
                    ],
                    "active": true,
                    "type": [
                        {
                            "text": "prov"
                        }
                    ],
                    "name": "FALCON SLEEP AND NEURODIAGNOSTICS LLC.",
                    "address": [
                        {
                            "id": "e-S-3553261",
                            "line": [
                                "120 ALEXANDRIA BLVD.",
                                "Suite 19"
                            ],
                            "city": "Oviedo",
                            "state": "FL",
                            "postalCode": "32765",
                            "use": "work"
                        },
                        {
                            "id": "e-S-9185004",
                            "line": [
                                "6000 METROWEST BLVD",
                                "STE 104"
                            ],
                            "city": "ORLANDO",
                            "state": "FL",
                            "postalCode": "32835",
                            "use": "work"
                        }
                    ],
                    "telecom": [
                        {
                            "system": "phone",
                            "value": "4073653033",
                            "use": "work"
                        },
                        {
                            "system": "alternate phone",
                            "value": "4073653033",
                            "use": "work"
                        }
                    ],
                    "contact": [
                        {
                            "purpose": {
                                "text": "ADMIN"
                            },
                            "name": [
                                {
                                    "family": "Sioufi"
                                },
                                {
                                    "given": [
                                        "M Firas"
                                    ]
                                }
                            ],
                            "telecom": [
                                {
                                    "system": "phone",
                                    "value": "4073653033",
                                    "use": "work"
                                },
                                {
                                    "system": "alternate phone",
                                    "value": "4073653033",
                                    "use": "work"
                                }
                            ],
                            "address": [
                                {
                                    "id": "e-S-3553261",
                                    "line": [
                                        "120 ALEXANDRIA BLVD.",
                                        "Suite 19"
                                    ],
                                    "city": "Oviedo",
                                    "state": "FL",
                                    "postalCode": "32765",
                                    "use": "work"
                                },
                                {
                                    "id": "e-S-9185004",
                                    "line": [
                                        "6000 METROWEST BLVD",
                                        "STE 104"
                                    ],
                                    "city": "ORLANDO",
                                    "state": "FL",
                                    "postalCode": "32835",
                                    "use": "work"
                                }
                            ]
                        }
                    ]
                }
            },
            {
                "resource": {
                    "resourceType": "HealthcareService",
                    "identifier": [
                        {
                            "value": "813914576"
                        },
                        {
                            "system": "http://hl7.org/fhir/sid/us-npi",
                            "value": "1427091727"
                        }
                    ],
                    "active": true,
                    "providedby": "FALCON SLEEP AND NEURODIAGNOSTICS LLC.",
                    "speciality": [
                        {
                            "coding": [
                                [
                                    {
                                        "code": "2084N0400X",
                                        "display": "PSYCHIATRY & NEUROLOGY",
                                        "text": "NEUROLOGY"
                                    },
                                    {
                                        "code": "2084N0600X",
                                        "display": "PSYCHIATRY & NEUROLOGY",
                                        "text": "CLINICAL NEUROPHYSIOLOGY"
                                    },
                                    {
                                        "code": "2084S0012X",
                                        "display": "PSYCHIATRY & NEUROLOGY",
                                        "text": "SLEEP MEDICINE"
                                    },
                                    {
                                        "code": "207Q00000X",
                                        "display": "FAMILY MEDICINE",
                                        "text": "NOT APPLICABLE"
                                    },
                                    {
                                        "code": "207RS0012X",
                                        "display": "INTERNAL MEDICINE",
                                        "text": "SLEEP MEDICINE"
                                    },
                                    {
                                        "code": "2084N0008X",
                                        "display": "PSYCHIATRY & NEUROLOGY",
                                        "text": "NEUROMUSCULAR MEDICINE"
                                    }
                                ]
                            ]
                        }
                    ],
                    "telecom": [
                        {
                            "system": "phone",
                            "value": "4073653033",
                            "use": "work"
                        },
                        {
                            "system": "alternate phone",
                            "value": "4073653033",
                            "use": "work"
                        }
                    ],
                    "communication": [
                        {
                            "coding": [
                                {
                                    "code": "ENG",
                                    "display": "English"
                                },
                                {
                                    "code": "ARA",
                                    "display": ""
                                },
                                {
                                    "code": "ENG",
                                    "display": "English"
                                }
                            ],
                            "text": "Language"
                        }
                    ],
                    "availableTime": [
                        {
                            "daysOfWeek": [],
                            "availableStartTime": "",
                            "availableEndTime": ""
                        }
                    ]
                }
            },
            {
                "resources": {
                    "resourceType": "Practitioner Role",
                    "active": true,
                    "practitioner": {
                        "type": "Practitioner",
                        "identifier": {
                            "system": "http://hl7.org/fhir/sid/us-npi",
                            "value": "1427091727"
                        }
                    },
                    "organization": {
                        "type": "Organization",
                        "identifier": {
                            "system": "http://hl7.org/fhir/sid/us-npi",
                            "value": "1427091727"
                        },
                        "display": "FALCON SLEEP AND NEURODIAGNOSTICS LLC."
                    },
                    "speciality": [
                        {
                            "coding": [
                                [
                                    {
                                        "code": "2084N0400X",
                                        "display": "PSYCHIATRY & NEUROLOGY",
                                        "text": "NEUROLOGY"
                                    },
                                    {
                                        "code": "2084N0600X",
                                        "display": "PSYCHIATRY & NEUROLOGY",
                                        "text": "CLINICAL NEUROPHYSIOLOGY"
                                    },
                                    {
                                        "code": "2084S0012X",
                                        "display": "PSYCHIATRY & NEUROLOGY",
                                        "text": "SLEEP MEDICINE"
                                    },
                                    {
                                        "code": "207Q00000X",
                                        "display": "FAMILY MEDICINE",
                                        "text": "NOT APPLICABLE"
                                    },
                                    {
                                        "code": "207RS0012X",
                                        "display": "INTERNAL MEDICINE",
                                        "text": "SLEEP MEDICINE"
                                    },
                                    {
                                        "code": "2084N0008X",
                                        "display": "PSYCHIATRY & NEUROLOGY",
                                        "text": "NEUROMUSCULAR MEDICINE"
                                    }
                                ]
                            ]
                        }
                    ],
                    "availableTime": [
                        {
                            "daysOfWeek": [],
                            "availableStartTime": "",
                            "availableEndTime": ""
                        }
                    ],
                    "telecom": [],
                    "location": [
                        {
                            "reference": "e-S-3553261"
                        }
                    ],
                    "healthService": [
                        {
                            "reference": "HealthcareService/0"
                        }
                    ]
                },
                "request": {
                    "method": "POST",
                    "url": "PractitionerRole"
                }
            },
            {
                "resources": {
                    "resourceType": "Practitioner Role",
                    "active": true,
                    "practitioner": {
                        "type": "Practitioner",
                        "identifier": {
                            "system": "http://hl7.org/fhir/sid/us-npi",
                            "value": "1427091727"
                        }
                    },
                    "organization": {
                        "type": "Organization",
                        "identifier": {
                            "system": "http://hl7.org/fhir/sid/us-npi",
                            "value": "1427091727"
                        },
                        "display": "FALCON SLEEP AND NEURODIAGNOSTICS LLC."
                    },
                    "speciality": [
                        {
                            "coding": [
                                [
                                    {
                                        "code": "2084N0400X",
                                        "display": "PSYCHIATRY & NEUROLOGY",
                                        "text": "NEUROLOGY"
                                    },
                                    {
                                        "code": "2084N0600X",
                                        "display": "PSYCHIATRY & NEUROLOGY",
                                        "text": "CLINICAL NEUROPHYSIOLOGY"
                                    },
                                    {
                                        "code": "2084S0012X",
                                        "display": "PSYCHIATRY & NEUROLOGY",
                                        "text": "SLEEP MEDICINE"
                                    },
                                    {
                                        "code": "207Q00000X",
                                        "display": "FAMILY MEDICINE",
                                        "text": "NOT APPLICABLE"
                                    },
                                    {
                                        "code": "207RS0012X",
                                        "display": "INTERNAL MEDICINE",
                                        "text": "SLEEP MEDICINE"
                                    },
                                    {
                                        "code": "2084N0008X",
                                        "display": "PSYCHIATRY & NEUROLOGY",
                                        "text": "NEUROMUSCULAR MEDICINE"
                                    }
                                ]
                            ]
                        }
                    ],
                    "availableTime": [
                        {
                            "daysOfWeek": [],
                            "availableStartTime": "",
                            "availableEndTime": ""
                        }
                    ],
                    "telecom": [],
                    "location": [
                        {
                            "reference": "e-S-9185004"
                        }
                    ],
                    "healthService": [
                        {
                            "reference": "HealthcareService/1"
                        }
                    ]
                },
                "request": {
                    "method": "POST",
                    "url": "PractitionerRole"
                }
            },
            {
                "resources": {
                    "resourceType": "Location",
                    "meta": {
                        "source": "www.Availity.com",
                        "lastUpdated": "2018-12-01T05:55:29.579Z"
                    },
                    "address": {
                        "identifier": "e-S-3553261",
                        "line": [
                            "120 ALEXANDRIA BLVD.",
                            "Suite 19"
                        ],
                        "city": "Oviedo",
                        "state": "FL",
                        "postalCode": "32765",
                        "use": "work"
                    },
                    "telecom": [
                        {
                            "system": "phone",
                            "value": "4073653033",
                            "use": "work"
                        }
                    ],
                    "hoursOfOperation": [
                        {
                            "daysOfWeek": [],
                            "availableStartTime": "",
                            "availableEndTime": ""
                        }
                    ]
                }
            },
            {
                "resources": {
                    "resourceType": "Location",
                    "meta": {
                        "source": "www.Availity.com",
                        "lastUpdated": "2018-12-01T05:55:29.579Z"
                    },
                    "address": {
                        "identifier": "e-S-9185004",
                        "line": [
                            "6000 METROWEST BLVD",
                            "STE 104"
                        ],
                        "city": "ORLANDO",
                        "state": "FL",
                        "postalCode": "32835",
                        "use": "work"
                    },
                    "telecom": [
                        {
                            "system": "phone",
                            "value": "4073653033",
                            "use": "work"
                        }
                    ],
                    "hoursOfOperation": [
                        {
                            "daysOfWeek": [],
                            "availableStartTime": "",
                            "availableEndTime": ""
                        }
                    ]
                }
            }
        ]
    }
]