[
    {
        "resourceType": "Bundle",
        "type": "transaction",
        "entry": [
            {
                "resource": {
                    "resourceType": "Practitioner",
                    "meta": {
                        "source": "www.Availity.com",
                        "lastUpdated": "2019-01-01T18:57:14.174Z"
                    },
                    "identifier": [
                        {
                            "value": "820957405"
                        },
                        {
                            "value": "e-P-9601867"
                        },
                        {
                            "system": "http://hl7.org/fhir/sid/us-npi",
                            "value": "1871720136"
                        }
                    ],
                    "active": true,
                    "name": [
                        {
                            "family": "Fish"
                        },
                        {
                            "given": [
                                "Corey",
                                "Adair"
                            ]
                        }
                    ],
                    "gender": [
                        "Male"
                    ],
                    "birthDate": "1982-11-13",
                    "qualification": {},
                    "communication": [
                        {
                            "coding": [
                                {
                                    "code": "ENG",
                                    "display": "English"
                                }
                            ],
                            "text": "Language"
                        }
                    ]
                },
                "request": {
                    "method": "POST",
                    "url": "Practitioner"
                }
            },
            {
                "resource": {
                    "resourceType": "Organization",
                    "identifier": [
                        {
                            "value": "820957405"
                        },
                        {
                            "value": "e-P-9601867"
                        },
                        {
                            "system": "http://hl7.org/fhir/sid/us-npi",
                            "value": "1871720136"
                        }
                    ],
                    "active": true,
                    "type": [
                        {
                            "text": "prov"
                        }
                    ],
                    "name": "Pacific Crest Children's Urgent Care",
                    "address": [
                        {
                            "id": "e-S-3125504",
                            "line": [
                                "6924 NE SANDY BLVD"
                            ],
                            "city": "PORTLAND",
                            "state": "OR",
                            "postalCode": "97213",
                            "use": "work"
                        }
                    ],
                    "telecom": [
                        {
                            "system": "phone",
                            "value": "5039637963",
                            "use": "work"
                        },
                        {
                            "system": "alternate phone",
                            "value": "5039637963",
                            "use": "work"
                        }
                    ],
                    "contact": [
                        {
                            "purpose": {
                                "text": "ADMIN"
                            },
                            "name": [
                                {
                                    "family": "Fish"
                                },
                                {
                                    "given": [
                                        "Corey",
                                        "Adair"
                                    ]
                                }
                            ],
                            "telecom": [
                                {
                                    "system": "phone",
                                    "value": "5039637963",
                                    "use": "work"
                                },
                                {
                                    "system": "alternate phone",
                                    "value": "5039637963",
                                    "use": "work"
                                }
                            ],
                            "address": [
                                {
                                    "id": "e-S-3125504",
                                    "line": [
                                        "6924 NE SANDY BLVD"
                                    ],
                                    "city": "PORTLAND",
                                    "state": "OR",
                                    "postalCode": "97213",
                                    "use": "work"
                                }
                            ]
                        }
                    ]
                }
            },
            {
                "resource": {
                    "resourceType": "HealthcareService",
                    "identifier": [
                        {
                            "value": "820957405"
                        },
                        {
                            "system": "http://hl7.org/fhir/sid/us-npi",
                            "value": "1871720136"
                        }
                    ],
                    "active": true,
                    "providedby": "Pacific Crest Children's Urgent Care",
                    "speciality": [
                        {
                            "coding": [
                                [
                                    {
                                        "code": "208000000X",
                                        "display": "PEDIATRICS",
                                        "text": "NOT APPLICABLE"
                                    }
                                ]
                            ]
                        }
                    ],
                    "telecom": [
                        {
                            "system": "phone",
                            "value": "5039637963",
                            "use": "work"
                        },
                        {
                            "system": "alternate phone",
                            "value": "5039637963",
                            "use": "work"
                        }
                    ],
                    "communication": [
                        {
                            "coding": [
                                {
                                    "code": "ENG",
                                    "display": "English"
                                }
                            ],
                            "text": "Language"
                        }
                    ],
                    "availableTime": [
                        {
                            "daysOfWeek": [],
                            "availableStartTime": "",
                            "availableEndTime": ""
                        }
                    ]
                }
            },
            {
                "resources": {
                    "resourceType": "Practitioner Role",
                    "active": true,
                    "practitioner": {
                        "type": "Practitioner",
                        "identifier": {
                            "system": "http://hl7.org/fhir/sid/us-npi",
                            "value": "1871720136"
                        }
                    },
                    "organization": {
                        "type": "Organization",
                        "identifier": {
                            "system": "http://hl7.org/fhir/sid/us-npi",
                            "value": "1871720136"
                        },
                        "display": "Pacific Crest Children's Urgent Care"
                    },
                    "speciality": [
                        {
                            "coding": [
                                [
                                    {
                                        "code": "208000000X",
                                        "display": "PEDIATRICS",
                                        "text": "NOT APPLICABLE"
                                    }
                                ]
                            ]
                        }
                    ],
                    "availableTime": [
                        {
                            "daysOfWeek": [],
                            "availableStartTime": "",
                            "availableEndTime": ""
                        }
                    ],
                    "telecom": [
                        {
                            "system": "phone",
                            "value": "5039637963",
                            "use": "work"
                        }
                    ],
                    "location": [
                        {
                            "reference": "e-S-3125504"
                        }
                    ],
                    "healthService": [
                        {
                            "reference": "HealthcareService/0"
                        }
                    ]
                },
                "request": {
                    "method": "POST",
                    "url": "PractitionerRole"
                }
            },
            {
                "resources": {
                    "resourceType": "Location",
                    "meta": {
                        "source": "www.Availity.com",
                        "lastUpdated": "2019-01-01T18:57:14.174Z"
                    },
                    "address": {
                        "identifier": "e-S-3125504",
                        "line": [
                            "6924 NE SANDY BLVD"
                        ],
                        "city": "PORTLAND",
                        "state": "OR",
                        "postalCode": "97213",
                        "use": "work"
                    },
                    "telecom": [
                        {
                            "system": "phone",
                            "value": "5039637963",
                            "use": "work"
                        }
                    ],
                    "hoursOfOperation": [
                        {
                            "daysOfWeek": [],
                            "availableStartTime": "",
                            "availableEndTime": ""
                        }
                    ]
                }
            }
        ]
    }
]