[
    {
        "resourceType": "Bundle",
        "type": "transaction",
        "entry": [
            {
                "resource": {
                    "resourceType": "Practitioner",
                    "meta": {
                        "source": "www.Availity.com",
                        "lastUpdated": "2018-12-11T02:22:32.170Z"
                    },
                    "identifier": [
                        {
                            "value": "820957405"
                        },
                        {
                            "value": "e-P-5021882"
                        },
                        {
                            "system": "http://hl7.org/fhir/sid/us-npi",
                            "value": "1831613884"
                        }
                    ],
                    "active": true,
                    "name": [
                        {
                            "family": "Herrick"
                        },
                        {
                            "given": [
                                "Wendy",
                                "K."
                            ]
                        }
                    ],
                    "gender": [
                        "Male"
                    ],
                    "birthDate": "1961-11-18",
                    "qualification": {},
                    "communication": [
                        {
                            "coding": [
                                {
                                    "code": "ENG",
                                    "display": "English"
                                }
                            ],
                            "text": "Language"
                        }
                    ]
                },
                "request": {
                    "method": "POST",
                    "url": "Practitioner"
                }
            },
            {
                "resource": {
                    "resourceType": "Organization",
                    "identifier": [
                        {
                            "value": "820957405"
                        },
                        {
                            "value": "e-P-5021882"
                        },
                        {
                            "system": "http://hl7.org/fhir/sid/us-npi",
                            "value": "1831613884"
                        }
                    ],
                    "active": true,
                    "type": [
                        {
                            "text": "prov"
                        }
                    ],
                    "name": "Pacific Crest Children's Urgent Care",
                    "address": [],
                    "telecom": [],
                    "contact": [
                        {
                            "purpose": {
                                "text": "ADMIN"
                            },
                            "name": [
                                {
                                    "family": "Herrick"
                                },
                                {
                                    "given": [
                                        "Wendy",
                                        "K."
                                    ]
                                }
                            ],
                            "telecom": [],
                            "address": []
                        }
                    ]
                }
            },
            {
                "resource": {
                    "resourceType": "HealthcareService",
                    "identifier": [
                        {
                            "value": "820957405"
                        },
                        {
                            "system": "http://hl7.org/fhir/sid/us-npi",
                            "value": "1831613884"
                        }
                    ],
                    "active": true,
                    "providedby": "Pacific Crest Children's Urgent Care",
                    "speciality": [
                        {
                            "coding": [
                                [
                                    {
                                        "code": "363LP0200X",
                                        "display": "NURSE PRACTITIONER",
                                        "text": "PEDIATRICS"
                                    }
                                ]
                            ]
                        }
                    ],
                    "telecom": [],
                    "communication": [
                        {
                            "coding": [
                                {
                                    "code": "ENG",
                                    "display": "English"
                                }
                            ],
                            "text": "Language"
                        }
                    ],
                    "availableTime": [
                        {
                            "daysOfWeek": [],
                            "availableStartTime": "",
                            "availableEndTime": ""
                        }
                    ]
                }
            }
        ]
    }
]