[
    {
        "resourceType": "Bundle",
        "type": "transaction",
        "entry": [
            {
                "resource": {
                    "resourceType": "Practitioner",
                    "meta": {
                        "source": "www.Availity.com",
                        "lastUpdated": "2018-12-13T16:23:37.696Z"
                    },
                    "identifier": [
                        {
                            "value": "820957405"
                        },
                        {
                            "value": "e-P-4967458"
                        },
                        {
                            "system": "http://hl7.org/fhir/sid/us-npi",
                            "value": "1861810731"
                        }
                    ],
                    "active": true,
                    "name": [
                        {
                            "family": "Hoffman"
                        },
                        {
                            "given": [
                                "Laurel",
                                "M."
                            ]
                        }
                    ],
                    "gender": [
                        "Female"
                    ],
                    "birthDate": "1986-04-05",
                    "qualification": {},
                    "communication": [
                        {
                            "coding": [
                                {
                                    "code": "ENG",
                                    "display": "English"
                                }
                            ],
                            "text": "Language"
                        }
                    ]
                },
                "request": {
                    "method": "POST",
                    "url": "Practitioner"
                }
            },
            {
                "resource": {
                    "resourceType": "Organization",
                    "identifier": [
                        {
                            "value": "820957405"
                        },
                        {
                            "value": "e-P-4967458"
                        },
                        {
                            "system": "http://hl7.org/fhir/sid/us-npi",
                            "value": "1861810731"
                        }
                    ],
                    "active": true,
                    "type": [
                        {
                            "text": "prov"
                        }
                    ],
                    "name": "Pacific Crest Children's Urgent Care",
                    "address": [],
                    "telecom": [],
                    "contact": [
                        {
                            "purpose": {
                                "text": "ADMIN"
                            },
                            "name": [
                                {
                                    "family": "Hoffman"
                                },
                                {
                                    "given": [
                                        "Laurel",
                                        "M."
                                    ]
                                }
                            ],
                            "telecom": [],
                            "address": []
                        }
                    ]
                }
            },
            {
                "resource": {
                    "resourceType": "HealthcareService",
                    "identifier": [
                        {
                            "value": "820957405"
                        },
                        {
                            "system": "http://hl7.org/fhir/sid/us-npi",
                            "value": "1861810731"
                        }
                    ],
                    "active": true,
                    "providedby": "Pacific Crest Children's Urgent Care",
                    "speciality": [
                        {
                            "coding": [
                                [
                                    {
                                        "code": "208000000X",
                                        "display": "PEDIATRICS",
                                        "text": "NOT APPLICABLE"
                                    }
                                ]
                            ]
                        }
                    ],
                    "telecom": [],
                    "communication": [
                        {
                            "coding": [
                                {
                                    "code": "ENG",
                                    "display": "English"
                                }
                            ],
                            "text": "Language"
                        }
                    ],
                    "availableTime": [
                        {
                            "daysOfWeek": [],
                            "availableStartTime": "",
                            "availableEndTime": ""
                        }
                    ]
                }
            }
        ]
    }
]