[
    {
        "resourceType": "Bundle",
        "type": "transaction",
        "entry": [
            {
                "resource": {
                    "resourceType": "Practitioner",
                    "meta": {
                        "source": "www.Availity.com",
                        "lastUpdated": "2018-10-20T14:52:02.589Z"
                    },
                    "identifier": [
                        {
                            "value": "821200796"
                        },
                        {
                            "value": "e-P-7101982"
                        },
                        {
                            "system": "http://hl7.org/fhir/sid/us-npi",
                            "value": "1598208928"
                        }
                    ],
                    "active": true,
                    "name": [
                        {
                            "family": "MACK"
                        },
                        {
                            "given": [
                                "KIMBERLY"
                            ]
                        }
                    ],
                    "gender": [
                        "Female"
                    ],
                    "birthDate": null,
                    "qualification": {},
                    "communication": [
                        {
                            "coding": [
                                {
                                    "code": "ENG",
                                    "display": "English"
                                }
                            ],
                            "text": "Language"
                        }
                    ]
                },
                "request": {
                    "method": "POST",
                    "url": "Practitioner"
                }
            },
            {
                "resource": {
                    "resourceType": "Organization",
                    "identifier": [
                        {
                            "value": "821200796"
                        },
                        {
                            "value": "e-P-7101982"
                        },
                        {
                            "system": "http://hl7.org/fhir/sid/us-npi",
                            "value": "1598208928"
                        }
                    ],
                    "active": true,
                    "type": [
                        {
                            "text": "prov"
                        }
                    ],
                    "name": "Wiconi Counseling Center",
                    "address": [
                        {
                            "id": "AV-22831783811540047121557300003802",
                            "line": [
                                "3051 W. MAPLE LOOP DRIVE",
                                "Suite 210"
                            ],
                            "city": "Lehi",
                            "state": "UT",
                            "postalCode": "84043",
                            "use": "work"
                        },
                        {
                            "id": "e-B-8805487",
                            "line": [
                                "1133 NORTH MAIN STREET",
                                "Suite 128"
                            ],
                            "city": "Layton",
                            "state": "UT",
                            "postalCode": "84041",
                            "use": "work"
                        }
                    ],
                    "telecom": [
                        {
                            "system": "phone",
                            "value": "8018725516",
                            "use": "work"
                        },
                        {
                            "system": "phone",
                            "value": "8015417049",
                            "use": "work"
                        },
                        {
                            "system": "alternate phone",
                            "value": "8018725516",
                            "use": "work"
                        },
                        {
                            "system": "alternate phone",
                            "value": "8015417049",
                            "use": "work"
                        }
                    ],
                    "contact": [
                        {
                            "purpose": {
                                "text": "ADMIN"
                            },
                            "name": [
                                {
                                    "family": "MACK"
                                },
                                {
                                    "given": [
                                        "KIMBERLY"
                                    ]
                                }
                            ],
                            "telecom": [
                                {
                                    "system": "phone",
                                    "value": "8018725516",
                                    "use": "work"
                                },
                                {
                                    "system": "phone",
                                    "value": "8015417049",
                                    "use": "work"
                                },
                                {
                                    "system": "alternate phone",
                                    "value": "8018725516",
                                    "use": "work"
                                },
                                {
                                    "system": "alternate phone",
                                    "value": "8015417049",
                                    "use": "work"
                                }
                            ],
                            "address": [
                                {
                                    "id": "AV-22831783811540047121557300003802",
                                    "line": [
                                        "3051 W. MAPLE LOOP DRIVE",
                                        "Suite 210"
                                    ],
                                    "city": "Lehi",
                                    "state": "UT",
                                    "postalCode": "84043",
                                    "use": "work"
                                },
                                {
                                    "id": "e-B-8805487",
                                    "line": [
                                        "1133 NORTH MAIN STREET",
                                        "Suite 128"
                                    ],
                                    "city": "Layton",
                                    "state": "UT",
                                    "postalCode": "84041",
                                    "use": "work"
                                }
                            ]
                        }
                    ]
                }
            },
            {
                "resource": {
                    "resourceType": "HealthcareService",
                    "identifier": [
                        {
                            "value": "821200796"
                        },
                        {
                            "system": "http://hl7.org/fhir/sid/us-npi",
                            "value": "1598208928"
                        }
                    ],
                    "active": true,
                    "providedby": "Wiconi Counseling Center",
                    "speciality": [
                        {
                            "coding": [
                                [
                                    {
                                        "code": "104100000X",
                                        "display": "SOCIAL WORKER",
                                        "text": "NOT APPLICABLE"
                                    },
                                    {
                                        "code": "101Y00000X",
                                        "display": "COUNSELOR",
                                        "text": "NOT APPLICABLE"
                                    },
                                    {
                                        "code": "103TB0200X",
                                        "display": "PSYCHOLOGIST",
                                        "text": "COGNITIVE & BEHAVIORAL"
                                    },
                                    {
                                        "code": "103TC2200X",
                                        "display": "PSYCHOLOGIST",
                                        "text": "CLINICAL CHILD & ADOLESCENT"
                                    }
                                ]
                            ]
                        }
                    ],
                    "telecom": [
                        {
                            "system": "phone",
                            "value": "8018725516",
                            "use": "work"
                        },
                        {
                            "system": "phone",
                            "value": "8015417049",
                            "use": "work"
                        },
                        {
                            "system": "alternate phone",
                            "value": "8018725516",
                            "use": "work"
                        },
                        {
                            "system": "alternate phone",
                            "value": "8015417049",
                            "use": "work"
                        }
                    ],
                    "communication": [
                        {
                            "coding": [
                                {
                                    "code": "ENG",
                                    "display": "English"
                                }
                            ],
                            "text": "Language"
                        }
                    ],
                    "availableTime": [
                        {
                            "daysOfWeek": [],
                            "availableStartTime": "",
                            "availableEndTime": ""
                        }
                    ]
                }
            },
            {
                "resources": {
                    "resourceType": "Practitioner Role",
                    "active": true,
                    "practitioner": {
                        "type": "Practitioner",
                        "identifier": {
                            "system": "http://hl7.org/fhir/sid/us-npi",
                            "value": "1598208928"
                        }
                    },
                    "organization": {
                        "type": "Organization",
                        "identifier": {
                            "system": "http://hl7.org/fhir/sid/us-npi",
                            "value": "1598208928"
                        },
                        "display": "Wiconi Counseling Center"
                    },
                    "speciality": [
                        {
                            "coding": [
                                [
                                    {
                                        "code": "104100000X",
                                        "display": "SOCIAL WORKER",
                                        "text": "NOT APPLICABLE"
                                    },
                                    {
                                        "code": "101Y00000X",
                                        "display": "COUNSELOR",
                                        "text": "NOT APPLICABLE"
                                    },
                                    {
                                        "code": "103TB0200X",
                                        "display": "PSYCHOLOGIST",
                                        "text": "COGNITIVE & BEHAVIORAL"
                                    },
                                    {
                                        "code": "103TC2200X",
                                        "display": "PSYCHOLOGIST",
                                        "text": "CLINICAL CHILD & ADOLESCENT"
                                    }
                                ]
                            ]
                        }
                    ],
                    "availableTime": [
                        {
                            "daysOfWeek": [],
                            "availableStartTime": "",
                            "availableEndTime": ""
                        }
                    ],
                    "telecom": [],
                    "location": [
                        {
                            "reference": "AV-22831783811540047121557300003802"
                        }
                    ],
                    "healthService": [
                        {
                            "reference": "HealthcareService/0"
                        }
                    ]
                },
                "request": {
                    "method": "POST",
                    "url": "PractitionerRole"
                }
            },
            {
                "resources": {
                    "resourceType": "Practitioner Role",
                    "active": true,
                    "practitioner": {
                        "type": "Practitioner",
                        "identifier": {
                            "system": "http://hl7.org/fhir/sid/us-npi",
                            "value": "1598208928"
                        }
                    },
                    "organization": {
                        "type": "Organization",
                        "identifier": {
                            "system": "http://hl7.org/fhir/sid/us-npi",
                            "value": "1598208928"
                        },
                        "display": "Wiconi Counseling Center"
                    },
                    "speciality": [
                        {
                            "coding": [
                                [
                                    {
                                        "code": "104100000X",
                                        "display": "SOCIAL WORKER",
                                        "text": "NOT APPLICABLE"
                                    },
                                    {
                                        "code": "101Y00000X",
                                        "display": "COUNSELOR",
                                        "text": "NOT APPLICABLE"
                                    },
                                    {
                                        "code": "103TB0200X",
                                        "display": "PSYCHOLOGIST",
                                        "text": "COGNITIVE & BEHAVIORAL"
                                    },
                                    {
                                        "code": "103TC2200X",
                                        "display": "PSYCHOLOGIST",
                                        "text": "CLINICAL CHILD & ADOLESCENT"
                                    }
                                ]
                            ]
                        }
                    ],
                    "availableTime": [
                        {
                            "daysOfWeek": [],
                            "availableStartTime": "",
                            "availableEndTime": ""
                        }
                    ],
                    "telecom": [],
                    "period": {
                        "startDate": "2017-04-03"
                    },
                    "location": [
                        {
                            "reference": "e-S-8805487"
                        }
                    ],
                    "healthService": [
                        {
                            "reference": "HealthcareService/1"
                        }
                    ]
                },
                "request": {
                    "method": "POST",
                    "url": "PractitionerRole"
                }
            },
            {
                "resources": {
                    "resourceType": "Practitioner Role",
                    "active": true,
                    "practitioner": {
                        "type": "Practitioner",
                        "identifier": {
                            "system": "http://hl7.org/fhir/sid/us-npi",
                            "value": "1598208928"
                        }
                    },
                    "organization": {
                        "type": "Organization",
                        "identifier": {
                            "system": "http://hl7.org/fhir/sid/us-npi",
                            "value": "1598208928"
                        },
                        "display": "Wiconi Counseling Center"
                    },
                    "speciality": [
                        {
                            "coding": [
                                [
                                    {
                                        "code": "104100000X",
                                        "display": "SOCIAL WORKER",
                                        "text": "NOT APPLICABLE"
                                    },
                                    {
                                        "code": "101Y00000X",
                                        "display": "COUNSELOR",
                                        "text": "NOT APPLICABLE"
                                    },
                                    {
                                        "code": "103TB0200X",
                                        "display": "PSYCHOLOGIST",
                                        "text": "COGNITIVE & BEHAVIORAL"
                                    },
                                    {
                                        "code": "103TC2200X",
                                        "display": "PSYCHOLOGIST",
                                        "text": "CLINICAL CHILD & ADOLESCENT"
                                    }
                                ]
                            ]
                        }
                    ],
                    "availableTime": [
                        {
                            "daysOfWeek": [],
                            "availableStartTime": "",
                            "availableEndTime": ""
                        }
                    ],
                    "telecom": [],
                    "period": {
                        "startDate": "2017-04-03"
                    },
                    "location": [
                        {
                            "reference": "e-B-8805487"
                        }
                    ],
                    "healthService": [
                        {
                            "reference": "HealthcareService/2"
                        }
                    ]
                },
                "request": {
                    "method": "POST",
                    "url": "PractitionerRole"
                }
            },
            {
                "resources": {
                    "resourceType": "Location",
                    "meta": {
                        "source": "www.Availity.com",
                        "lastUpdated": "2018-10-20T14:52:02.589Z"
                    },
                    "address": {
                        "identifier": "AV-22831783811540047121557300003802",
                        "line": [
                            "3051 W. MAPLE LOOP DRIVE",
                            "Suite 210"
                        ],
                        "city": "Lehi",
                        "state": "UT",
                        "postalCode": "84043",
                        "use": "work"
                    },
                    "telecom": [
                        {
                            "system": "phone",
                            "value": "8018725516",
                            "use": "work"
                        }
                    ],
                    "hoursOfOperation": [
                        {
                            "daysOfWeek": [],
                            "availableStartTime": "",
                            "availableEndTime": ""
                        }
                    ]
                }
            },
            {
                "resources": {
                    "resourceType": "Location",
                    "meta": {
                        "source": "www.Availity.com",
                        "lastUpdated": "2018-10-20T14:52:02.589Z"
                    },
                    "address": {
                        "identifier": "e-S-8805487",
                        "line": [
                            "1133 NORTH MAIN STREET",
                            "Suite 128"
                        ],
                        "city": "Layton",
                        "state": "UT",
                        "postalCode": "84041",
                        "use": "work"
                    },
                    "telecom": [
                        {
                            "system": "phone",
                            "value": "8015417049",
                            "use": "work"
                        }
                    ],
                    "hoursOfOperation": [
                        {
                            "daysOfWeek": [],
                            "availableStartTime": "",
                            "availableEndTime": ""
                        }
                    ]
                }
            },
            {
                "resources": {
                    "resourceType": "Location",
                    "meta": {
                        "source": "www.Availity.com",
                        "lastUpdated": "2018-10-20T14:52:02.589Z"
                    },
                    "address": {
                        "identifier": "e-B-8805487",
                        "line": [
                            "1133 NORTH MAIN STREET",
                            "Suite 128"
                        ],
                        "city": "Layton",
                        "state": "UT",
                        "postalCode": "84041",
                        "use": "work"
                    },
                    "telecom": [
                        {
                            "system": "phone",
                            "value": "8015417049",
                            "use": "work"
                        }
                    ],
                    "hoursOfOperation": [
                        {
                            "daysOfWeek": [],
                            "availableStartTime": "",
                            "availableEndTime": ""
                        }
                    ]
                }
            }
        ]
    }
]