[
    {
        "resourceType": "Bundle",
        "type": "transaction",
        "entry": [
            {
                "resource": {
                    "resourceType": "Practitioner",
                    "meta": {
                        "source": "www.Availity.com",
                        "lastUpdated": "2019-01-01T18:13:00.651Z"
                    },
                    "identifier": [
                        {
                            "value": "821750077"
                        },
                        {
                            "value": "e-P-5176525"
                        },
                        {
                            "system": "http://hl7.org/fhir/sid/us-npi",
                            "value": "1437687480"
                        }
                    ],
                    "active": true,
                    "name": [
                        {
                            "family": "Forbes"
                        },
                        {
                            "given": [
                                "D'Arcy",
                                "Ann"
                            ]
                        }
                    ],
                    "gender": [
                        "Female"
                    ],
                    "birthDate": "1967-04-18",
                    "qualification": {},
                    "communication": [
                        {
                            "coding": [
                                {
                                    "code": "ENG",
                                    "display": "English"
                                }
                            ],
                            "text": "Language"
                        }
                    ]
                },
                "request": {
                    "method": "POST",
                    "url": "Practitioner"
                }
            },
            {
                "resource": {
                    "resourceType": "Organization",
                    "identifier": [
                        {
                            "value": "821750077"
                        },
                        {
                            "value": "e-P-5176525"
                        },
                        {
                            "system": "http://hl7.org/fhir/sid/us-npi",
                            "value": "1437687480"
                        }
                    ],
                    "active": true,
                    "type": [
                        {
                            "text": "prov"
                        }
                    ],
                    "name": "LIFE Speech & Behavior Therapy",
                    "address": [
                        {
                            "id": "e-S-1274611",
                            "line": [
                                "11415 NORTHEAST 128TH STREET",
                                "Suite 10"
                            ],
                            "city": "Kirkland",
                            "state": "WA",
                            "postalCode": "98034",
                            "use": "work"
                        },
                        {
                            "id": "e-B-1305619",
                            "line": [
                                "4321 229 AVENUE NORTHEAST"
                            ],
                            "city": "Redmond",
                            "state": "WA",
                            "postalCode": "98053",
                            "use": "work"
                        }
                    ],
                    "telecom": [
                        {
                            "system": "phone",
                            "value": "4258295408",
                            "use": "work"
                        },
                        {
                            "system": "alternate phone",
                            "value": "4258295408",
                            "use": "work"
                        }
                    ],
                    "contact": [
                        {
                            "purpose": {
                                "text": "ADMIN"
                            },
                            "name": [
                                {
                                    "family": "Forbes"
                                },
                                {
                                    "given": [
                                        "D'Arcy",
                                        "Ann"
                                    ]
                                }
                            ],
                            "telecom": [
                                {
                                    "system": "phone",
                                    "value": "4258295408",
                                    "use": "work"
                                },
                                {
                                    "system": "alternate phone",
                                    "value": "4258295408",
                                    "use": "work"
                                }
                            ],
                            "address": [
                                {
                                    "id": "e-S-1274611",
                                    "line": [
                                        "11415 NORTHEAST 128TH STREET",
                                        "Suite 10"
                                    ],
                                    "city": "Kirkland",
                                    "state": "WA",
                                    "postalCode": "98034",
                                    "use": "work"
                                },
                                {
                                    "id": "e-B-1305619",
                                    "line": [
                                        "4321 229 AVENUE NORTHEAST"
                                    ],
                                    "city": "Redmond",
                                    "state": "WA",
                                    "postalCode": "98053",
                                    "use": "work"
                                }
                            ]
                        }
                    ]
                }
            },
            {
                "resource": {
                    "resourceType": "HealthcareService",
                    "identifier": [
                        {
                            "value": "821750077"
                        },
                        {
                            "system": "http://hl7.org/fhir/sid/us-npi",
                            "value": "1437687480"
                        }
                    ],
                    "active": true,
                    "providedby": "LIFE Speech & Behavior Therapy",
                    "speciality": [
                        {
                            "coding": [
                                [
                                    {
                                        "code": "235Z00000X",
                                        "display": "SPEECH-LANGUAGE PATHOLOGIST",
                                        "text": "NOT APPLICABLE"
                                    }
                                ]
                            ]
                        }
                    ],
                    "telecom": [
                        {
                            "system": "phone",
                            "value": "4258295408",
                            "use": "work"
                        },
                        {
                            "system": "alternate phone",
                            "value": "4258295408",
                            "use": "work"
                        }
                    ],
                    "communication": [
                        {
                            "coding": [
                                {
                                    "code": "ENG",
                                    "display": "English"
                                }
                            ],
                            "text": "Language"
                        }
                    ],
                    "availableTime": [
                        {
                            "daysOfWeek": [],
                            "availableStartTime": "",
                            "availableEndTime": ""
                        }
                    ]
                }
            },
            {
                "resources": {
                    "resourceType": "Practitioner Role",
                    "active": true,
                    "practitioner": {
                        "type": "Practitioner",
                        "identifier": {
                            "system": "http://hl7.org/fhir/sid/us-npi",
                            "value": "1437687480"
                        }
                    },
                    "organization": {
                        "type": "Organization",
                        "identifier": {
                            "system": "http://hl7.org/fhir/sid/us-npi",
                            "value": "1437687480"
                        },
                        "display": "LIFE Speech & Behavior Therapy"
                    },
                    "speciality": [
                        {
                            "coding": [
                                [
                                    {
                                        "code": "235Z00000X",
                                        "display": "SPEECH-LANGUAGE PATHOLOGIST",
                                        "text": "NOT APPLICABLE"
                                    }
                                ]
                            ]
                        }
                    ],
                    "availableTime": [
                        {
                            "daysOfWeek": [],
                            "availableStartTime": "",
                            "availableEndTime": ""
                        }
                    ],
                    "telecom": [],
                    "location": [
                        {
                            "reference": "e-S-1274611"
                        }
                    ],
                    "healthService": [
                        {
                            "reference": "HealthcareService/0"
                        }
                    ]
                },
                "request": {
                    "method": "POST",
                    "url": "PractitionerRole"
                }
            },
            {
                "resources": {
                    "resourceType": "Practitioner Role",
                    "active": true,
                    "practitioner": {
                        "type": "Practitioner",
                        "identifier": {
                            "system": "http://hl7.org/fhir/sid/us-npi",
                            "value": "1437687480"
                        }
                    },
                    "organization": {
                        "type": "Organization",
                        "identifier": {
                            "system": "http://hl7.org/fhir/sid/us-npi",
                            "value": "1437687480"
                        },
                        "display": "LIFE Speech & Behavior Therapy"
                    },
                    "speciality": [
                        {
                            "coding": [
                                [
                                    {
                                        "code": "235Z00000X",
                                        "display": "SPEECH-LANGUAGE PATHOLOGIST",
                                        "text": "NOT APPLICABLE"
                                    }
                                ]
                            ]
                        }
                    ],
                    "availableTime": [
                        {
                            "daysOfWeek": [],
                            "availableStartTime": "",
                            "availableEndTime": ""
                        }
                    ],
                    "telecom": [],
                    "location": [
                        {
                            "reference": "e-B-1305619"
                        }
                    ]
                },
                "request": {
                    "method": "POST",
                    "url": "PractitionerRole"
                }
            },
            {
                "resources": {
                    "resourceType": "Location",
                    "meta": {
                        "source": "www.Availity.com",
                        "lastUpdated": "2019-01-01T18:13:00.651Z"
                    },
                    "address": {
                        "identifier": "e-S-1274611",
                        "line": [
                            "11415 NORTHEAST 128TH STREET",
                            "Suite 10"
                        ],
                        "city": "Kirkland",
                        "state": "WA",
                        "postalCode": "98034",
                        "use": "work"
                    },
                    "telecom": [
                        {
                            "system": "phone",
                            "value": "4258295408",
                            "use": "work"
                        }
                    ],
                    "hoursOfOperation": [
                        {
                            "daysOfWeek": [],
                            "availableStartTime": "",
                            "availableEndTime": ""
                        }
                    ]
                }
            },
            {
                "resources": {
                    "resourceType": "Location",
                    "meta": {
                        "source": "www.Availity.com",
                        "lastUpdated": "2019-01-01T18:13:00.651Z"
                    },
                    "address": {
                        "identifier": "e-B-1305619",
                        "line": [
                            "4321 229 AVENUE NORTHEAST"
                        ],
                        "city": "Redmond",
                        "state": "WA",
                        "postalCode": "98053",
                        "use": "work"
                    },
                    "telecom": [
                        {
                            "system": "phone",
                            "value": "4258295408",
                            "use": "work"
                        }
                    ],
                    "hoursOfOperation": [
                        {
                            "daysOfWeek": [],
                            "availableStartTime": "",
                            "availableEndTime": ""
                        }
                    ]
                }
            }
        ]
    }
]