[
    {
        "resourceType": "Bundle",
        "type": "transaction",
        "entry": [
            {
                "resource": {
                    "resourceType": "Practitioner",
                    "meta": {
                        "source": "www.Availity.com",
                        "lastUpdated": "2019-01-01T18:02:03.292Z"
                    },
                    "identifier": [
                        {
                            "value": "900349882"
                        },
                        {
                            "value": "e-P-4277419"
                        },
                        {
                            "system": "http://hl7.org/fhir/sid/us-npi",
                            "value": "1720078991"
                        }
                    ],
                    "active": true,
                    "name": [
                        {
                            "family": "CHOW"
                        },
                        {
                            "given": [
                                "CRAIG",
                                "C"
                            ]
                        }
                    ],
                    "gender": [
                        "Male"
                    ],
                    "birthDate": null,
                    "qualification": {},
                    "communication": [
                        {
                            "coding": [
                                {
                                    "code": "ENG",
                                    "display": "English"
                                }
                            ],
                            "text": "Language"
                        }
                    ]
                },
                "request": {
                    "method": "POST",
                    "url": "Practitioner"
                }
            },
            {
                "resource": {
                    "resourceType": "Organization",
                    "identifier": [
                        {
                            "value": "900349882"
                        },
                        {
                            "value": "e-P-4277419"
                        },
                        {
                            "system": "http://hl7.org/fhir/sid/us-npi",
                            "value": "1720078991"
                        }
                    ],
                    "active": true,
                    "type": [
                        {
                            "text": "prov"
                        }
                    ],
                    "name": "Ashland Gastroenterology LLC",
                    "address": [
                        {
                            "id": "e-S-255729",
                            "line": [
                                "743 NORTH MAIN STREET"
                            ],
                            "city": "Ashland",
                            "state": "OR",
                            "postalCode": "97520",
                            "use": "work"
                        },
                        {
                            "id": "e-B-3812556",
                            "line": [
                                "1208 BEALL LANE"
                            ],
                            "city": "Central Point",
                            "state": "OR",
                            "postalCode": "97502",
                            "use": "work"
                        }
                    ],
                    "telecom": [
                        {
                            "system": "phone",
                            "value": "5414888941",
                            "use": "work"
                        },
                        {
                            "system": "phone",
                            "value": "5414746053",
                            "use": "work"
                        },
                        {
                            "system": "alternate phone",
                            "value": "5414888941",
                            "use": "work"
                        }
                    ],
                    "contact": [
                        {
                            "purpose": {
                                "text": "ADMIN"
                            },
                            "name": [
                                {
                                    "family": "CHOW"
                                },
                                {
                                    "given": [
                                        "CRAIG",
                                        "C"
                                    ]
                                }
                            ],
                            "telecom": [
                                {
                                    "system": "phone",
                                    "value": "5414888941",
                                    "use": "work"
                                },
                                {
                                    "system": "phone",
                                    "value": "5414746053",
                                    "use": "work"
                                },
                                {
                                    "system": "alternate phone",
                                    "value": "5414888941",
                                    "use": "work"
                                }
                            ],
                            "address": [
                                {
                                    "id": "e-S-255729",
                                    "line": [
                                        "743 NORTH MAIN STREET"
                                    ],
                                    "city": "Ashland",
                                    "state": "OR",
                                    "postalCode": "97520",
                                    "use": "work"
                                },
                                {
                                    "id": "e-B-3812556",
                                    "line": [
                                        "1208 BEALL LANE"
                                    ],
                                    "city": "Central Point",
                                    "state": "OR",
                                    "postalCode": "97502",
                                    "use": "work"
                                }
                            ]
                        }
                    ]
                }
            },
            {
                "resource": {
                    "resourceType": "HealthcareService",
                    "identifier": [
                        {
                            "value": "900349882"
                        },
                        {
                            "system": "http://hl7.org/fhir/sid/us-npi",
                            "value": "1720078991"
                        }
                    ],
                    "active": true,
                    "providedby": "Ashland Gastroenterology LLC",
                    "speciality": [
                        {
                            "coding": [
                                [
                                    {
                                        "code": "207RG0100X",
                                        "display": "INTERNAL MEDICINE",
                                        "text": "GASTROENTEROLOGY"
                                    }
                                ]
                            ]
                        }
                    ],
                    "telecom": [
                        {
                            "system": "phone",
                            "value": "5414888941",
                            "use": "work"
                        },
                        {
                            "system": "phone",
                            "value": "5414746053",
                            "use": "work"
                        },
                        {
                            "system": "alternate phone",
                            "value": "5414888941",
                            "use": "work"
                        }
                    ],
                    "communication": [
                        {
                            "coding": [
                                {
                                    "code": "ENG",
                                    "display": "English"
                                }
                            ],
                            "text": "Language"
                        }
                    ],
                    "availableTime": [
                        {
                            "daysOfWeek": [],
                            "availableStartTime": "",
                            "availableEndTime": ""
                        }
                    ]
                }
            },
            {
                "resources": {
                    "resourceType": "Practitioner Role",
                    "active": true,
                    "practitioner": {
                        "type": "Practitioner",
                        "identifier": {
                            "system": "http://hl7.org/fhir/sid/us-npi",
                            "value": "1720078991"
                        }
                    },
                    "organization": {
                        "type": "Organization",
                        "identifier": {
                            "system": "http://hl7.org/fhir/sid/us-npi",
                            "value": "1720078991"
                        },
                        "display": "Ashland Gastroenterology LLC"
                    },
                    "speciality": [
                        {
                            "coding": [
                                [
                                    {
                                        "code": "207RG0100X",
                                        "display": "INTERNAL MEDICINE",
                                        "text": "GASTROENTEROLOGY"
                                    }
                                ]
                            ]
                        }
                    ],
                    "availableTime": [
                        {
                            "daysOfWeek": [],
                            "availableStartTime": "",
                            "availableEndTime": ""
                        }
                    ],
                    "telecom": [],
                    "location": [
                        {
                            "reference": "e-S-255729"
                        }
                    ],
                    "healthService": [
                        {
                            "reference": "HealthcareService/0"
                        }
                    ]
                },
                "request": {
                    "method": "POST",
                    "url": "PractitionerRole"
                }
            },
            {
                "resources": {
                    "resourceType": "Practitioner Role",
                    "active": true,
                    "practitioner": {
                        "type": "Practitioner",
                        "identifier": {
                            "system": "http://hl7.org/fhir/sid/us-npi",
                            "value": "1720078991"
                        }
                    },
                    "organization": {
                        "type": "Organization",
                        "identifier": {
                            "system": "http://hl7.org/fhir/sid/us-npi",
                            "value": "1720078991"
                        },
                        "display": "Ashland Gastroenterology LLC"
                    },
                    "speciality": [
                        {
                            "coding": [
                                [
                                    {
                                        "code": "207RG0100X",
                                        "display": "INTERNAL MEDICINE",
                                        "text": "GASTROENTEROLOGY"
                                    }
                                ]
                            ]
                        }
                    ],
                    "availableTime": [
                        {
                            "daysOfWeek": [],
                            "availableStartTime": "",
                            "availableEndTime": ""
                        }
                    ],
                    "telecom": [],
                    "location": [
                        {
                            "reference": "e-B-3812556"
                        }
                    ]
                },
                "request": {
                    "method": "POST",
                    "url": "PractitionerRole"
                }
            },
            {
                "resources": {
                    "resourceType": "Location",
                    "meta": {
                        "source": "www.Availity.com",
                        "lastUpdated": "2019-01-01T18:02:03.292Z"
                    },
                    "address": {
                        "identifier": "e-S-255729",
                        "line": [
                            "743 NORTH MAIN STREET"
                        ],
                        "city": "Ashland",
                        "state": "OR",
                        "postalCode": "97520",
                        "use": "work"
                    },
                    "telecom": [
                        {
                            "system": "phone",
                            "value": "5414888941",
                            "use": "work"
                        }
                    ],
                    "hoursOfOperation": [
                        {
                            "daysOfWeek": [],
                            "availableStartTime": "",
                            "availableEndTime": ""
                        }
                    ]
                }
            },
            {
                "resources": {
                    "resourceType": "Location",
                    "meta": {
                        "source": "www.Availity.com",
                        "lastUpdated": "2019-01-01T18:02:03.292Z"
                    },
                    "address": {
                        "identifier": "e-B-3812556",
                        "line": [
                            "1208 BEALL LANE"
                        ],
                        "city": "Central Point",
                        "state": "OR",
                        "postalCode": "97502",
                        "use": "work"
                    },
                    "telecom": [
                        {
                            "system": "phone",
                            "value": "5414746053",
                            "use": "work"
                        }
                    ],
                    "hoursOfOperation": [
                        {
                            "daysOfWeek": [],
                            "availableStartTime": "",
                            "availableEndTime": ""
                        }
                    ]
                }
            }
        ]
    }
]