[
    {
        "resourceType": "Bundle",
        "type": "transaction",
        "entry": [
            {
                "resource": {
                    "resourceType": "Practitioner",
                    "meta": {
                        "source": "www.Availity.com",
                        "lastUpdated": "2019-01-01T22:46:55.099Z"
                    },
                    "identifier": [
                        {
                            "value": "911211106"
                        },
                        {
                            "value": "e-P-4199306"
                        },
                        {
                            "system": "http://hl7.org/fhir/sid/us-npi",
                            "value": "1366511552"
                        }
                    ],
                    "active": true,
                    "name": [
                        {
                            "family": "Rivera"
                        },
                        {
                            "given": [
                                "Rostom",
                                "D"
                            ]
                        },
                        {
                            "prefix": [
                                "Dr."
                            ]
                        }
                    ],
                    "gender": [
                        "Male"
                    ],
                    "birthDate": "1939-11-30",
                    "qualification": {},
                    "communication": [
                        {
                            "coding": [
                                {
                                    "code": "ENG",
                                    "display": "English"
                                },
                                {
                                    "code": "ENG",
                                    "display": "English"
                                }
                            ],
                            "text": "Language"
                        }
                    ]
                },
                "request": {
                    "method": "POST",
                    "url": "Practitioner"
                }
            },
            {
                "resource": {
                    "resourceType": "Organization",
                    "identifier": [
                        {
                            "value": "911211106"
                        },
                        {
                            "value": "e-P-4199306"
                        },
                        {
                            "system": "http://hl7.org/fhir/sid/us-npi",
                            "value": "1366511552"
                        }
                    ],
                    "active": true,
                    "type": [
                        {
                            "text": "prov"
                        }
                    ],
                    "name": "RIVERA ROSTOM D MD",
                    "address": [
                        {
                            "id": "e-B-6223458",
                            "line": [
                                "7808 PACIFIC AVENUE",
                                "Suite 4"
                            ],
                            "city": "Tacoma",
                            "state": "WA",
                            "postalCode": "98408",
                            "use": "work"
                        }
                    ],
                    "telecom": [
                        {
                            "system": "fax",
                            "value": "2534759390",
                            "use": "work"
                        },
                        {
                            "system": "phone",
                            "value": "2534743329",
                            "use": "work"
                        },
                        {
                            "system": "phone",
                            "value": "2064743329",
                            "use": "work"
                        },
                        {
                            "system": "alternate phone",
                            "value": "2534743329",
                            "use": "work"
                        }
                    ],
                    "contact": [
                        {
                            "purpose": {
                                "text": "ADMIN"
                            },
                            "name": [
                                {
                                    "family": "Rivera"
                                },
                                {
                                    "given": [
                                        "Rostom",
                                        "D"
                                    ]
                                },
                                {
                                    "prefix": [
                                        "Dr."
                                    ]
                                }
                            ],
                            "telecom": [
                                {
                                    "system": "fax",
                                    "value": "2534759390",
                                    "use": "work"
                                },
                                {
                                    "system": "phone",
                                    "value": "2534743329",
                                    "use": "work"
                                },
                                {
                                    "system": "phone",
                                    "value": "2064743329",
                                    "use": "work"
                                },
                                {
                                    "system": "alternate phone",
                                    "value": "2534743329",
                                    "use": "work"
                                }
                            ],
                            "address": [
                                {
                                    "id": "e-B-6223458",
                                    "line": [
                                        "7808 PACIFIC AVENUE",
                                        "Suite 4"
                                    ],
                                    "city": "Tacoma",
                                    "state": "WA",
                                    "postalCode": "98408",
                                    "use": "work"
                                }
                            ]
                        }
                    ]
                }
            },
            {
                "resource": {
                    "resourceType": "HealthcareService",
                    "identifier": [
                        {
                            "value": "911211106"
                        },
                        {
                            "system": "http://hl7.org/fhir/sid/us-npi",
                            "value": "1366511552"
                        }
                    ],
                    "active": true,
                    "providedby": "RIVERA ROSTOM D MD",
                    "speciality": [
                        {
                            "coding": [
                                [
                                    {
                                        "code": "207Q00000X",
                                        "display": "FAMILY MEDICINE",
                                        "text": "NOT APPLICABLE"
                                    }
                                ]
                            ]
                        }
                    ],
                    "telecom": [
                        {
                            "system": "fax",
                            "value": "2534759390",
                            "use": "work"
                        },
                        {
                            "system": "phone",
                            "value": "2534743329",
                            "use": "work"
                        },
                        {
                            "system": "phone",
                            "value": "2064743329",
                            "use": "work"
                        },
                        {
                            "system": "alternate phone",
                            "value": "2534743329",
                            "use": "work"
                        }
                    ],
                    "communication": [
                        {
                            "coding": [
                                {
                                    "code": "ENG",
                                    "display": "English"
                                },
                                {
                                    "code": "ENG",
                                    "display": "English"
                                }
                            ],
                            "text": "Language"
                        }
                    ],
                    "availableTime": [
                        {
                            "daysOfWeek": [],
                            "availableStartTime": "",
                            "availableEndTime": ""
                        }
                    ]
                }
            },
            {
                "resources": {
                    "resourceType": "Practitioner Role",
                    "active": true,
                    "practitioner": {
                        "type": "Practitioner",
                        "identifier": {
                            "system": "http://hl7.org/fhir/sid/us-npi",
                            "value": "1366511552"
                        }
                    },
                    "organization": {
                        "type": "Organization",
                        "identifier": {
                            "system": "http://hl7.org/fhir/sid/us-npi",
                            "value": "1366511552"
                        },
                        "display": "RIVERA ROSTOM D MD"
                    },
                    "speciality": [
                        {
                            "coding": [
                                [
                                    {
                                        "code": "207Q00000X",
                                        "display": "FAMILY MEDICINE",
                                        "text": "NOT APPLICABLE"
                                    }
                                ]
                            ]
                        }
                    ],
                    "availableTime": [
                        {
                            "daysOfWeek": [],
                            "availableStartTime": "",
                            "availableEndTime": ""
                        }
                    ],
                    "telecom": [],
                    "location": [
                        {
                            "reference": "e-S-6223458"
                        }
                    ],
                    "healthService": [
                        {
                            "reference": "HealthcareService/0"
                        }
                    ]
                },
                "request": {
                    "method": "POST",
                    "url": "PractitionerRole"
                }
            },
            {
                "resources": {
                    "resourceType": "Practitioner Role",
                    "active": true,
                    "practitioner": {
                        "type": "Practitioner",
                        "identifier": {
                            "system": "http://hl7.org/fhir/sid/us-npi",
                            "value": "1366511552"
                        }
                    },
                    "organization": {
                        "type": "Organization",
                        "identifier": {
                            "system": "http://hl7.org/fhir/sid/us-npi",
                            "value": "1366511552"
                        },
                        "display": "RIVERA ROSTOM D MD"
                    },
                    "speciality": [
                        {
                            "coding": [
                                [
                                    {
                                        "code": "207Q00000X",
                                        "display": "FAMILY MEDICINE",
                                        "text": "NOT APPLICABLE"
                                    }
                                ]
                            ]
                        }
                    ],
                    "availableTime": [
                        {
                            "daysOfWeek": [],
                            "availableStartTime": "",
                            "availableEndTime": ""
                        }
                    ],
                    "telecom": [
                        {
                            "system": "fax",
                            "value": "2534759390",
                            "use": "work"
                        }
                    ],
                    "location": [
                        {
                            "reference": "e-B-6223458"
                        }
                    ]
                },
                "request": {
                    "method": "POST",
                    "url": "PractitionerRole"
                }
            },
            {
                "resources": {
                    "resourceType": "Location",
                    "meta": {
                        "source": "www.Availity.com",
                        "lastUpdated": "2019-01-01T22:46:55.099Z"
                    },
                    "address": {
                        "identifier": "e-S-6223458",
                        "line": [
                            "7808 PACIFIC AVENUE",
                            "Suite 4"
                        ],
                        "city": "Tacoma",
                        "state": "WA",
                        "postalCode": "98408",
                        "use": "work"
                    },
                    "telecom": [
                        {
                            "system": "phone",
                            "value": "2534743329",
                            "use": "work"
                        }
                    ],
                    "hoursOfOperation": [
                        {
                            "daysOfWeek": [],
                            "availableStartTime": "",
                            "availableEndTime": ""
                        }
                    ]
                }
            },
            {
                "resources": {
                    "resourceType": "Location",
                    "meta": {
                        "source": "www.Availity.com",
                        "lastUpdated": "2019-01-01T22:46:55.099Z"
                    },
                    "address": {
                        "identifier": "e-B-6223458",
                        "line": [
                            "7808 PACIFIC AVENUE",
                            "Suite 4"
                        ],
                        "city": "Tacoma",
                        "state": "WA",
                        "postalCode": "98408",
                        "use": "work"
                    },
                    "telecom": [
                        {
                            "system": "phone",
                            "value": "2064743329",
                            "use": "work"
                        },
                        {
                            "system": "fax",
                            "value": "2534759390",
                            "use": "work"
                        }
                    ],
                    "hoursOfOperation": [
                        {
                            "daysOfWeek": [],
                            "availableStartTime": "",
                            "availableEndTime": ""
                        }
                    ]
                }
            }
        ]
    }
]