[
    {
        "resourceType": "Bundle",
        "type": "transaction",
        "entry": [
            {
                "resource": {
                    "resourceType": "Practitioner",
                    "meta": {
                        "source": "www.Availity.com",
                        "lastUpdated": "2018-10-03T19:52:19.210Z"
                    },
                    "identifier": [
                        {
                            "value": "911694244"
                        },
                        {
                            "value": "e-P-5305135"
                        },
                        {
                            "system": "http://hl7.org/fhir/sid/us-npi",
                            "value": "1932249208"
                        }
                    ],
                    "active": true,
                    "name": [
                        {
                            "family": "Co"
                        },
                        {
                            "given": [
                                "Princeton",
                                "L"
                            ]
                        }
                    ],
                    "gender": [
                        "Male"
                    ],
                    "birthDate": "1964-12-06",
                    "qualification": {},
                    "communication": [
                        {
                            "coding": [
                                {
                                    "code": "ENG",
                                    "display": "English"
                                },
                                {
                                    "code": "FIL",
                                    "display": ""
                                }
                            ],
                            "text": "Language"
                        }
                    ]
                },
                "request": {
                    "method": "POST",
                    "url": "Practitioner"
                }
            },
            {
                "resource": {
                    "resourceType": "Organization",
                    "identifier": [
                        {
                            "value": "911694244"
                        },
                        {
                            "value": "e-P-5305135"
                        },
                        {
                            "system": "http://hl7.org/fhir/sid/us-npi",
                            "value": "1932249208"
                        }
                    ],
                    "active": true,
                    "type": [
                        {
                            "text": "prov"
                        }
                    ],
                    "name": "Princeton L. Co, DDS,PLLC",
                    "address": [
                        {
                            "id": "e-B-803209",
                            "line": [
                                "19929 BALLINGER WAY NORTHEAST",
                                "Suite 100"
                            ],
                            "city": "Shoreline",
                            "state": "WA",
                            "postalCode": "98155",
                            "use": "work"
                        }
                    ],
                    "telecom": [
                        {
                            "system": "fax",
                            "value": "2064400248",
                            "use": "work"
                        },
                        {
                            "system": "phone",
                            "value": "2064400065",
                            "use": "work"
                        },
                        {
                            "system": "alternate phone",
                            "value": "2064400065",
                            "use": "work"
                        }
                    ],
                    "contact": [
                        {
                            "purpose": {
                                "text": "ADMIN"
                            },
                            "name": [
                                {
                                    "family": "Co"
                                },
                                {
                                    "given": [
                                        "Princeton",
                                        "L"
                                    ]
                                }
                            ],
                            "telecom": [
                                {
                                    "system": "fax",
                                    "value": "2064400248",
                                    "use": "work"
                                },
                                {
                                    "system": "phone",
                                    "value": "2064400065",
                                    "use": "work"
                                },
                                {
                                    "system": "alternate phone",
                                    "value": "2064400065",
                                    "use": "work"
                                }
                            ],
                            "address": [
                                {
                                    "id": "e-B-803209",
                                    "line": [
                                        "19929 BALLINGER WAY NORTHEAST",
                                        "Suite 100"
                                    ],
                                    "city": "Shoreline",
                                    "state": "WA",
                                    "postalCode": "98155",
                                    "use": "work"
                                }
                            ]
                        }
                    ]
                }
            },
            {
                "resource": {
                    "resourceType": "HealthcareService",
                    "identifier": [
                        {
                            "value": "911694244"
                        },
                        {
                            "system": "http://hl7.org/fhir/sid/us-npi",
                            "value": "1932249208"
                        }
                    ],
                    "active": true,
                    "providedby": "Princeton L. Co, DDS,PLLC",
                    "speciality": [
                        {
                            "coding": [
                                [
                                    {
                                        "code": "1223G0001X",
                                        "display": "DENTIST",
                                        "text": "GENERAL PRACTICE"
                                    },
                                    {
                                        "code": "204E00000X",
                                        "display": "ORAL & MAXILLOFACIAL SURGERY",
                                        "text": "NOT APPLICABLE"
                                    }
                                ]
                            ]
                        }
                    ],
                    "telecom": [
                        {
                            "system": "fax",
                            "value": "2064400248",
                            "use": "work"
                        },
                        {
                            "system": "phone",
                            "value": "2064400065",
                            "use": "work"
                        },
                        {
                            "system": "alternate phone",
                            "value": "2064400065",
                            "use": "work"
                        }
                    ],
                    "communication": [
                        {
                            "coding": [
                                {
                                    "code": "ENG",
                                    "display": "English"
                                },
                                {
                                    "code": "FIL",
                                    "display": ""
                                }
                            ],
                            "text": "Language"
                        }
                    ],
                    "availableTime": [
                        {
                            "daysOfWeek": [
                                "MONDAY",
                                "TUESDAY",
                                "WEDNESDAY",
                                "THURSDAY",
                                "FRIDAY",
                                "SATURDAY",
                                "SUNDAY"
                            ],
                            "availableStartTime": "08:08:00",
                            "availableEndTime": "17:00:00"
                        }
                    ]
                }
            },
            {
                "resources": {
                    "resourceType": "Practitioner Role",
                    "active": true,
                    "practitioner": {
                        "type": "Practitioner",
                        "identifier": {
                            "system": "http://hl7.org/fhir/sid/us-npi",
                            "value": "1932249208"
                        }
                    },
                    "organization": {
                        "type": "Organization",
                        "identifier": {
                            "system": "http://hl7.org/fhir/sid/us-npi",
                            "value": "1932249208"
                        },
                        "display": "Princeton L. Co, DDS,PLLC"
                    },
                    "speciality": [
                        {
                            "coding": [
                                [
                                    {
                                        "code": "1223G0001X",
                                        "display": "DENTIST",
                                        "text": "GENERAL PRACTICE"
                                    },
                                    {
                                        "code": "204E00000X",
                                        "display": "ORAL & MAXILLOFACIAL SURGERY",
                                        "text": "NOT APPLICABLE"
                                    }
                                ]
                            ]
                        }
                    ],
                    "availableTime": [
                        {
                            "daysOfWeek": [
                                "MONDAY",
                                "TUESDAY",
                                "WEDNESDAY",
                                "THURSDAY",
                                "FRIDAY",
                                "SATURDAY",
                                "SUNDAY"
                            ],
                            "availableStartTime": "08:08:00",
                            "availableEndTime": "17:00:00"
                        }
                    ],
                    "telecom": [],
                    "period": {
                        "startDate": "1996-02-01"
                    },
                    "location": [
                        {
                            "reference": "e-S-803209"
                        }
                    ],
                    "healthService": [
                        {
                            "reference": "HealthcareService/0"
                        }
                    ]
                },
                "request": {
                    "method": "POST",
                    "url": "PractitionerRole"
                }
            },
            {
                "resources": {
                    "resourceType": "Practitioner Role",
                    "active": true,
                    "practitioner": {
                        "type": "Practitioner",
                        "identifier": {
                            "system": "http://hl7.org/fhir/sid/us-npi",
                            "value": "1932249208"
                        }
                    },
                    "organization": {
                        "type": "Organization",
                        "identifier": {
                            "system": "http://hl7.org/fhir/sid/us-npi",
                            "value": "1932249208"
                        },
                        "display": "Princeton L. Co, DDS,PLLC"
                    },
                    "speciality": [
                        {
                            "coding": [
                                [
                                    {
                                        "code": "1223G0001X",
                                        "display": "DENTIST",
                                        "text": "GENERAL PRACTICE"
                                    },
                                    {
                                        "code": "204E00000X",
                                        "display": "ORAL & MAXILLOFACIAL SURGERY",
                                        "text": "NOT APPLICABLE"
                                    }
                                ]
                            ]
                        }
                    ],
                    "availableTime": [
                        {
                            "daysOfWeek": [
                                "MONDAY",
                                "TUESDAY",
                                "WEDNESDAY",
                                "THURSDAY",
                                "FRIDAY",
                                "SATURDAY",
                                "SUNDAY"
                            ],
                            "availableStartTime": "08:08:00",
                            "availableEndTime": "17:00:00"
                        }
                    ],
                    "telecom": [
                        {
                            "system": "fax",
                            "value": "2064400248",
                            "use": "work"
                        }
                    ],
                    "period": {
                        "startDate": "1996-02-01"
                    },
                    "location": [
                        {
                            "reference": "e-B-803209"
                        }
                    ],
                    "healthService": [
                        {
                            "reference": "HealthcareService/1"
                        }
                    ]
                },
                "request": {
                    "method": "POST",
                    "url": "PractitionerRole"
                }
            },
            {
                "resources": {
                    "resourceType": "Location",
                    "meta": {
                        "source": "www.Availity.com",
                        "lastUpdated": "2018-10-03T19:52:19.210Z"
                    },
                    "address": {
                        "identifier": "e-S-803209",
                        "line": [
                            "19929 BALLINGER WAY NORTHEAST",
                            "Suite 100"
                        ],
                        "city": "Shoreline",
                        "state": "WA",
                        "postalCode": "98155",
                        "use": "work"
                    },
                    "telecom": [
                        {
                            "system": "phone",
                            "value": "2064400065",
                            "use": "work"
                        }
                    ],
                    "hoursOfOperation": [
                        {
                            "daysOfWeek": [
                                "MONDAY",
                                "TUESDAY",
                                "WEDNESDAY",
                                "THURSDAY",
                                "FRIDAY",
                                "SATURDAY",
                                "SUNDAY"
                            ],
                            "availableStartTime": "08:08:00",
                            "availableEndTime": "17:00:00"
                        }
                    ]
                }
            },
            {
                "resources": {
                    "resourceType": "Location",
                    "meta": {
                        "source": "www.Availity.com",
                        "lastUpdated": "2018-10-03T19:52:19.210Z"
                    },
                    "address": {
                        "identifier": "e-B-803209",
                        "line": [
                            "19929 BALLINGER WAY NORTHEAST",
                            "Suite 100"
                        ],
                        "city": "Shoreline",
                        "state": "WA",
                        "postalCode": "98155",
                        "use": "work"
                    },
                    "telecom": [
                        {
                            "system": "phone",
                            "value": "2064400065",
                            "use": "work"
                        },
                        {
                            "system": "fax",
                            "value": "2064400248",
                            "use": "work"
                        }
                    ],
                    "hoursOfOperation": [
                        {
                            "daysOfWeek": [
                                "MONDAY",
                                "TUESDAY",
                                "WEDNESDAY",
                                "THURSDAY",
                                "FRIDAY",
                                "SATURDAY",
                                "SUNDAY"
                            ],
                            "availableStartTime": "08:08:00",
                            "availableEndTime": "17:00:00"
                        }
                    ]
                }
            }
        ]
    }
]