[
    {
        "resourceType": "Bundle",
        "type": "transaction",
        "entry": [
            {
                "resource": {
                    "resourceType": "Practitioner",
                    "meta": {
                        "source": "www.Availity.com",
                        "lastUpdated": "2019-01-01T18:57:51.919Z"
                    },
                    "identifier": [
                        {
                            "value": "911648407"
                        },
                        {
                            "value": "e-P-4603272"
                        },
                        {
                            "system": "http://hl7.org/fhir/sid/us-npi",
                            "value": "1093918013"
                        }
                    ],
                    "active": true,
                    "name": [
                        {
                            "family": "Shepherd"
                        },
                        {
                            "given": [
                                "Paul"
                            ]
                        }
                    ],
                    "gender": [
                        "Male"
                    ],
                    "birthDate": "1954-06-20",
                    "qualification": {},
                    "communication": [
                        {
                            "coding": [
                                {
                                    "code": "ENG",
                                    "display": "English"
                                }
                            ],
                            "text": "Language"
                        }
                    ]
                },
                "request": {
                    "method": "POST",
                    "url": "Practitioner"
                }
            },
            {
                "resource": {
                    "resourceType": "Organization",
                    "identifier": [
                        {
                            "value": "911648407"
                        },
                        {
                            "value": "e-P-4603272"
                        },
                        {
                            "system": "http://hl7.org/fhir/sid/us-npi",
                            "value": "1093918013"
                        }
                    ],
                    "active": true,
                    "type": [
                        {
                            "text": "prov"
                        }
                    ],
                    "name": "Enumclaw Family Optometry Clinic",
                    "address": [
                        {
                            "id": "e-S-2625015",
                            "line": [
                                "2726 GRIFFIN AVENUE",
                                "Suite B"
                            ],
                            "city": "Enumclaw",
                            "state": "WA",
                            "postalCode": "98022",
                            "use": "work"
                        },
                        {
                            "id": "e-B-9491361",
                            "line": [
                                "P.O. BOX 365"
                            ],
                            "city": "Enumclaw",
                            "state": "WA",
                            "postalCode": "98022",
                            "use": "work"
                        }
                    ],
                    "telecom": [
                        {
                            "system": "fax",
                            "value": "3608258408",
                            "use": "work"
                        },
                        {
                            "system": "phone",
                            "value": "3608253000",
                            "use": "work"
                        },
                        {
                            "system": "phone",
                            "value": "2068253000",
                            "use": "work"
                        },
                        {
                            "system": "alternate phone",
                            "value": "3608253000",
                            "use": "work"
                        }
                    ],
                    "contact": [
                        {
                            "purpose": {
                                "text": "ADMIN"
                            },
                            "name": [
                                {
                                    "family": "Shepherd"
                                },
                                {
                                    "given": [
                                        "Paul"
                                    ]
                                }
                            ],
                            "telecom": [
                                {
                                    "system": "fax",
                                    "value": "3608258408",
                                    "use": "work"
                                },
                                {
                                    "system": "phone",
                                    "value": "3608253000",
                                    "use": "work"
                                },
                                {
                                    "system": "phone",
                                    "value": "2068253000",
                                    "use": "work"
                                },
                                {
                                    "system": "alternate phone",
                                    "value": "3608253000",
                                    "use": "work"
                                }
                            ],
                            "address": [
                                {
                                    "id": "e-S-2625015",
                                    "line": [
                                        "2726 GRIFFIN AVENUE",
                                        "Suite B"
                                    ],
                                    "city": "Enumclaw",
                                    "state": "WA",
                                    "postalCode": "98022",
                                    "use": "work"
                                },
                                {
                                    "id": "e-B-9491361",
                                    "line": [
                                        "P.O. BOX 365"
                                    ],
                                    "city": "Enumclaw",
                                    "state": "WA",
                                    "postalCode": "98022",
                                    "use": "work"
                                }
                            ]
                        }
                    ]
                }
            },
            {
                "resource": {
                    "resourceType": "HealthcareService",
                    "identifier": [
                        {
                            "value": "911648407"
                        },
                        {
                            "system": "http://hl7.org/fhir/sid/us-npi",
                            "value": "1093918013"
                        }
                    ],
                    "active": true,
                    "providedby": "Enumclaw Family Optometry Clinic",
                    "speciality": [
                        {
                            "coding": [
                                [
                                    {
                                        "code": "152W00000X",
                                        "display": "OPTOMETRIST",
                                        "text": "NOT APPLICABLE"
                                    }
                                ]
                            ]
                        }
                    ],
                    "telecom": [
                        {
                            "system": "fax",
                            "value": "3608258408",
                            "use": "work"
                        },
                        {
                            "system": "phone",
                            "value": "3608253000",
                            "use": "work"
                        },
                        {
                            "system": "phone",
                            "value": "2068253000",
                            "use": "work"
                        },
                        {
                            "system": "alternate phone",
                            "value": "3608253000",
                            "use": "work"
                        }
                    ],
                    "communication": [
                        {
                            "coding": [
                                {
                                    "code": "ENG",
                                    "display": "English"
                                }
                            ],
                            "text": "Language"
                        }
                    ],
                    "availableTime": [
                        {
                            "daysOfWeek": [
                                "MONDAY",
                                "TUESDAY",
                                "WEDNESDAY",
                                "THURSDAY"
                            ],
                            "availableStartTime": "09:09:00",
                            "availableEndTime": "17:00:00"
                        },
                        {
                            "daysOfWeek": [
                                "FRIDAY"
                            ],
                            "availableStartTime": "08:08:00",
                            "availableEndTime": "12:00:00"
                        }
                    ]
                }
            },
            {
                "resources": {
                    "resourceType": "Practitioner Role",
                    "active": true,
                    "practitioner": {
                        "type": "Practitioner",
                        "identifier": {
                            "system": "http://hl7.org/fhir/sid/us-npi",
                            "value": "1093918013"
                        }
                    },
                    "organization": {
                        "type": "Organization",
                        "identifier": {
                            "system": "http://hl7.org/fhir/sid/us-npi",
                            "value": "1093918013"
                        },
                        "display": "Enumclaw Family Optometry Clinic"
                    },
                    "speciality": [
                        {
                            "coding": [
                                [
                                    {
                                        "code": "152W00000X",
                                        "display": "OPTOMETRIST",
                                        "text": "NOT APPLICABLE"
                                    }
                                ]
                            ]
                        }
                    ],
                    "availableTime": [
                        {
                            "daysOfWeek": [
                                "MONDAY",
                                "TUESDAY",
                                "WEDNESDAY",
                                "THURSDAY"
                            ],
                            "availableStartTime": "09:09:00",
                            "availableEndTime": "17:00:00"
                        },
                        {
                            "daysOfWeek": [
                                "FRIDAY"
                            ],
                            "availableStartTime": "08:08:00",
                            "availableEndTime": "12:00:00"
                        }
                    ],
                    "telecom": [],
                    "location": [
                        {
                            "reference": "e-S-2625015"
                        }
                    ],
                    "healthService": [
                        {
                            "reference": "HealthcareService/0"
                        }
                    ]
                },
                "request": {
                    "method": "POST",
                    "url": "PractitionerRole"
                }
            },
            {
                "resources": {
                    "resourceType": "Practitioner Role",
                    "active": true,
                    "practitioner": {
                        "type": "Practitioner",
                        "identifier": {
                            "system": "http://hl7.org/fhir/sid/us-npi",
                            "value": "1093918013"
                        }
                    },
                    "organization": {
                        "type": "Organization",
                        "identifier": {
                            "system": "http://hl7.org/fhir/sid/us-npi",
                            "value": "1093918013"
                        },
                        "display": "Enumclaw Family Optometry Clinic"
                    },
                    "speciality": [
                        {
                            "coding": [
                                [
                                    {
                                        "code": "152W00000X",
                                        "display": "OPTOMETRIST",
                                        "text": "NOT APPLICABLE"
                                    }
                                ]
                            ]
                        }
                    ],
                    "availableTime": [
                        {
                            "daysOfWeek": [
                                "MONDAY",
                                "TUESDAY",
                                "WEDNESDAY",
                                "THURSDAY"
                            ],
                            "availableStartTime": "09:09:00",
                            "availableEndTime": "17:00:00"
                        },
                        {
                            "daysOfWeek": [
                                "FRIDAY"
                            ],
                            "availableStartTime": "08:08:00",
                            "availableEndTime": "12:00:00"
                        }
                    ],
                    "telecom": [
                        {
                            "system": "fax",
                            "value": "3608258408",
                            "use": "work"
                        }
                    ],
                    "location": [
                        {
                            "reference": "e-B-9491361"
                        }
                    ]
                },
                "request": {
                    "method": "POST",
                    "url": "PractitionerRole"
                }
            },
            {
                "resources": {
                    "resourceType": "Location",
                    "meta": {
                        "source": "www.Availity.com",
                        "lastUpdated": "2019-01-01T18:57:51.919Z"
                    },
                    "address": {
                        "identifier": "e-S-2625015",
                        "line": [
                            "2726 GRIFFIN AVENUE",
                            "Suite B"
                        ],
                        "city": "Enumclaw",
                        "state": "WA",
                        "postalCode": "98022",
                        "use": "work"
                    },
                    "telecom": [
                        {
                            "system": "phone",
                            "value": "3608253000",
                            "use": "work"
                        }
                    ],
                    "hoursOfOperation": [
                        {
                            "daysOfWeek": [
                                "MONDAY",
                                "TUESDAY",
                                "WEDNESDAY",
                                "THURSDAY"
                            ],
                            "availableStartTime": "09:09:00",
                            "availableEndTime": "17:00:00"
                        },
                        {
                            "daysOfWeek": [
                                "FRIDAY"
                            ],
                            "availableStartTime": "08:08:00",
                            "availableEndTime": "12:00:00"
                        }
                    ]
                }
            },
            {
                "resources": {
                    "resourceType": "Location",
                    "meta": {
                        "source": "www.Availity.com",
                        "lastUpdated": "2019-01-01T18:57:51.919Z"
                    },
                    "address": {
                        "identifier": "e-B-9491361",
                        "line": [
                            "P.O. BOX 365"
                        ],
                        "city": "Enumclaw",
                        "state": "WA",
                        "postalCode": "98022",
                        "use": "work"
                    },
                    "telecom": [
                        {
                            "system": "phone",
                            "value": "2068253000",
                            "use": "work"
                        },
                        {
                            "system": "fax",
                            "value": "3608258408",
                            "use": "work"
                        }
                    ],
                    "hoursOfOperation": [
                        {
                            "daysOfWeek": [
                                "MONDAY",
                                "TUESDAY",
                                "WEDNESDAY",
                                "THURSDAY"
                            ],
                            "availableStartTime": "09:09:00",
                            "availableEndTime": "17:00:00"
                        },
                        {
                            "daysOfWeek": [
                                "FRIDAY"
                            ],
                            "availableStartTime": "08:08:00",
                            "availableEndTime": "12:00:00"
                        }
                    ]
                }
            }
        ]
    }
]