[
    {
        "resourceType": "Bundle",
        "type": "transaction",
        "entry": [
            {
                "resource": {
                    "resourceType": "Practitioner",
                    "meta": {
                        "source": "www.Availity.com",
                        "lastUpdated": "2018-12-11T02:52:27.367Z"
                    },
                    "identifier": [
                        {
                            "value": "911994669"
                        },
                        {
                            "value": "e-P-4783359"
                        },
                        {
                            "system": "http://hl7.org/fhir/sid/us-npi",
                            "value": "1548214042"
                        }
                    ],
                    "active": true,
                    "name": [
                        {
                            "family": "Zufall"
                        },
                        {
                            "given": [
                                "Becky",
                                "L."
                            ]
                        }
                    ],
                    "gender": [
                        "Female"
                    ],
                    "birthDate": "1974-11-11",
                    "qualification": {},
                    "communication": [
                        {
                            "coding": [
                                {
                                    "code": "ENG",
                                    "display": "English"
                                }
                            ],
                            "text": "Language"
                        }
                    ]
                },
                "request": {
                    "method": "POST",
                    "url": "Practitioner"
                }
            },
            {
                "resource": {
                    "resourceType": "Organization",
                    "identifier": [
                        {
                            "value": "911994669"
                        },
                        {
                            "value": "e-P-4783359"
                        },
                        {
                            "system": "http://hl7.org/fhir/sid/us-npi",
                            "value": "1548214042"
                        }
                    ],
                    "active": true,
                    "type": [
                        {
                            "text": "prov"
                        }
                    ],
                    "name": "EASTSIDE NEPHROLOGY AND HYPERTENSION PLLC",
                    "address": [
                        {
                            "id": "e-S-8671539",
                            "line": [
                                "13030 121ST WAY NORTHEAST",
                                "Suite 102"
                            ],
                            "city": "Kirkland",
                            "state": "WA",
                            "postalCode": "98034",
                            "use": "work"
                        }
                    ],
                    "telecom": [
                        {
                            "system": "alternate phone",
                            "value": "4058142800",
                            "use": "work"
                        }
                    ],
                    "contact": [
                        {
                            "purpose": {
                                "text": "ADMIN"
                            },
                            "name": [
                                {
                                    "family": "Zufall"
                                },
                                {
                                    "given": [
                                        "Becky",
                                        "L."
                                    ]
                                }
                            ],
                            "telecom": [
                                {
                                    "system": "alternate phone",
                                    "value": "4058142800",
                                    "use": "work"
                                }
                            ],
                            "address": [
                                {
                                    "id": "e-S-8671539",
                                    "line": [
                                        "13030 121ST WAY NORTHEAST",
                                        "Suite 102"
                                    ],
                                    "city": "Kirkland",
                                    "state": "WA",
                                    "postalCode": "98034",
                                    "use": "work"
                                }
                            ]
                        }
                    ]
                }
            },
            {
                "resource": {
                    "resourceType": "HealthcareService",
                    "identifier": [
                        {
                            "value": "911994669"
                        },
                        {
                            "system": "http://hl7.org/fhir/sid/us-npi",
                            "value": "1548214042"
                        }
                    ],
                    "active": true,
                    "providedby": "EASTSIDE NEPHROLOGY AND HYPERTENSION PLLC",
                    "speciality": [
                        {
                            "coding": [
                                [
                                    {
                                        "code": "363A00000X",
                                        "display": "PHYSICIAN ASSISTANT",
                                        "text": "NOT APPLICABLE"
                                    },
                                    {
                                        "code": "363L00000X",
                                        "display": "NURSE PRACTITIONER",
                                        "text": "NOT APPLICABLE"
                                    }
                                ]
                            ]
                        }
                    ],
                    "telecom": [
                        {
                            "system": "alternate phone",
                            "value": "4058142800",
                            "use": "work"
                        }
                    ],
                    "communication": [
                        {
                            "coding": [
                                {
                                    "code": "ENG",
                                    "display": "English"
                                }
                            ],
                            "text": "Language"
                        }
                    ],
                    "availableTime": [
                        {
                            "daysOfWeek": [],
                            "availableStartTime": "",
                            "availableEndTime": ""
                        }
                    ]
                }
            },
            {
                "resources": {
                    "resourceType": "Practitioner Role",
                    "active": true,
                    "practitioner": {
                        "type": "Practitioner",
                        "identifier": {
                            "system": "http://hl7.org/fhir/sid/us-npi",
                            "value": "1548214042"
                        }
                    },
                    "organization": {
                        "type": "Organization",
                        "identifier": {
                            "system": "http://hl7.org/fhir/sid/us-npi",
                            "value": "1548214042"
                        },
                        "display": "EASTSIDE NEPHROLOGY AND HYPERTENSION PLLC"
                    },
                    "speciality": [
                        {
                            "coding": [
                                [
                                    {
                                        "code": "363A00000X",
                                        "display": "PHYSICIAN ASSISTANT",
                                        "text": "NOT APPLICABLE"
                                    },
                                    {
                                        "code": "363L00000X",
                                        "display": "NURSE PRACTITIONER",
                                        "text": "NOT APPLICABLE"
                                    }
                                ]
                            ]
                        }
                    ],
                    "availableTime": [
                        {
                            "daysOfWeek": [],
                            "availableStartTime": "",
                            "availableEndTime": ""
                        }
                    ],
                    "telecom": [
                        {
                            "system": "alternatePhone",
                            "value": "4058142800",
                            "use": "work"
                        }
                    ],
                    "location": [
                        {
                            "reference": "e-S-8671539"
                        }
                    ],
                    "healthService": [
                        {
                            "reference": "HealthcareService/0"
                        }
                    ]
                },
                "request": {
                    "method": "POST",
                    "url": "PractitionerRole"
                }
            },
            {
                "resources": {
                    "resourceType": "Location",
                    "meta": {
                        "source": "www.Availity.com",
                        "lastUpdated": "2018-12-11T02:52:27.367Z"
                    },
                    "address": {
                        "identifier": "e-S-8671539",
                        "line": [
                            "13030 121ST WAY NORTHEAST",
                            "Suite 102"
                        ],
                        "city": "Kirkland",
                        "state": "WA",
                        "postalCode": "98034",
                        "use": "work"
                    },
                    "telecom": [
                        {
                            "system": "alternatePhone",
                            "value": "4058142800",
                            "use": "work"
                        }
                    ],
                    "hoursOfOperation": [
                        {
                            "daysOfWeek": [],
                            "availableStartTime": "",
                            "availableEndTime": ""
                        }
                    ]
                }
            }
        ]
    }
]