[
    {
        "resourceType": "Bundle",
        "type": "transaction",
        "entry": [
            {
                "resource": {
                    "resourceType": "Practitioner",
                    "meta": {
                        "source": "www.Availity.com",
                        "lastUpdated": "2019-01-02T00:12:39.406Z"
                    },
                    "identifier": [
                        {
                            "value": "911994669"
                        },
                        {
                            "value": "e-P-7830020"
                        },
                        {
                            "system": "http://hl7.org/fhir/sid/us-npi",
                            "value": "1801849948"
                        }
                    ],
                    "active": true,
                    "name": [
                        {
                            "family": "Alem"
                        },
                        {
                            "given": [
                                "Astier",
                                "M"
                            ]
                        }
                    ],
                    "gender": [
                        "Female"
                    ],
                    "birthDate": "1964-12-08",
                    "qualification": {},
                    "communication": [
                        {
                            "coding": [
                                {
                                    "code": "ENG",
                                    "display": "English"
                                },
                                {
                                    "code": "TIR",
                                    "display": ""
                                }
                            ],
                            "text": "Language"
                        }
                    ]
                },
                "request": {
                    "method": "POST",
                    "url": "Practitioner"
                }
            },
            {
                "resource": {
                    "resourceType": "Organization",
                    "identifier": [
                        {
                            "value": "911994669"
                        },
                        {
                            "value": "e-P-7830020"
                        },
                        {
                            "system": "http://hl7.org/fhir/sid/us-npi",
                            "value": "1801849948"
                        }
                    ],
                    "active": true,
                    "type": [
                        {
                            "text": "prov"
                        }
                    ],
                    "name": "EASTSIDE NEPHROLOGY AND HYPERTENSION PLLC",
                    "address": [
                        {
                            "id": "e-S-25166",
                            "line": [
                                "11903 NE 128TH ST",
                                "STE B"
                            ],
                            "city": "KIRKLAND",
                            "state": "WA",
                            "postalCode": "98034",
                            "use": "work"
                        }
                    ],
                    "telecom": [
                        {
                            "system": "phone",
                            "value": "4258995111",
                            "use": "work"
                        },
                        {
                            "system": "alternate phone",
                            "value": "4258995111",
                            "use": "work"
                        }
                    ],
                    "contact": [
                        {
                            "purpose": {
                                "text": "ADMIN"
                            },
                            "name": [
                                {
                                    "family": "Alem"
                                },
                                {
                                    "given": [
                                        "Astier",
                                        "M"
                                    ]
                                }
                            ],
                            "telecom": [
                                {
                                    "system": "phone",
                                    "value": "4258995111",
                                    "use": "work"
                                },
                                {
                                    "system": "alternate phone",
                                    "value": "4258995111",
                                    "use": "work"
                                }
                            ],
                            "address": [
                                {
                                    "id": "e-S-25166",
                                    "line": [
                                        "11903 NE 128TH ST",
                                        "STE B"
                                    ],
                                    "city": "KIRKLAND",
                                    "state": "WA",
                                    "postalCode": "98034",
                                    "use": "work"
                                }
                            ]
                        }
                    ]
                }
            },
            {
                "resource": {
                    "resourceType": "HealthcareService",
                    "identifier": [
                        {
                            "value": "911994669"
                        },
                        {
                            "system": "http://hl7.org/fhir/sid/us-npi",
                            "value": "1801849948"
                        }
                    ],
                    "active": true,
                    "providedby": "EASTSIDE NEPHROLOGY AND HYPERTENSION PLLC",
                    "speciality": [
                        {
                            "coding": [
                                [
                                    {
                                        "code": "207RN0300X",
                                        "display": "INTERNAL MEDICINE",
                                        "text": "NEPHROLOGY"
                                    },
                                    {
                                        "code": "207P00000X",
                                        "display": "EMERGENCY MEDICINE",
                                        "text": "NOT APPLICABLE"
                                    },
                                    {
                                        "code": "207R00000X",
                                        "display": "INTERNAL MEDICINE",
                                        "text": "NOT APPLICABLE"
                                    }
                                ]
                            ]
                        }
                    ],
                    "telecom": [
                        {
                            "system": "phone",
                            "value": "4258995111",
                            "use": "work"
                        },
                        {
                            "system": "alternate phone",
                            "value": "4258995111",
                            "use": "work"
                        }
                    ],
                    "communication": [
                        {
                            "coding": [
                                {
                                    "code": "ENG",
                                    "display": "English"
                                },
                                {
                                    "code": "TIR",
                                    "display": ""
                                }
                            ],
                            "text": "Language"
                        }
                    ],
                    "availableTime": [
                        {
                            "daysOfWeek": [],
                            "availableStartTime": "",
                            "availableEndTime": ""
                        }
                    ]
                }
            },
            {
                "resources": {
                    "resourceType": "Practitioner Role",
                    "active": true,
                    "practitioner": {
                        "type": "Practitioner",
                        "identifier": {
                            "system": "http://hl7.org/fhir/sid/us-npi",
                            "value": "1801849948"
                        }
                    },
                    "organization": {
                        "type": "Organization",
                        "identifier": {
                            "system": "http://hl7.org/fhir/sid/us-npi",
                            "value": "1801849948"
                        },
                        "display": "EASTSIDE NEPHROLOGY AND HYPERTENSION PLLC"
                    },
                    "speciality": [
                        {
                            "coding": [
                                [
                                    {
                                        "code": "207RN0300X",
                                        "display": "INTERNAL MEDICINE",
                                        "text": "NEPHROLOGY"
                                    },
                                    {
                                        "code": "207P00000X",
                                        "display": "EMERGENCY MEDICINE",
                                        "text": "NOT APPLICABLE"
                                    },
                                    {
                                        "code": "207R00000X",
                                        "display": "INTERNAL MEDICINE",
                                        "text": "NOT APPLICABLE"
                                    }
                                ]
                            ]
                        }
                    ],
                    "availableTime": [
                        {
                            "daysOfWeek": [],
                            "availableStartTime": "",
                            "availableEndTime": ""
                        }
                    ],
                    "telecom": [
                        {
                            "system": "phone",
                            "value": "4258995111",
                            "use": "work"
                        }
                    ],
                    "period": {
                        "startDate": "2018-10-01"
                    },
                    "location": [
                        {
                            "reference": "e-S-25166"
                        }
                    ],
                    "healthService": [
                        {
                            "reference": "HealthcareService/0"
                        }
                    ]
                },
                "request": {
                    "method": "POST",
                    "url": "PractitionerRole"
                }
            },
            {
                "resources": {
                    "resourceType": "Location",
                    "meta": {
                        "source": "www.Availity.com",
                        "lastUpdated": "2019-01-02T00:12:39.406Z"
                    },
                    "address": {
                        "identifier": "e-S-25166",
                        "line": [
                            "11903 NE 128TH ST",
                            "STE B"
                        ],
                        "city": "KIRKLAND",
                        "state": "WA",
                        "postalCode": "98034",
                        "use": "work"
                    },
                    "telecom": [
                        {
                            "system": "phone",
                            "value": "4258995111",
                            "use": "work"
                        }
                    ],
                    "hoursOfOperation": [
                        {
                            "daysOfWeek": [],
                            "availableStartTime": "",
                            "availableEndTime": ""
                        }
                    ]
                }
            }
        ]
    }
]