[
    {
        "resourceType": "Bundle",
        "type": "transaction",
        "entry": [
            {
                "resource": {
                    "resourceType": "Practitioner",
                    "meta": {
                        "source": "www.Availity.com",
                        "lastUpdated": "2019-01-01T18:00:02.559Z"
                    },
                    "identifier": [
                        {
                            "value": "912124576"
                        },
                        {
                            "value": "e-P-5071330"
                        },
                        {
                            "system": "http://hl7.org/fhir/sid/us-npi",
                            "value": "1285629485"
                        }
                    ],
                    "active": true,
                    "name": [
                        {
                            "family": "Tosland"
                        },
                        {
                            "given": [
                                "Dale",
                                "L"
                            ]
                        }
                    ],
                    "gender": [
                        "Male"
                    ],
                    "birthDate": "1958-06-20",
                    "qualification": {},
                    "communication": [
                        {
                            "coding": [
                                {
                                    "code": "ENG",
                                    "display": "English"
                                }
                            ],
                            "text": "Language"
                        }
                    ]
                },
                "request": {
                    "method": "POST",
                    "url": "Practitioner"
                }
            },
            {
                "resource": {
                    "resourceType": "Organization",
                    "identifier": [
                        {
                            "value": "912124576"
                        },
                        {
                            "value": "e-P-5071330"
                        },
                        {
                            "system": "http://hl7.org/fhir/sid/us-npi",
                            "value": "1285629485"
                        }
                    ],
                    "active": true,
                    "type": [
                        {
                            "text": "prov"
                        }
                    ],
                    "name": "Olympia Vision Clinic and Contact Lens Center PLLC",
                    "address": [
                        {
                            "id": "e-S-1245393",
                            "line": [
                                "5321 CORPORATE CENTER LOOP SE"
                            ],
                            "city": "LACEY",
                            "state": "WA",
                            "postalCode": "98503",
                            "use": "work"
                        },
                        {
                            "id": "e-B-7710749",
                            "line": [
                                "1625 COOPER POINT ROAD SOUTHWEST"
                            ],
                            "city": "Olympia",
                            "state": "WA",
                            "postalCode": "98502",
                            "use": "work"
                        },
                        {
                            "id": "AV-77260374001546365529576300009008",
                            "line": [
                                "9101 BRIDGEPORT WAY SOUTHWEST",
                                "Suite C"
                            ],
                            "city": "Lakewood",
                            "state": "WA",
                            "postalCode": "98499",
                            "use": "work"
                        }
                    ],
                    "telecom": [
                        {
                            "system": "phone",
                            "value": "3603576683",
                            "use": "work"
                        },
                        {
                            "system": "phone",
                            "value": "2535842020",
                            "use": "work"
                        },
                        {
                            "system": "alternate phone",
                            "value": "3604592108",
                            "use": "work"
                        },
                        {
                            "system": "alternate phone",
                            "value": "3603576683",
                            "use": "work"
                        },
                        {
                            "system": "alternate phone",
                            "value": "2535842020",
                            "use": "work"
                        }
                    ],
                    "contact": [
                        {
                            "purpose": {
                                "text": "ADMIN"
                            },
                            "name": [
                                {
                                    "family": "Tosland"
                                },
                                {
                                    "given": [
                                        "Dale",
                                        "L"
                                    ]
                                }
                            ],
                            "telecom": [
                                {
                                    "system": "phone",
                                    "value": "3603576683",
                                    "use": "work"
                                },
                                {
                                    "system": "phone",
                                    "value": "2535842020",
                                    "use": "work"
                                },
                                {
                                    "system": "alternate phone",
                                    "value": "3604592108",
                                    "use": "work"
                                },
                                {
                                    "system": "alternate phone",
                                    "value": "3603576683",
                                    "use": "work"
                                },
                                {
                                    "system": "alternate phone",
                                    "value": "2535842020",
                                    "use": "work"
                                }
                            ],
                            "address": [
                                {
                                    "id": "e-S-1245393",
                                    "line": [
                                        "5321 CORPORATE CENTER LOOP SE"
                                    ],
                                    "city": "LACEY",
                                    "state": "WA",
                                    "postalCode": "98503",
                                    "use": "work"
                                },
                                {
                                    "id": "e-B-7710749",
                                    "line": [
                                        "1625 COOPER POINT ROAD SOUTHWEST"
                                    ],
                                    "city": "Olympia",
                                    "state": "WA",
                                    "postalCode": "98502",
                                    "use": "work"
                                },
                                {
                                    "id": "AV-77260374001546365529576300009008",
                                    "line": [
                                        "9101 BRIDGEPORT WAY SOUTHWEST",
                                        "Suite C"
                                    ],
                                    "city": "Lakewood",
                                    "state": "WA",
                                    "postalCode": "98499",
                                    "use": "work"
                                }
                            ]
                        }
                    ]
                }
            },
            {
                "resource": {
                    "resourceType": "HealthcareService",
                    "identifier": [
                        {
                            "value": "912124576"
                        },
                        {
                            "system": "http://hl7.org/fhir/sid/us-npi",
                            "value": "1285629485"
                        }
                    ],
                    "active": true,
                    "providedby": "Olympia Vision Clinic and Contact Lens Center PLLC",
                    "speciality": [
                        {
                            "coding": [
                                [
                                    {
                                        "code": "152W00000X",
                                        "display": "OPTOMETRIST",
                                        "text": "NOT APPLICABLE"
                                    }
                                ]
                            ]
                        }
                    ],
                    "telecom": [
                        {
                            "system": "phone",
                            "value": "3603576683",
                            "use": "work"
                        },
                        {
                            "system": "phone",
                            "value": "2535842020",
                            "use": "work"
                        },
                        {
                            "system": "alternate phone",
                            "value": "3604592108",
                            "use": "work"
                        },
                        {
                            "system": "alternate phone",
                            "value": "3603576683",
                            "use": "work"
                        },
                        {
                            "system": "alternate phone",
                            "value": "2535842020",
                            "use": "work"
                        }
                    ],
                    "communication": [
                        {
                            "coding": [
                                {
                                    "code": "ENG",
                                    "display": "English"
                                }
                            ],
                            "text": "Language"
                        }
                    ],
                    "availableTime": [
                        {
                            "daysOfWeek": [
                                "MONDAY",
                                "TUESDAY",
                                "WEDNESDAY"
                            ],
                            "availableStartTime": "08:08:00",
                            "availableEndTime": "05:30:00"
                        },
                        {
                            "daysOfWeek": [
                                "THURSDAY",
                                "FRIDAY"
                            ],
                            "availableStartTime": "10:10:00",
                            "availableEndTime": "05:00:00"
                        }
                    ]
                }
            },
            {
                "resources": {
                    "resourceType": "Practitioner Role",
                    "active": true,
                    "practitioner": {
                        "type": "Practitioner",
                        "identifier": {
                            "system": "http://hl7.org/fhir/sid/us-npi",
                            "value": "1285629485"
                        }
                    },
                    "organization": {
                        "type": "Organization",
                        "identifier": {
                            "system": "http://hl7.org/fhir/sid/us-npi",
                            "value": "1285629485"
                        },
                        "display": "Olympia Vision Clinic and Contact Lens Center PLLC"
                    },
                    "speciality": [
                        {
                            "coding": [
                                [
                                    {
                                        "code": "152W00000X",
                                        "display": "OPTOMETRIST",
                                        "text": "NOT APPLICABLE"
                                    }
                                ]
                            ]
                        }
                    ],
                    "availableTime": [
                        {
                            "daysOfWeek": [
                                "MONDAY",
                                "TUESDAY",
                                "WEDNESDAY"
                            ],
                            "availableStartTime": "08:08:00",
                            "availableEndTime": "05:30:00"
                        },
                        {
                            "daysOfWeek": [
                                "THURSDAY",
                                "FRIDAY"
                            ],
                            "availableStartTime": "10:10:00",
                            "availableEndTime": "05:00:00"
                        }
                    ],
                    "telecom": [
                        {
                            "system": "alternatePhone",
                            "value": "3604592108",
                            "use": "work"
                        }
                    ],
                    "period": {
                        "startDate": "2001-01-01"
                    },
                    "location": [
                        {
                            "reference": "e-S-1245393"
                        }
                    ],
                    "healthService": [
                        {
                            "reference": "HealthcareService/0"
                        }
                    ]
                },
                "request": {
                    "method": "POST",
                    "url": "PractitionerRole"
                }
            },
            {
                "resources": {
                    "resourceType": "Practitioner Role",
                    "active": true,
                    "practitioner": {
                        "type": "Practitioner",
                        "identifier": {
                            "system": "http://hl7.org/fhir/sid/us-npi",
                            "value": "1285629485"
                        }
                    },
                    "organization": {
                        "type": "Organization",
                        "identifier": {
                            "system": "http://hl7.org/fhir/sid/us-npi",
                            "value": "1285629485"
                        },
                        "display": "Olympia Vision Clinic and Contact Lens Center PLLC"
                    },
                    "speciality": [
                        {
                            "coding": [
                                [
                                    {
                                        "code": "152W00000X",
                                        "display": "OPTOMETRIST",
                                        "text": "NOT APPLICABLE"
                                    }
                                ]
                            ]
                        }
                    ],
                    "availableTime": [
                        {
                            "daysOfWeek": [
                                "MONDAY",
                                "TUESDAY",
                                "WEDNESDAY"
                            ],
                            "availableStartTime": "08:08:00",
                            "availableEndTime": "05:30:00"
                        },
                        {
                            "daysOfWeek": [
                                "THURSDAY",
                                "FRIDAY"
                            ],
                            "availableStartTime": "10:10:00",
                            "availableEndTime": "05:00:00"
                        }
                    ],
                    "telecom": [],
                    "period": {
                        "startDate": "2001-01-01"
                    },
                    "location": [
                        {
                            "reference": "e-S-7710749"
                        }
                    ]
                },
                "request": {
                    "method": "POST",
                    "url": "PractitionerRole"
                }
            },
            {
                "resources": {
                    "resourceType": "Practitioner Role",
                    "active": true,
                    "practitioner": {
                        "type": "Practitioner",
                        "identifier": {
                            "system": "http://hl7.org/fhir/sid/us-npi",
                            "value": "1285629485"
                        }
                    },
                    "organization": {
                        "type": "Organization",
                        "identifier": {
                            "system": "http://hl7.org/fhir/sid/us-npi",
                            "value": "1285629485"
                        },
                        "display": "Olympia Vision Clinic and Contact Lens Center PLLC"
                    },
                    "speciality": [
                        {
                            "coding": [
                                [
                                    {
                                        "code": "152W00000X",
                                        "display": "OPTOMETRIST",
                                        "text": "NOT APPLICABLE"
                                    }
                                ]
                            ]
                        }
                    ],
                    "availableTime": [
                        {
                            "daysOfWeek": [
                                "MONDAY",
                                "TUESDAY",
                                "WEDNESDAY"
                            ],
                            "availableStartTime": "08:08:00",
                            "availableEndTime": "05:30:00"
                        },
                        {
                            "daysOfWeek": [
                                "THURSDAY",
                                "FRIDAY"
                            ],
                            "availableStartTime": "10:10:00",
                            "availableEndTime": "05:00:00"
                        }
                    ],
                    "telecom": [],
                    "period": {
                        "startDate": "2001-01-01"
                    },
                    "location": [
                        {
                            "reference": "AV-77260374001546365529576300009008"
                        }
                    ]
                },
                "request": {
                    "method": "POST",
                    "url": "PractitionerRole"
                }
            },
            {
                "resources": {
                    "resourceType": "Practitioner Role",
                    "active": true,
                    "practitioner": {
                        "type": "Practitioner",
                        "identifier": {
                            "system": "http://hl7.org/fhir/sid/us-npi",
                            "value": "1285629485"
                        }
                    },
                    "organization": {
                        "type": "Organization",
                        "identifier": {
                            "system": "http://hl7.org/fhir/sid/us-npi",
                            "value": "1285629485"
                        },
                        "display": "Olympia Vision Clinic and Contact Lens Center PLLC"
                    },
                    "speciality": [
                        {
                            "coding": [
                                [
                                    {
                                        "code": "152W00000X",
                                        "display": "OPTOMETRIST",
                                        "text": "NOT APPLICABLE"
                                    }
                                ]
                            ]
                        }
                    ],
                    "availableTime": [
                        {
                            "daysOfWeek": [
                                "MONDAY",
                                "TUESDAY",
                                "WEDNESDAY"
                            ],
                            "availableStartTime": "08:08:00",
                            "availableEndTime": "05:30:00"
                        },
                        {
                            "daysOfWeek": [
                                "THURSDAY",
                                "FRIDAY"
                            ],
                            "availableStartTime": "10:10:00",
                            "availableEndTime": "05:00:00"
                        }
                    ],
                    "telecom": [],
                    "period": {
                        "startDate": "2001-01-01"
                    },
                    "location": [
                        {
                            "reference": "e-B-7710749"
                        }
                    ]
                },
                "request": {
                    "method": "POST",
                    "url": "PractitionerRole"
                }
            },
            {
                "resources": {
                    "resourceType": "Location",
                    "meta": {
                        "source": "www.Availity.com",
                        "lastUpdated": "2019-01-01T18:00:02.559Z"
                    },
                    "address": {
                        "identifier": "e-S-1245393",
                        "line": [
                            "5321 CORPORATE CENTER LOOP SE"
                        ],
                        "city": "LACEY",
                        "state": "WA",
                        "postalCode": "98503",
                        "use": "work"
                    },
                    "telecom": [
                        {
                            "system": "phone",
                            "value": "3603576683",
                            "use": "work"
                        },
                        {
                            "system": "alternatePhone",
                            "value": "3604592108",
                            "use": "work"
                        }
                    ],
                    "hoursOfOperation": [
                        {
                            "daysOfWeek": [
                                "MONDAY",
                                "TUESDAY",
                                "WEDNESDAY"
                            ],
                            "availableStartTime": "08:08:00",
                            "availableEndTime": "05:30:00"
                        },
                        {
                            "daysOfWeek": [
                                "THURSDAY",
                                "FRIDAY"
                            ],
                            "availableStartTime": "10:10:00",
                            "availableEndTime": "05:00:00"
                        }
                    ]
                }
            },
            {
                "resources": {
                    "resourceType": "Location",
                    "meta": {
                        "source": "www.Availity.com",
                        "lastUpdated": "2019-01-01T18:00:02.559Z"
                    },
                    "address": {
                        "identifier": "e-S-7710749",
                        "line": [
                            "1625 COOPER POINT ROAD SOUTHWEST"
                        ],
                        "city": "Olympia",
                        "state": "WA",
                        "postalCode": "98502",
                        "use": "work"
                    },
                    "telecom": [
                        {
                            "system": "phone",
                            "value": "3603576683",
                            "use": "work"
                        }
                    ],
                    "hoursOfOperation": [
                        {
                            "daysOfWeek": [
                                "MONDAY",
                                "TUESDAY",
                                "WEDNESDAY"
                            ],
                            "availableStartTime": "08:08:00",
                            "availableEndTime": "05:30:00"
                        },
                        {
                            "daysOfWeek": [
                                "THURSDAY",
                                "FRIDAY"
                            ],
                            "availableStartTime": "10:10:00",
                            "availableEndTime": "05:00:00"
                        }
                    ]
                }
            },
            {
                "resources": {
                    "resourceType": "Location",
                    "meta": {
                        "source": "www.Availity.com",
                        "lastUpdated": "2019-01-01T18:00:02.559Z"
                    },
                    "address": {
                        "identifier": "AV-77260374001546365529576300009008",
                        "line": [
                            "9101 BRIDGEPORT WAY SOUTHWEST",
                            "Suite C"
                        ],
                        "city": "Lakewood",
                        "state": "WA",
                        "postalCode": "98499",
                        "use": "work"
                    },
                    "telecom": [
                        {
                            "system": "phone",
                            "value": "2535842020",
                            "use": "work"
                        }
                    ],
                    "hoursOfOperation": [
                        {
                            "daysOfWeek": [
                                "MONDAY",
                                "TUESDAY",
                                "WEDNESDAY"
                            ],
                            "availableStartTime": "08:08:00",
                            "availableEndTime": "05:30:00"
                        },
                        {
                            "daysOfWeek": [
                                "THURSDAY",
                                "FRIDAY"
                            ],
                            "availableStartTime": "10:10:00",
                            "availableEndTime": "05:00:00"
                        }
                    ]
                }
            },
            {
                "resources": {
                    "resourceType": "Location",
                    "meta": {
                        "source": "www.Availity.com",
                        "lastUpdated": "2019-01-01T18:00:02.559Z"
                    },
                    "address": {
                        "identifier": "e-B-7710749",
                        "line": [
                            "1625 COOPER POINT ROAD SOUTHWEST"
                        ],
                        "city": "Olympia",
                        "state": "WA",
                        "postalCode": "98502",
                        "use": "work"
                    },
                    "telecom": [
                        {
                            "system": "phone",
                            "value": "3603576683",
                            "use": "work"
                        }
                    ],
                    "hoursOfOperation": [
                        {
                            "daysOfWeek": [
                                "MONDAY",
                                "TUESDAY",
                                "WEDNESDAY"
                            ],
                            "availableStartTime": "08:08:00",
                            "availableEndTime": "05:30:00"
                        },
                        {
                            "daysOfWeek": [
                                "THURSDAY",
                                "FRIDAY"
                            ],
                            "availableStartTime": "10:10:00",
                            "availableEndTime": "05:00:00"
                        }
                    ]
                }
            }
        ]
    }
]