[
    {
        "resourceType": "Bundle",
        "type": "transaction",
        "entry": [
            {
                "resource": {
                    "resourceType": "Practitioner",
                    "meta": {
                        "source": "www.Availity.com",
                        "lastUpdated": "2018-11-02T00:02:36.984Z"
                    },
                    "identifier": [
                        {
                            "value": "912124576"
                        },
                        {
                            "value": "e-P-7799705"
                        },
                        {
                            "system": "http://hl7.org/fhir/sid/us-npi",
                            "value": "1992782023"
                        }
                    ],
                    "active": true,
                    "name": [
                        {
                            "family": "Koning"
                        },
                        {
                            "given": [
                                "Brian",
                                "John"
                            ]
                        }
                    ],
                    "gender": [
                        "Male"
                    ],
                    "birthDate": "1978-02-08",
                    "qualification": {},
                    "communication": [
                        {
                            "coding": [
                                {
                                    "code": "ENG",
                                    "display": "English"
                                }
                            ],
                            "text": "Language"
                        }
                    ]
                },
                "request": {
                    "method": "POST",
                    "url": "Practitioner"
                }
            },
            {
                "resource": {
                    "resourceType": "Organization",
                    "identifier": [
                        {
                            "value": "912124576"
                        },
                        {
                            "value": "e-P-7799705"
                        },
                        {
                            "system": "http://hl7.org/fhir/sid/us-npi",
                            "value": "1992782023"
                        }
                    ],
                    "active": true,
                    "type": [
                        {
                            "text": "prov"
                        }
                    ],
                    "name": "Olympia Vision Clinic and Contact Lens Center PLLC",
                    "address": [
                        {
                            "id": "e-S-3243349",
                            "line": [
                                "5210 CORPORATE CENTER COURT SOUTHEAST",
                                "Suite A"
                            ],
                            "city": "Lacey",
                            "state": "WA",
                            "postalCode": "98503",
                            "use": "work"
                        },
                        {
                            "id": "e-S-7710749",
                            "line": [
                                "1625 COOPER POINT ROAD SOUTHWEST"
                            ],
                            "city": "Olympia",
                            "state": "WA",
                            "postalCode": "98502",
                            "use": "work"
                        }
                    ],
                    "telecom": [
                        {
                            "system": "alternate phone",
                            "value": "3604592108",
                            "use": "work"
                        },
                        {
                            "system": "alternate phone",
                            "value": "3603576683",
                            "use": "work"
                        }
                    ],
                    "contact": [
                        {
                            "purpose": {
                                "text": "ADMIN"
                            },
                            "name": [
                                {
                                    "family": "Koning"
                                },
                                {
                                    "given": [
                                        "Brian",
                                        "John"
                                    ]
                                }
                            ],
                            "telecom": [
                                {
                                    "system": "alternate phone",
                                    "value": "3604592108",
                                    "use": "work"
                                },
                                {
                                    "system": "alternate phone",
                                    "value": "3603576683",
                                    "use": "work"
                                }
                            ],
                            "address": [
                                {
                                    "id": "e-S-3243349",
                                    "line": [
                                        "5210 CORPORATE CENTER COURT SOUTHEAST",
                                        "Suite A"
                                    ],
                                    "city": "Lacey",
                                    "state": "WA",
                                    "postalCode": "98503",
                                    "use": "work"
                                },
                                {
                                    "id": "e-S-7710749",
                                    "line": [
                                        "1625 COOPER POINT ROAD SOUTHWEST"
                                    ],
                                    "city": "Olympia",
                                    "state": "WA",
                                    "postalCode": "98502",
                                    "use": "work"
                                }
                            ]
                        }
                    ]
                }
            },
            {
                "resource": {
                    "resourceType": "HealthcareService",
                    "identifier": [
                        {
                            "value": "912124576"
                        },
                        {
                            "system": "http://hl7.org/fhir/sid/us-npi",
                            "value": "1992782023"
                        }
                    ],
                    "active": true,
                    "providedby": "Olympia Vision Clinic and Contact Lens Center PLLC",
                    "speciality": [
                        {
                            "coding": [
                                []
                            ]
                        }
                    ],
                    "telecom": [
                        {
                            "system": "alternate phone",
                            "value": "3604592108",
                            "use": "work"
                        },
                        {
                            "system": "alternate phone",
                            "value": "3603576683",
                            "use": "work"
                        }
                    ],
                    "communication": [
                        {
                            "coding": [
                                {
                                    "code": "ENG",
                                    "display": "English"
                                }
                            ],
                            "text": "Language"
                        }
                    ],
                    "availableTime": [
                        {
                            "daysOfWeek": [],
                            "availableStartTime": "",
                            "availableEndTime": ""
                        }
                    ]
                }
            },
            {
                "resources": {
                    "resourceType": "Practitioner Role",
                    "active": true,
                    "practitioner": {
                        "type": "Practitioner",
                        "identifier": {
                            "system": "http://hl7.org/fhir/sid/us-npi",
                            "value": "1992782023"
                        }
                    },
                    "organization": {
                        "type": "Organization",
                        "identifier": {
                            "system": "http://hl7.org/fhir/sid/us-npi",
                            "value": "1992782023"
                        },
                        "display": "Olympia Vision Clinic and Contact Lens Center PLLC"
                    },
                    "speciality": [
                        {
                            "coding": [
                                []
                            ]
                        }
                    ],
                    "availableTime": [
                        {
                            "daysOfWeek": [],
                            "availableStartTime": "",
                            "availableEndTime": ""
                        }
                    ],
                    "telecom": [
                        {
                            "system": "alternatePhone",
                            "value": "3604592108",
                            "use": "work"
                        }
                    ],
                    "location": [
                        {
                            "reference": "e-S-3243349"
                        }
                    ]
                },
                "request": {
                    "method": "POST",
                    "url": "PractitionerRole"
                }
            },
            {
                "resources": {
                    "resourceType": "Practitioner Role",
                    "active": true,
                    "practitioner": {
                        "type": "Practitioner",
                        "identifier": {
                            "system": "http://hl7.org/fhir/sid/us-npi",
                            "value": "1992782023"
                        }
                    },
                    "organization": {
                        "type": "Organization",
                        "identifier": {
                            "system": "http://hl7.org/fhir/sid/us-npi",
                            "value": "1992782023"
                        },
                        "display": "Olympia Vision Clinic and Contact Lens Center PLLC"
                    },
                    "speciality": [
                        {
                            "coding": [
                                []
                            ]
                        }
                    ],
                    "availableTime": [
                        {
                            "daysOfWeek": [],
                            "availableStartTime": "",
                            "availableEndTime": ""
                        }
                    ],
                    "telecom": [
                        {
                            "system": "alternatePhone",
                            "value": "3603576683",
                            "use": "work"
                        }
                    ],
                    "location": [
                        {
                            "reference": "e-S-7710749"
                        }
                    ]
                },
                "request": {
                    "method": "POST",
                    "url": "PractitionerRole"
                }
            },
            {
                "resources": {
                    "resourceType": "Location",
                    "meta": {
                        "source": "www.Availity.com",
                        "lastUpdated": "2018-11-02T00:02:36.984Z"
                    },
                    "address": {
                        "identifier": "e-S-3243349",
                        "line": [
                            "5210 CORPORATE CENTER COURT SOUTHEAST",
                            "Suite A"
                        ],
                        "city": "Lacey",
                        "state": "WA",
                        "postalCode": "98503",
                        "use": "work"
                    },
                    "telecom": [
                        {
                            "system": "alternatePhone",
                            "value": "3604592108",
                            "use": "work"
                        }
                    ],
                    "hoursOfOperation": [
                        {
                            "daysOfWeek": [],
                            "availableStartTime": "",
                            "availableEndTime": ""
                        }
                    ]
                }
            },
            {
                "resources": {
                    "resourceType": "Location",
                    "meta": {
                        "source": "www.Availity.com",
                        "lastUpdated": "2018-11-02T00:02:36.984Z"
                    },
                    "address": {
                        "identifier": "e-S-7710749",
                        "line": [
                            "1625 COOPER POINT ROAD SOUTHWEST"
                        ],
                        "city": "Olympia",
                        "state": "WA",
                        "postalCode": "98502",
                        "use": "work"
                    },
                    "telecom": [
                        {
                            "system": "alternatePhone",
                            "value": "3603576683",
                            "use": "work"
                        }
                    ],
                    "hoursOfOperation": [
                        {
                            "daysOfWeek": [],
                            "availableStartTime": "",
                            "availableEndTime": ""
                        }
                    ]
                }
            }
        ]
    }
]