[
    {
        "resourceType": "Bundle",
        "type": "transaction",
        "entry": [
            {
                "resource": {
                    "resourceType": "Practitioner",
                    "meta": {
                        "source": "www.Availity.com",
                        "lastUpdated": "2019-01-01T00:24:01.765Z"
                    },
                    "identifier": [
                        {
                            "value": "912190587"
                        },
                        {
                            "value": "e-P-7020663"
                        },
                        {
                            "system": "http://hl7.org/fhir/sid/us-npi",
                            "value": "1154319937"
                        }
                    ],
                    "active": true,
                    "name": [
                        {
                            "family": "Pal"
                        },
                        {
                            "given": [
                                "Sonia",
                                "P."
                            ]
                        }
                    ],
                    "gender": [
                        "Female"
                    ],
                    "birthDate": "1968-08-15",
                    "qualification": {},
                    "communication": [
                        {
                            "coding": [
                                {
                                    "code": "ENG",
                                    "display": "English"
                                },
                                {
                                    "code": "HIN",
                                    "display": "Hindi"
                                }
                            ],
                            "text": "Language"
                        }
                    ]
                },
                "request": {
                    "method": "POST",
                    "url": "Practitioner"
                }
            },
            {
                "resource": {
                    "resourceType": "Organization",
                    "identifier": [
                        {
                            "value": "912190587"
                        },
                        {
                            "value": "e-P-7020663"
                        },
                        {
                            "system": "http://hl7.org/fhir/sid/us-npi",
                            "value": "1154319937"
                        }
                    ],
                    "active": true,
                    "type": [
                        {
                            "text": "prov"
                        }
                    ],
                    "name": "Sonia Pal,DMD, PS",
                    "address": [
                        {
                            "id": "e-B-4642207",
                            "line": [
                                "2302 SOUTH UNION AVENUE",
                                "Suite A2"
                            ],
                            "city": "Tacoma",
                            "state": "WA",
                            "postalCode": "98405",
                            "use": "work"
                        }
                    ],
                    "telecom": [
                        {
                            "system": "fax",
                            "value": "2537526535",
                            "use": "work"
                        },
                        {
                            "system": "phone",
                            "value": "2537525933",
                            "use": "work"
                        },
                        {
                            "system": "alternate phone",
                            "value": "2537525933",
                            "use": "work"
                        }
                    ],
                    "contact": [
                        {
                            "purpose": {
                                "text": "ADMIN"
                            },
                            "name": [
                                {
                                    "family": "Pal"
                                },
                                {
                                    "given": [
                                        "Sonia",
                                        "P."
                                    ]
                                }
                            ],
                            "telecom": [
                                {
                                    "system": "fax",
                                    "value": "2537526535",
                                    "use": "work"
                                },
                                {
                                    "system": "phone",
                                    "value": "2537525933",
                                    "use": "work"
                                },
                                {
                                    "system": "alternate phone",
                                    "value": "2537525933",
                                    "use": "work"
                                }
                            ],
                            "address": [
                                {
                                    "id": "e-B-4642207",
                                    "line": [
                                        "2302 SOUTH UNION AVENUE",
                                        "Suite A2"
                                    ],
                                    "city": "Tacoma",
                                    "state": "WA",
                                    "postalCode": "98405",
                                    "use": "work"
                                }
                            ]
                        }
                    ]
                }
            },
            {
                "resource": {
                    "resourceType": "HealthcareService",
                    "identifier": [
                        {
                            "value": "912190587"
                        },
                        {
                            "system": "http://hl7.org/fhir/sid/us-npi",
                            "value": "1154319937"
                        }
                    ],
                    "active": true,
                    "providedby": "Sonia Pal,DMD, PS",
                    "speciality": [
                        {
                            "coding": [
                                [
                                    {
                                        "code": "122300000X",
                                        "display": "DENTIST",
                                        "text": "NOT APPLICABLE"
                                    },
                                    {
                                        "code": "1223G0001X",
                                        "display": "DENTIST",
                                        "text": "GENERAL PRACTICE"
                                    }
                                ]
                            ]
                        }
                    ],
                    "telecom": [
                        {
                            "system": "fax",
                            "value": "2537526535",
                            "use": "work"
                        },
                        {
                            "system": "phone",
                            "value": "2537525933",
                            "use": "work"
                        },
                        {
                            "system": "alternate phone",
                            "value": "2537525933",
                            "use": "work"
                        }
                    ],
                    "communication": [
                        {
                            "coding": [
                                {
                                    "code": "ENG",
                                    "display": "English"
                                },
                                {
                                    "code": "HIN",
                                    "display": "Hindi"
                                }
                            ],
                            "text": "Language"
                        }
                    ],
                    "availableTime": [
                        {
                            "daysOfWeek": [
                                "MONDAY",
                                "TUESDAY",
                                "WEDNESDAY",
                                "THURSDAY"
                            ],
                            "availableStartTime": "07:07:00",
                            "availableEndTime": "16:00:00"
                        }
                    ]
                }
            },
            {
                "resources": {
                    "resourceType": "Practitioner Role",
                    "active": true,
                    "practitioner": {
                        "type": "Practitioner",
                        "identifier": {
                            "system": "http://hl7.org/fhir/sid/us-npi",
                            "value": "1154319937"
                        }
                    },
                    "organization": {
                        "type": "Organization",
                        "identifier": {
                            "system": "http://hl7.org/fhir/sid/us-npi",
                            "value": "1154319937"
                        },
                        "display": "Sonia Pal,DMD, PS"
                    },
                    "speciality": [
                        {
                            "coding": [
                                [
                                    {
                                        "code": "122300000X",
                                        "display": "DENTIST",
                                        "text": "NOT APPLICABLE"
                                    },
                                    {
                                        "code": "1223G0001X",
                                        "display": "DENTIST",
                                        "text": "GENERAL PRACTICE"
                                    }
                                ]
                            ]
                        }
                    ],
                    "availableTime": [
                        {
                            "daysOfWeek": [
                                "MONDAY",
                                "TUESDAY",
                                "WEDNESDAY",
                                "THURSDAY"
                            ],
                            "availableStartTime": "07:07:00",
                            "availableEndTime": "16:00:00"
                        }
                    ],
                    "telecom": [],
                    "period": {
                        "startDate": "2007-03-01"
                    },
                    "location": [
                        {
                            "reference": "e-S-4642207"
                        }
                    ],
                    "healthService": [
                        {
                            "reference": "HealthcareService/0"
                        }
                    ]
                },
                "request": {
                    "method": "POST",
                    "url": "PractitionerRole"
                }
            },
            {
                "resources": {
                    "resourceType": "Practitioner Role",
                    "active": true,
                    "practitioner": {
                        "type": "Practitioner",
                        "identifier": {
                            "system": "http://hl7.org/fhir/sid/us-npi",
                            "value": "1154319937"
                        }
                    },
                    "organization": {
                        "type": "Organization",
                        "identifier": {
                            "system": "http://hl7.org/fhir/sid/us-npi",
                            "value": "1154319937"
                        },
                        "display": "Sonia Pal,DMD, PS"
                    },
                    "speciality": [
                        {
                            "coding": [
                                [
                                    {
                                        "code": "122300000X",
                                        "display": "DENTIST",
                                        "text": "NOT APPLICABLE"
                                    },
                                    {
                                        "code": "1223G0001X",
                                        "display": "DENTIST",
                                        "text": "GENERAL PRACTICE"
                                    }
                                ]
                            ]
                        }
                    ],
                    "availableTime": [
                        {
                            "daysOfWeek": [
                                "MONDAY",
                                "TUESDAY",
                                "WEDNESDAY",
                                "THURSDAY"
                            ],
                            "availableStartTime": "07:07:00",
                            "availableEndTime": "16:00:00"
                        }
                    ],
                    "telecom": [
                        {
                            "system": "fax",
                            "value": "2537526535",
                            "use": "work"
                        }
                    ],
                    "period": {
                        "startDate": "2007-03-01"
                    },
                    "location": [
                        {
                            "reference": "e-B-4642207"
                        }
                    ],
                    "healthService": [
                        {
                            "reference": "HealthcareService/1"
                        }
                    ]
                },
                "request": {
                    "method": "POST",
                    "url": "PractitionerRole"
                }
            },
            {
                "resources": {
                    "resourceType": "Location",
                    "meta": {
                        "source": "www.Availity.com",
                        "lastUpdated": "2019-01-01T00:24:01.765Z"
                    },
                    "address": {
                        "identifier": "e-S-4642207",
                        "line": [
                            "2302 SOUTH UNION AVENUE",
                            "Suite A2"
                        ],
                        "city": "Tacoma",
                        "state": "WA",
                        "postalCode": "98405",
                        "use": "work"
                    },
                    "telecom": [
                        {
                            "system": "phone",
                            "value": "2537525933",
                            "use": "work"
                        }
                    ],
                    "hoursOfOperation": [
                        {
                            "daysOfWeek": [
                                "MONDAY",
                                "TUESDAY",
                                "WEDNESDAY",
                                "THURSDAY"
                            ],
                            "availableStartTime": "07:07:00",
                            "availableEndTime": "16:00:00"
                        }
                    ]
                }
            },
            {
                "resources": {
                    "resourceType": "Location",
                    "meta": {
                        "source": "www.Availity.com",
                        "lastUpdated": "2019-01-01T00:24:01.765Z"
                    },
                    "address": {
                        "identifier": "e-B-4642207",
                        "line": [
                            "2302 SOUTH UNION AVENUE",
                            "Suite A2"
                        ],
                        "city": "Tacoma",
                        "state": "WA",
                        "postalCode": "98405",
                        "use": "work"
                    },
                    "telecom": [
                        {
                            "system": "phone",
                            "value": "2537525933",
                            "use": "work"
                        },
                        {
                            "system": "fax",
                            "value": "2537526535",
                            "use": "work"
                        }
                    ],
                    "hoursOfOperation": [
                        {
                            "daysOfWeek": [
                                "MONDAY",
                                "TUESDAY",
                                "WEDNESDAY",
                                "THURSDAY"
                            ],
                            "availableStartTime": "07:07:00",
                            "availableEndTime": "16:00:00"
                        }
                    ]
                }
            }
        ]
    }
]