[
    {
        "resourceType": "Bundle",
        "type": "transaction",
        "entry": [
            {
                "resource": {
                    "resourceType": "Practitioner",
                    "meta": {
                        "source": "www.Availity.com",
                        "lastUpdated": "2019-01-01T19:09:56.086Z"
                    },
                    "identifier": [
                        {
                            "value": "931162508"
                        },
                        {
                            "value": "e-P-4533458"
                        },
                        {
                            "system": "http://hl7.org/fhir/sid/us-npi",
                            "value": "1902951486"
                        }
                    ],
                    "active": true,
                    "name": [
                        {
                            "family": "CODE"
                        },
                        {
                            "given": [
                                "PATRICK",
                                "THEODORE"
                            ]
                        }
                    ],
                    "gender": [
                        "Male"
                    ],
                    "birthDate": "1959-12-31",
                    "qualification": {},
                    "communication": [
                        {
                            "coding": [
                                {
                                    "code": "ENG",
                                    "display": "English"
                                }
                            ],
                            "text": "Language"
                        }
                    ]
                },
                "request": {
                    "method": "POST",
                    "url": "Practitioner"
                }
            },
            {
                "resource": {
                    "resourceType": "Organization",
                    "identifier": [
                        {
                            "value": "931162508"
                        },
                        {
                            "value": "e-P-4533458"
                        },
                        {
                            "system": "http://hl7.org/fhir/sid/us-npi",
                            "value": "1902951486"
                        }
                    ],
                    "active": true,
                    "type": [
                        {
                            "text": "prov"
                        }
                    ],
                    "name": "ROGUE VALLEY FOOT AND ANKLE CLINIC",
                    "address": [
                        {
                            "id": "e-S-256269",
                            "line": [
                                "2655 SISKIYOU BLVD."
                            ],
                            "city": "Medford",
                            "state": "OR",
                            "postalCode": "97504",
                            "use": "work"
                        },
                        {
                            "id": "e-B-3812556",
                            "line": [
                                "1208 BEALL LANE"
                            ],
                            "city": "Central Point",
                            "state": "OR",
                            "postalCode": "97502",
                            "use": "work"
                        }
                    ],
                    "telecom": [
                        {
                            "system": "phone",
                            "value": "5417733338",
                            "use": "work"
                        },
                        {
                            "system": "phone",
                            "value": "5414746053",
                            "use": "work"
                        },
                        {
                            "system": "alternate phone",
                            "value": "5417733338",
                            "use": "work"
                        }
                    ],
                    "contact": [
                        {
                            "purpose": {
                                "text": "ADMIN"
                            },
                            "name": [
                                {
                                    "family": "CODE"
                                },
                                {
                                    "given": [
                                        "PATRICK",
                                        "THEODORE"
                                    ]
                                }
                            ],
                            "telecom": [
                                {
                                    "system": "phone",
                                    "value": "5417733338",
                                    "use": "work"
                                },
                                {
                                    "system": "phone",
                                    "value": "5414746053",
                                    "use": "work"
                                },
                                {
                                    "system": "alternate phone",
                                    "value": "5417733338",
                                    "use": "work"
                                }
                            ],
                            "address": [
                                {
                                    "id": "e-S-256269",
                                    "line": [
                                        "2655 SISKIYOU BLVD."
                                    ],
                                    "city": "Medford",
                                    "state": "OR",
                                    "postalCode": "97504",
                                    "use": "work"
                                },
                                {
                                    "id": "e-B-3812556",
                                    "line": [
                                        "1208 BEALL LANE"
                                    ],
                                    "city": "Central Point",
                                    "state": "OR",
                                    "postalCode": "97502",
                                    "use": "work"
                                }
                            ]
                        }
                    ]
                }
            },
            {
                "resource": {
                    "resourceType": "HealthcareService",
                    "identifier": [
                        {
                            "value": "931162508"
                        },
                        {
                            "system": "http://hl7.org/fhir/sid/us-npi",
                            "value": "1902951486"
                        }
                    ],
                    "active": true,
                    "providedby": "ROGUE VALLEY FOOT AND ANKLE CLINIC",
                    "speciality": [
                        {
                            "coding": [
                                [
                                    {
                                        "code": "213ES0103X",
                                        "display": "PODIATRIST",
                                        "text": "FOOT & ANKLE SURGERY"
                                    },
                                    {
                                        "code": "213E00000X",
                                        "display": "PODIATRIST",
                                        "text": "NOT APPLICABLE"
                                    }
                                ]
                            ]
                        }
                    ],
                    "telecom": [
                        {
                            "system": "phone",
                            "value": "5417733338",
                            "use": "work"
                        },
                        {
                            "system": "phone",
                            "value": "5414746053",
                            "use": "work"
                        },
                        {
                            "system": "alternate phone",
                            "value": "5417733338",
                            "use": "work"
                        }
                    ],
                    "communication": [
                        {
                            "coding": [
                                {
                                    "code": "ENG",
                                    "display": "English"
                                }
                            ],
                            "text": "Language"
                        }
                    ],
                    "availableTime": [
                        {
                            "daysOfWeek": [
                                "MONDAY",
                                "TUESDAY",
                                "WEDNESDAY",
                                "THURSDAY"
                            ],
                            "availableStartTime": "08:08:00",
                            "availableEndTime": "17:00:00"
                        },
                        {
                            "daysOfWeek": [
                                "FRIDAY"
                            ],
                            "availableStartTime": "08:08:00",
                            "availableEndTime": "12:00:00"
                        }
                    ]
                }
            },
            {
                "resources": {
                    "resourceType": "Practitioner Role",
                    "active": true,
                    "practitioner": {
                        "type": "Practitioner",
                        "identifier": {
                            "system": "http://hl7.org/fhir/sid/us-npi",
                            "value": "1902951486"
                        }
                    },
                    "organization": {
                        "type": "Organization",
                        "identifier": {
                            "system": "http://hl7.org/fhir/sid/us-npi",
                            "value": "1902951486"
                        },
                        "display": "ROGUE VALLEY FOOT AND ANKLE CLINIC"
                    },
                    "speciality": [
                        {
                            "coding": [
                                [
                                    {
                                        "code": "213ES0103X",
                                        "display": "PODIATRIST",
                                        "text": "FOOT & ANKLE SURGERY"
                                    },
                                    {
                                        "code": "213E00000X",
                                        "display": "PODIATRIST",
                                        "text": "NOT APPLICABLE"
                                    }
                                ]
                            ]
                        }
                    ],
                    "availableTime": [
                        {
                            "daysOfWeek": [
                                "MONDAY",
                                "TUESDAY",
                                "WEDNESDAY",
                                "THURSDAY"
                            ],
                            "availableStartTime": "08:08:00",
                            "availableEndTime": "17:00:00"
                        },
                        {
                            "daysOfWeek": [
                                "FRIDAY"
                            ],
                            "availableStartTime": "08:08:00",
                            "availableEndTime": "12:00:00"
                        }
                    ],
                    "telecom": [],
                    "period": {
                        "startDate": "1990-05-27"
                    },
                    "location": [
                        {
                            "reference": "e-S-256269"
                        }
                    ],
                    "healthService": [
                        {
                            "reference": "HealthcareService/0"
                        }
                    ]
                },
                "request": {
                    "method": "POST",
                    "url": "PractitionerRole"
                }
            },
            {
                "resources": {
                    "resourceType": "Practitioner Role",
                    "active": true,
                    "practitioner": {
                        "type": "Practitioner",
                        "identifier": {
                            "system": "http://hl7.org/fhir/sid/us-npi",
                            "value": "1902951486"
                        }
                    },
                    "organization": {
                        "type": "Organization",
                        "identifier": {
                            "system": "http://hl7.org/fhir/sid/us-npi",
                            "value": "1902951486"
                        },
                        "display": "ROGUE VALLEY FOOT AND ANKLE CLINIC"
                    },
                    "speciality": [
                        {
                            "coding": [
                                [
                                    {
                                        "code": "213ES0103X",
                                        "display": "PODIATRIST",
                                        "text": "FOOT & ANKLE SURGERY"
                                    },
                                    {
                                        "code": "213E00000X",
                                        "display": "PODIATRIST",
                                        "text": "NOT APPLICABLE"
                                    }
                                ]
                            ]
                        }
                    ],
                    "availableTime": [
                        {
                            "daysOfWeek": [
                                "MONDAY",
                                "TUESDAY",
                                "WEDNESDAY",
                                "THURSDAY"
                            ],
                            "availableStartTime": "08:08:00",
                            "availableEndTime": "17:00:00"
                        },
                        {
                            "daysOfWeek": [
                                "FRIDAY"
                            ],
                            "availableStartTime": "08:08:00",
                            "availableEndTime": "12:00:00"
                        }
                    ],
                    "telecom": [],
                    "period": {
                        "startDate": "1990-05-27"
                    },
                    "location": [
                        {
                            "reference": "e-B-3812556"
                        }
                    ],
                    "healthService": [
                        {
                            "reference": "HealthcareService/1"
                        }
                    ]
                },
                "request": {
                    "method": "POST",
                    "url": "PractitionerRole"
                }
            },
            {
                "resources": {
                    "resourceType": "Location",
                    "meta": {
                        "source": "www.Availity.com",
                        "lastUpdated": "2019-01-01T19:09:56.086Z"
                    },
                    "address": {
                        "identifier": "e-S-256269",
                        "line": [
                            "2655 SISKIYOU BLVD."
                        ],
                        "city": "Medford",
                        "state": "OR",
                        "postalCode": "97504",
                        "use": "work"
                    },
                    "telecom": [
                        {
                            "system": "phone",
                            "value": "5417733338",
                            "use": "work"
                        }
                    ],
                    "hoursOfOperation": [
                        {
                            "daysOfWeek": [
                                "MONDAY",
                                "TUESDAY",
                                "WEDNESDAY",
                                "THURSDAY"
                            ],
                            "availableStartTime": "08:08:00",
                            "availableEndTime": "17:00:00"
                        },
                        {
                            "daysOfWeek": [
                                "FRIDAY"
                            ],
                            "availableStartTime": "08:08:00",
                            "availableEndTime": "12:00:00"
                        }
                    ]
                }
            },
            {
                "resources": {
                    "resourceType": "Location",
                    "meta": {
                        "source": "www.Availity.com",
                        "lastUpdated": "2019-01-01T19:09:56.086Z"
                    },
                    "address": {
                        "identifier": "e-B-3812556",
                        "line": [
                            "1208 BEALL LANE"
                        ],
                        "city": "Central Point",
                        "state": "OR",
                        "postalCode": "97502",
                        "use": "work"
                    },
                    "telecom": [
                        {
                            "system": "phone",
                            "value": "5414746053",
                            "use": "work"
                        }
                    ],
                    "hoursOfOperation": [
                        {
                            "daysOfWeek": [
                                "MONDAY",
                                "TUESDAY",
                                "WEDNESDAY",
                                "THURSDAY"
                            ],
                            "availableStartTime": "08:08:00",
                            "availableEndTime": "17:00:00"
                        },
                        {
                            "daysOfWeek": [
                                "FRIDAY"
                            ],
                            "availableStartTime": "08:08:00",
                            "availableEndTime": "12:00:00"
                        }
                    ]
                }
            }
        ]
    }
]