[
    {
        "resourceType": "Bundle",
        "type": "transaction",
        "entry": [
            {
                "resource": {
                    "resourceType": "Practitioner",
                    "meta": {
                        "source": "www.Availity.com",
                        "lastUpdated": "2018-12-21T20:17:20.785Z"
                    },
                    "identifier": [
                        {
                            "value": "931272671"
                        },
                        {
                            "value": "e-P-4374051"
                        },
                        {
                            "system": "http://hl7.org/fhir/sid/us-npi",
                            "value": "1396709523"
                        }
                    ],
                    "active": true,
                    "name": [
                        {
                            "family": "Mahmood"
                        },
                        {
                            "given": [
                                "Fayyaz"
                            ]
                        }
                    ],
                    "gender": [
                        "Male"
                    ],
                    "birthDate": "1957-10-24",
                    "qualification": {},
                    "communication": [
                        {
                            "coding": [
                                {
                                    "code": "ENG",
                                    "display": "English"
                                }
                            ],
                            "text": "Language"
                        }
                    ]
                },
                "request": {
                    "method": "POST",
                    "url": "Practitioner"
                }
            },
            {
                "resource": {
                    "resourceType": "Organization",
                    "identifier": [
                        {
                            "value": "931272671"
                        },
                        {
                            "value": "e-P-4374051"
                        },
                        {
                            "system": "http://hl7.org/fhir/sid/us-npi",
                            "value": "1396709523"
                        }
                    ],
                    "active": true,
                    "type": [
                        {
                            "text": "prov"
                        }
                    ],
                    "name": "MTH CLINIC",
                    "address": [],
                    "telecom": [],
                    "contact": [
                        {
                            "purpose": {
                                "text": "ADMIN"
                            },
                            "name": [
                                {
                                    "family": "Mahmood"
                                },
                                {
                                    "given": [
                                        "Fayyaz"
                                    ]
                                }
                            ],
                            "telecom": [],
                            "address": []
                        }
                    ]
                }
            },
            {
                "resource": {
                    "resourceType": "HealthcareService",
                    "identifier": [
                        {
                            "value": "931272671"
                        },
                        {
                            "system": "http://hl7.org/fhir/sid/us-npi",
                            "value": "1396709523"
                        }
                    ],
                    "active": true,
                    "providedby": "MTH CLINIC",
                    "speciality": [
                        {
                            "coding": [
                                [
                                    {
                                        "code": "207R00000X",
                                        "display": "INTERNAL MEDICINE",
                                        "text": "NOT APPLICABLE"
                                    },
                                    {
                                        "code": "2084N0400X",
                                        "display": "PSYCHIATRY & NEUROLOGY",
                                        "text": "NEUROLOGY"
                                    }
                                ]
                            ]
                        }
                    ],
                    "telecom": [],
                    "communication": [
                        {
                            "coding": [
                                {
                                    "code": "ENG",
                                    "display": "English"
                                }
                            ],
                            "text": "Language"
                        }
                    ],
                    "availableTime": [
                        {
                            "daysOfWeek": [],
                            "availableStartTime": "",
                            "availableEndTime": ""
                        }
                    ]
                }
            }
        ]
    }
]