[
    {
        "resourceType": "Bundle",
        "type": "transaction",
        "entry": [
            {
                "fullUrl": "",
                "resource": {
                    "resourceType": "Practitioner",
                    "meta": {
                        "source": "www.Availity.com",
                        "lastUpdated": "2018-06-28T00:32:43.621Z"
                    },
                    "identifier": [
                        {
                            "system": "http:availity/business/EIN/",
                            "value": "112837244"
                        },
                        {
                            "system": "http:availity/provider/providerID/",
                            "value": "e-P-9455569"
                        },
                        {
                            "system": "http://hl7.org/fhir/sid/us-npi",
                            "value": "1255502779"
                        }
                    ],
                    "active": true,
                    "name": [
                        {
                            "family": "Joseph"
                        },
                        {
                            "given": [
                                "Meera"
                            ]
                        }
                    ],
                    "gender": [
                        "Female"
                    ],
                    "birthDate": "1977-02-24",
                    "qualification": {},
                    "communication": [
                        {
                            "coding": [
                                {
                                    "code": "ENG",
                                    "display": "English"
                                }
                            ],
                            "text": "Language"
                        }
                    ]
                },
                "request": {
                    "method": "POST",
                    "url": "Practitioner"
                }
            },
            {
                "resource": {
                    "resourceType": "PractitionerRole",
                    "active": true,
                    "period": {
                        "startDate": "",
                        "endDate": ""
                    },
                    "practitioner": {
                        "type": "Practitioner",
                        "identifier": {
                            "system": "http://hl7.org/fhir/sid/us-npi",
                            "value": "1255502779"
                        }
                    },
                    "organization": {
                        "type": "Organization",
                        "identifier": {
                            "system": "http://hl7.org/fhir/sid/us-npi",
                            "value": "1255502779"
                        },
                        "display": "WSNCHS EAST INC"
                    },
                    "speciality": [
                        {
                            "coding": [
                                [
                                    {
                                        "code": "2084P0800X",
                                        "display": "PSYCHIATRY & NEUROLOGY",
                                        "text": "PSYCHIATRY"
                                    },
                                    {
                                        "code": "2084P0805X",
                                        "display": "PSYCHIATRY & NEUROLOGY",
                                        "text": "GERIATRIC PSYCHIATRY"
                                    }
                                ]
                            ]
                        }
                    ],
                    "location": [
                        {
                            "reference": "Location/0000000-0000-0000-0000-000000000002"
                        }
                    ],
                    "healthcareService": [
                        {
                            "reference": "HealthcareService/0000000-0000-0000-0000-000000000002"
                        }
                    ],
                    "availableTime": [
                        {
                            "daysOfWeek": [],
                            "availableStartTime": "",
                            "availableEndTime": ""
                        }
                    ]
                },
                "request": {
                    "method": "POST",
                    "url": "PractitionerRole"
                }
            },
            {
                "resource": {
                    "resourceType": "Organization",
                    "identifier": [
                        {
                            "system": "http:availity/business/EIN/",
                            "value": "112837244"
                        },
                        {
                            "system": "http:availity/provider/providerID/",
                            "value": "e-P-9455569"
                        },
                        {
                            "system": "http:availity/provider/NPIs/",
                            "value": "1255502779"
                        }
                    ],
                    "active": true,
                    "type": [
                        {
                            "text": "prov"
                        }
                    ],
                    "name": "WSNCHS EAST INC",
                    "address": [],
                    "telecom": [],
                    "contact": [
                        {
                            "purpose": {
                                "text": "ADMIN"
                            },
                            "name": [
                                {
                                    "family": "Joseph"
                                },
                                {
                                    "given": [
                                        "Meera"
                                    ]
                                }
                            ],
                            "telecom": [],
                            "address": []
                        }
                    ]
                }
            },
            {
                "resource": {
                    "resourceType": "HealthcareService",
                    "identifier": [
                        {
                            "system": "http:availity/business/EIN/",
                            "value": "112837244"
                        },
                        {
                            "system": "http:availity/provider/providerID/",
                            "value": "e-P-9455569"
                        },
                        {
                            "system": "http:availity/provider/NPIs/",
                            "value": "1255502779"
                        }
                    ],
                    "active": true,
                    "providedby": "WSNCHS EAST INC",
                    "speciality": [
                        {
                            "coding": [
                                [
                                    {
                                        "code": "2084P0800X",
                                        "display": "PSYCHIATRY & NEUROLOGY",
                                        "text": "PSYCHIATRY"
                                    },
                                    {
                                        "code": "2084P0805X",
                                        "display": "PSYCHIATRY & NEUROLOGY",
                                        "text": "GERIATRIC PSYCHIATRY"
                                    }
                                ]
                            ]
                        }
                    ],
                    "communication": [
                        {
                            "coding": [
                                {
                                    "code": "ENG",
                                    "display": "English"
                                }
                            ],
                            "text": "Language"
                        }
                    ],
                    "availableTime": [
                        {
                            "daysOfWeek": [],
                            "availableStartTime": "",
                            "availableEndTime": ""
                        }
                    ]
                }
            }
        ]
    }
]