[
    {
        "resourceType": "Bundle",
        "type": "transaction",
        "entry": [
            {
                "fullUrl": "",
                "resource": {
                    "resourceType": "Practitioner",
                    "meta": {
                        "source": "www.Availity.com",
                        "lastUpdated": "2018-08-04T01:30:51.108Z"
                    },
                    "identifier": [
                        {
                            "system": "http:availity/business/EIN/",
                            "value": "192420251"
                        },
                        {
                            "system": "http:availity/provider/providerID/",
                            "value": "e-P-9579668"
                        },
                        {
                            "system": "http://hl7.org/fhir/sid/us-npi",
                            "value": "1114235629"
                        }
                    ],
                    "active": true,
                    "name": [
                        {
                            "family": "Maso"
                        },
                        {
                            "given": [
                                "Donna"
                            ]
                        }
                    ],
                    "gender": [
                        "Female"
                    ],
                    "birthDate": "1951-12-11",
                    "qualification": [
                        {
                            "identifier": [
                                {
                                    "system": "http:availity/provider/quality",
                                    "value": "SW9949"
                                }
                            ],
                            "code": {
                                "coding": [
                                    {
                                        "system": "http:availity/provider/quality",
                                        "code": "CSW",
                                        "display": "Clinical Social Worker"
                                    }
                                ],
                                "text": "Clinical Social Worker"
                            },
                            "period": {
                                "end": "2019-03-31"
                            },
                            "issuer": {
                                "display": "State"
                            }
                        }
                    ],
                    "communication": [
                        {
                            "coding": [
                                {
                                    "code": "ENG",
                                    "display": "English"
                                }
                            ],
                            "text": "Language"
                        }
                    ]
                },
                "request": {
                    "method": "POST",
                    "url": "Practitioner"
                }
            },
            {
                "resource": {
                    "resourceType": "PractitionerRole",
                    "active": true,
                    "period": {
                        "startDate": "",
                        "endDate": ""
                    },
                    "practitioner": {
                        "type": "Practitioner",
                        "identifier": {
                            "system": "http://hl7.org/fhir/sid/us-npi",
                            "value": "1114235629"
                        }
                    },
                    "organization": {
                        "type": "Organization",
                        "identifier": {
                            "system": "http://hl7.org/fhir/sid/us-npi",
                            "value": "1114235629"
                        },
                        "display": "Maso, Donna LCSW"
                    },
                    "speciality": [
                        {
                            "coding": [
                                [
                                    {
                                        "code": "104100000X",
                                        "display": "SOCIAL WORKER",
                                        "text": "NOT APPLICABLE"
                                    },
                                    {
                                        "code": "101Y00000X",
                                        "display": "COUNSELOR",
                                        "text": "NOT APPLICABLE"
                                    },
                                    {
                                        "code": "103TC2200X",
                                        "display": "PSYCHOLOGIST",
                                        "text": "CLINICAL CHILD & ADOLESCENT"
                                    },
                                    {
                                        "code": "106H00000X",
                                        "display": "MARRIAGE & FAMILY THERAPIST",
                                        "text": "NOT APPLICABLE"
                                    },
                                    {
                                        "code": "103TB0200X",
                                        "display": "PSYCHOLOGIST",
                                        "text": "COGNITIVE & BEHAVIORAL"
                                    }
                                ]
                            ]
                        }
                    ],
                    "location": [
                        {
                            "reference": "Location/0000000-0000-0000-0000-000000000002"
                        }
                    ],
                    "healthcareService": [
                        {
                            "reference": "HealthcareService/0000000-0000-0000-0000-000000000002"
                        }
                    ],
                    "availableTime": [
                        {
                            "daysOfWeek": [],
                            "availableStartTime": "",
                            "availableEndTime": ""
                        }
                    ]
                },
                "request": {
                    "method": "POST",
                    "url": "PractitionerRole"
                }
            },
            {
                "resource": {
                    "resourceType": "Organization",
                    "identifier": [
                        {
                            "system": "http:availity/business/EIN/",
                            "value": "192420251"
                        },
                        {
                            "system": "http:availity/provider/providerID/",
                            "value": "e-P-9579668"
                        },
                        {
                            "system": "http:availity/provider/NPIs/",
                            "value": "1114235629"
                        }
                    ],
                    "active": true,
                    "type": [
                        {
                            "text": "prov"
                        }
                    ],
                    "name": "Maso, Donna LCSW",
                    "address": [],
                    "telecom": [],
                    "contact": [
                        {
                            "purpose": {
                                "text": "ADMIN"
                            },
                            "name": [
                                {
                                    "family": "Maso"
                                },
                                {
                                    "given": [
                                        "Donna"
                                    ]
                                }
                            ],
                            "telecom": [],
                            "address": []
                        }
                    ]
                }
            },
            {
                "resource": {
                    "resourceType": "HealthcareService",
                    "identifier": [
                        {
                            "system": "http:availity/business/EIN/",
                            "value": "192420251"
                        },
                        {
                            "system": "http:availity/provider/providerID/",
                            "value": "e-P-9579668"
                        },
                        {
                            "system": "http:availity/provider/NPIs/",
                            "value": "1114235629"
                        }
                    ],
                    "active": true,
                    "providedby": "Maso, Donna LCSW",
                    "speciality": [
                        {
                            "coding": [
                                [
                                    {
                                        "code": "104100000X",
                                        "display": "SOCIAL WORKER",
                                        "text": "NOT APPLICABLE"
                                    },
                                    {
                                        "code": "101Y00000X",
                                        "display": "COUNSELOR",
                                        "text": "NOT APPLICABLE"
                                    },
                                    {
                                        "code": "103TC2200X",
                                        "display": "PSYCHOLOGIST",
                                        "text": "CLINICAL CHILD & ADOLESCENT"
                                    },
                                    {
                                        "code": "106H00000X",
                                        "display": "MARRIAGE & FAMILY THERAPIST",
                                        "text": "NOT APPLICABLE"
                                    },
                                    {
                                        "code": "103TB0200X",
                                        "display": "PSYCHOLOGIST",
                                        "text": "COGNITIVE & BEHAVIORAL"
                                    }
                                ]
                            ]
                        }
                    ],
                    "communication": [
                        {
                            "coding": [
                                {
                                    "code": "ENG",
                                    "display": "English"
                                }
                            ],
                            "text": "Language"
                        }
                    ],
                    "availableTime": [
                        {
                            "daysOfWeek": [],
                            "availableStartTime": "",
                            "availableEndTime": ""
                        }
                    ]
                }
            },
            {
                "resources": {
                    "resourceType": "Location",
                    "meta": {
                        "source": "www.Availity.com",
                        "lastUpdated": "2018-08-04T01:30:51.108Z"
                    },
                    "address": {
                        "identifier": "e-B-7605411",
                        "line": [
                            "4846 SUN CITY CENTER BLVD",
                            "# 179"
                        ],
                        "city": "SUN CITY CTR",
                        "state": "FL",
                        "postalCode": "33573",
                        "use": "work"
                    },
                    "telecom": [
                        {
                            "system": "phone",
                            "value": "8139551819",
                            "use": "work"
                        }
                    ],
                    "hoursOfOperation": [
                        {
                            "daysOfWeek": [],
                            "availableStartTime": "",
                            "availableEndTime": ""
                        }
                    ]
                }
            }
        ]
    }
]