<?xml version="1.0" encoding="UTF-8" standalone="yes"?>
<ns2:pdmData xmlns:ns2="http://asset.availity.com/PDM/provider">
	<businesses>
		<business>
			<businessId>192420251</businessId>
			<businessName>Maso, Donna LCSW</businessName>
			<businessNameModifiedDate>2017-02-23</businessNameModifiedDate>
			<webAddress>www.maso-counseling.com</webAddress>
			<providerOwnedBusiness>true</providerOwnedBusiness>
			<noMedicalDirectorReason>Outpatient Behavioral Mental Health service</noMedicalDirectorReason>
			<employees>
				<employee>
					<providerStaffId>77260373001508198317205300003769</providerStaffId>
					<name>
						<lastName>Maso</lastName>
						<firstName>Donna</firstName>
						<action>ADD</action>
					</name>
					<SSN>
						<action>ADD</action>
					</SSN>
					<positionCode>OWN</positionCode>
					<isPreferredContact>true</isPreferredContact>
					<preferredCommunicationPreferenceCode>EMAIL</preferredCommunicationPreferenceCode>
					<isCriticalContact>true</isCriticalContact>
					<criticalCommunicationPreferenceCode>EMAIL</criticalCommunicationPreferenceCode>
					<phone>
						<ICC>1</ICC>
						<areaCode>813</areaCode>
						<phoneNumber>9551819</phoneNumber>
					</phone>
					<email>dmasolcsw@gmail.com</email>
					<action>ADD</action>
				</employee>
			</employees>
			<DBAName>Maso, Donna LCSW</DBAName>
			<EIN>
				<number>192420251</number>
				<legalBusinessName>Maso, Donna LCSW</legalBusinessName>
				<modifiedDate>2018-08-03</modifiedDate>
				<action>UPDATE</action>
			</EIN>
			<NPIs>
				<NPI>
					<primary>true</primary>
					<number>1114235629</number>
					<action>ADD</action>
				</NPI>
				<modifiedDate>2018-08-03</modifiedDate>
			</NPIs>
			<otherIdentifiers>
				<uniqueIdentifier>
					<number>DY801A</number>
					<typeCode>BUSMDCR</typeCode>
					<action>ADD</action>
				</uniqueIdentifier>
			</otherIdentifiers>
			<licenses>
				<license>
					<typeCode>-1</typeCode>
					<type>Florida Licensed Clinical Social Worker</type>
					<number>SW9949</number>
					<originalIssueDate>2007-02-26</originalIssueDate>
					<statusCode>001</statusCode>
					<issuingBodyCode>-1</issuingBodyCode>
					<issuingBody>FL Dept of Health: Board of Clinical Social Work</issuingBody>
					<issuingStateCode>FL</issuingStateCode>
					<expiredDate>2019-03-31</expiredDate>
					<action>ADD</action>
				</license>
			</licenses>
			<locations>
				<location>
					<typeCode>SERVICE</typeCode>
					<primary>true</primary>
					<primaryModifiedDate>2018-08-03</primaryModifiedDate>
					<locationName>Donna Maso</locationName>
					<isHandicapAccessible>true</isHandicapAccessible>
					<administrator>
						<lastName>Maso</lastName>
						<firstName>Donna</firstName>
						<action>UPDATE</action>
					</administrator>
					<hours>
						<openingHour>
							<day>MONDAY</day>
							<startHour>10</startHour>
							<startMinute>0</startMinute>
							<endHour>6</endHour>
							<endMinute>0</endMinute>
							<appointmentOnly>true</appointmentOnly>
							<effectiveDate>2018-08-01</effectiveDate>
							<action>UPDATE</action>
						</openingHour>
						<openingHour>
							<day>WEDNESDAY</day>
							<startHour>10</startHour>
							<startMinute>0</startMinute>
							<endHour>6</endHour>
							<endMinute>0</endMinute>
							<appointmentOnly>true</appointmentOnly>
							<effectiveDate>2018-08-01</effectiveDate>
							<action>UPDATE</action>
						</openingHour>
						<openingHour>
							<day>FRIDAY</day>
							<startHour>10</startHour>
							<startMinute>0</startMinute>
							<endHour>6</endHour>
							<endMinute>0</endMinute>
							<appointmentOnly>true</appointmentOnly>
							<effectiveDate>2018-08-01</effectiveDate>
							<action>UPDATE</action>
						</openingHour>
						<openingHour>
							<day>SATURDAY</day>
							<startHour>10</startHour>
							<startMinute>0</startMinute>
							<endHour>6</endHour>
							<endMinute>0</endMinute>
							<appointmentOnly>true</appointmentOnly>
							<effectiveDate>2018-08-01</effectiveDate>
							<action>UPDATE</action>
						</openingHour>
						<openingHour>
							<day>SUNDAY</day>
							<startHour>1</startHour>
							<startMinute>0</startMinute>
							<endHour>5</endHour>
							<endMinute>0</endMinute>
							<appointmentOnly>true</appointmentOnly>
							<effectiveDate>2018-08-01</effectiveDate>
							<action>UPDATE</action>
						</openingHour>
						<modifiedDate>1969-12-31</modifiedDate>
					</hours>
					<address>
						<id>e-S-7605411</id>
						<line1>1501 LA JOLLA AVE</line1>
						<line2>MARY PETRO OFFICE</line2>
						<city>SUN CITY CTR</city>
						<stateCode>FL</stateCode>
						<zip>
							<code>33573</code>
							<addon>5329</addon>
						</zip>
						<action>UPDATE</action>
					</address>
					<phone>
						<ICC>1</ICC>
						<areaCode>813</areaCode>
						<phoneNumber>9551819</phoneNumber>
					</phone>
					<alternatePhone>
						<ICC>1</ICC>
						<areaCode>813</areaCode>
						<phoneNumber>9551819</phoneNumber>
					</alternatePhone>
					<fax>
						<ICC>1</ICC>
						<areaCode>813</areaCode>
						<phoneNumber>6339033</phoneNumber>
					</fax>
					<email>dmasolcsw@gmail.com</email>
					<startDate>2018-08-01</startDate>
					<localIdentifiers>
						<uniqueIdentifier>
							<number>e-S-7605411:e-B-7605411</number>
						</uniqueIdentifier>
					</localIdentifiers>
					<questions>
						<question>
							<questionSection>examRoomMedicalEquipment</questionSection>
							<questionDesc>This location has a handicap accessible exam room and medical equipment.</questionDesc>
							<answer>N</answer>
							<action>UPDATE</action>
						</question>
						<question>
							<questionSection>exterior</questionSection>
							<questionDesc>This location has a handicap accessible exterior.</questionDesc>
							<answer>Y</answer>
							<action>UPDATE</action>
						</question>
						<question>
							<questionSection>interior</questionSection>
							<questionDesc>This location has a handicap accessible interior.</questionDesc>
							<answer>Y</answer>
							<action>UPDATE</action>
						</question>
						<question>
							<questionSection>parking</questionSection>
							<questionDesc>This location has handicap accessible parking.</questionDesc>
							<answer>Y</answer>
							<action>UPDATE</action>
						</question>
						<question>
							<questionSection>restrooms</questionSection>
							<questionDesc>This location has handicap accessible restrooms.</questionDesc>
							<answer>Y</answer>
							<action>UPDATE</action>
						</question>
						<question>
							<questionSection>byPublicTransportation</questionSection>
							<questionDesc>This location is accessible by public transportation.</questionDesc>
							<answer>Y</answer>
							<action>UPDATE</action>
						</question>
						<question>
							<questionSection>ttyTddService</questionSection>
							<questionDesc>This location has a TTY/TDD (text telephone) service for the hearing impaired.</questionDesc>
							<answer>N</answer>
							<action>UPDATE</action>
						</question>
					</questions>
					<updateInfo>
						<lastUpdateDate>2018-08-04T01:21:43.233Z</lastUpdateDate>
						<updatedBy>aka64327464230</updatedBy>
					</updateInfo>
					<action>UPDATE</action>
				</location>
				<location>
					<typeCode>BUSINESS</typeCode>
					<primary>true</primary>
					<address>
						<id>AV-36964114451533345796641300003545</id>
						<line1>4846 SUN CITY CENTER BLVD</line1>
						<line2># 179</line2>
						<city>SUN CITY CTR</city>
						<stateCode>FL</stateCode>
						<zip>
							<code>33573</code>
							<addon>6281</addon>
						</zip>
						<action>ADD</action>
					</address>
					<phone>
						<ICC>1</ICC>
						<areaCode>813</areaCode>
						<phoneNumber>9551819</phoneNumber>
					</phone>
					<startDate>2018-08-01</startDate>
					<updateInfo>
						<lastUpdateDate>2018-08-04T01:23:16.750Z</lastUpdateDate>
						<updatedBy>aka64327464230</updatedBy>
					</updateInfo>
					<action>ADD</action>
				</location>
				<location>
					<typeCode>PAYMENT</typeCode>
					<primary>true</primary>
					<address>
						<id>e-B-7605411</id>
						<line1>4846 SUN CITY CENTER BLVD</line1>
						<line2># 179</line2>
						<city>SUN CITY CTR</city>
						<stateCode>FL</stateCode>
						<zip>
							<code>33573</code>
							<addon>6281</addon>
						</zip>
						<action>UPDATE</action>
					</address>
					<phone>
						<ICC>1</ICC>
						<areaCode>813</areaCode>
						<phoneNumber>9551819</phoneNumber>
					</phone>
					<startDate>2018-08-01</startDate>
					<localIdentifiers>
						<uniqueIdentifier>
							<number>e-S-7605411:e-B-7605411</number>
						</uniqueIdentifier>
					</localIdentifiers>
					<updateInfo>
						<lastUpdateDate>2018-08-04T01:26:02.199Z</lastUpdateDate>
						<updatedBy>aka64327464230</updatedBy>
					</updateInfo>
					<action>UPDATE</action>
				</location>
			</locations>
			<specialties>
				<taxonomy>
					<primary>false</primary>
					<code>104100000X</code>
					<type>BEHAVIORAL HEALTH &amp; SOCIAL SERVICE PROVIDERS</type>
					<classification>SOCIAL WORKER</classification>
					<specialization>NOT APPLICABLE</specialization>
					<pcpPanel/>
					<action>ADD</action>
				</taxonomy>
				<taxonomy>
					<primary>false</primary>
					<code>101Y00000X</code>
					<type>BEHAVIORAL HEALTH &amp; SOCIAL SERVICE PROVIDERS</type>
					<classification>COUNSELOR</classification>
					<specialization>NOT APPLICABLE</specialization>
					<pcpPanel/>
					<action>NOCHANGE</action>
				</taxonomy>
				<taxonomy>
					<primary>false</primary>
					<code>103TB0200X</code>
					<type>BEHAVIORAL HEALTH &amp; SOCIAL SERVICE PROVIDERS</type>
					<classification>PSYCHOLOGIST</classification>
					<specialization>COGNITIVE &amp; BEHAVIORAL</specialization>
					<pcpPanel/>
					<action>NOCHANGE</action>
				</taxonomy>
				<taxonomy>
					<primary>false</primary>
					<code>103TC2200X</code>
					<type>BEHAVIORAL HEALTH &amp; SOCIAL SERVICE PROVIDERS</type>
					<classification>PSYCHOLOGIST</classification>
					<specialization>CLINICAL CHILD &amp; ADOLESCENT</specialization>
					<pcpPanel/>
					<action>UPDATE</action>
				</taxonomy>
				<taxonomy>
					<primary>false</primary>
					<code>106H00000X</code>
					<type>BEHAVIORAL HEALTH &amp; SOCIAL SERVICE PROVIDERS</type>
					<classification>MARRIAGE &amp; FAMILY THERAPIST</classification>
					<specialization>NOT APPLICABLE</specialization>
					<pcpPanel/>
					<action>NOCHANGE</action>
				</taxonomy>
				<modifiedDate>2018-08-03</modifiedDate>
			</specialties>
			<updateInfo>
				<lastUpdateDate>2018-08-04T01:42:02.395Z</lastUpdateDate>
				<updatedBy>aka64327464230</updatedBy>
				<attestationDate>2018-08-04T01:41:01.661Z</attestationDate>
				<attestator>
					<lastName>Maso</lastName>
					<firstName>Donna</firstName>
				</attestator>
			</updateInfo>
			<action>UPDATE</action>
		</business>
		<business>
			<businessId>342527597</businessId>
			<businessName>Sandra L Burt, MSW, LICSW</businessName>
			<businessNameModifiedDate>2018-02-08</businessNameModifiedDate>
			<EIN>
				<number>342527597</number>
				<modifiedDate>2018-08-03</modifiedDate>
				<action>NOCHANGE</action>
			</EIN>
			<locations>
				<location>
					<typeCode>SERVICE</typeCode>
					<primary>true</primary>
					<primaryModifiedDate>2018-08-03</primaryModifiedDate>
					<locationName>Sandra L. Burt, MSW, LICSW</locationName>
					<isMobile>false</isMobile>
					<isHandicapAccessible>true</isHandicapAccessible>
					<languageCodes>
						<languageCode>NEP</languageCode>
						<action>UPDATE</action>
					</languageCodes>
					<hours>
						<openingHour>
							<day>TUESDAY</day>
							<startHour>9</startHour>
							<startMinute>0</startMinute>
							<endHour>17</endHour>
							<endMinute>0</endMinute>
							<appointmentOnly>false</appointmentOnly>
							<effectiveDate>2014-02-20</effectiveDate>
							<action>UPDATE</action>
						</openingHour>
						<openingHour>
							<day>THURSDAY</day>
							<startHour>9</startHour>
							<startMinute>0</startMinute>
							<endHour>17</endHour>
							<endMinute>0</endMinute>
							<appointmentOnly>false</appointmentOnly>
							<effectiveDate>2014-02-20</effectiveDate>
							<action>UPDATE</action>
						</openingHour>
						<modifiedDate>1969-12-31</modifiedDate>
					</hours>
					<address>
						<id>e-S-8414596</id>
						<line1>188 A St</line1>
						<line2>Ste D</line2>
						<city>Eastsound</city>
						<stateCode>WA</stateCode>
						<zip>
							<code>98245</code>
							<addon>8906</addon>
						</zip>
						<action>UPDATE</action>
					</address>
					<phone>
						<ICC>1</ICC>
						<areaCode>360</areaCode>
						<phoneNumber>3767119</phoneNumber>
					</phone>
					<alternatePhone>
						<ICC>1</ICC>
						<areaCode>360</areaCode>
						<phoneNumber>3767119</phoneNumber>
					</alternatePhone>
					<startDate>2014-02-20</startDate>
					<localIdentifiers>
						<uniqueIdentifier>
							<number>e-S-8414596:e-B-774504</number>
						</uniqueIdentifier>
					</localIdentifiers>
					<questions>
						<question>
							<questionSection>interior</questionSection>
							<questionDesc>This location has a handicap accessible interior.</questionDesc>
							<answer>Y</answer>
							<action>UPDATE</action>
						</question>
						<question>
							<questionSection>parking</questionSection>
							<questionDesc>This location has handicap accessible parking.</questionDesc>
							<answer>Y</answer>
							<action>UPDATE</action>
						</question>
						<question>
							<questionSection>restrooms</questionSection>
							<questionDesc>This location has handicap accessible restrooms.</questionDesc>
							<answer>Y</answer>
							<action>UPDATE</action>
						</question>
						<question>
							<questionSection>examRoomMedicalEquipment</questionSection>
							<questionDesc>This location has a handicap accessible exam room and medical equipment.</questionDesc>
							<answer>N</answer>
							<action>UPDATE</action>
						</question>
						<question>
							<questionSection>exterior</questionSection>
							<questionDesc>This location has a handicap accessible exterior.</questionDesc>
							<answer>N</answer>
							<action>UPDATE</action>
						</question>
						<question>
							<questionSection>byPublicTransportation</questionSection>
							<questionDesc>This location is accessible by public transportation.</questionDesc>
							<answer>N</answer>
							<action>UPDATE</action>
						</question>
						<question>
							<questionSection>ttyTddService</questionSection>
							<questionDesc>This location has a TTY/TDD (text telephone) service for the hearing impaired.</questionDesc>
							<answer>N</answer>
							<action>UPDATE</action>
						</question>
					</questions>
					<updateInfo>
						<lastUpdateDate>2018-08-04T01:31:34.983Z</lastUpdateDate>
						<updatedBy>aka53103235600</updatedBy>
					</updateInfo>
					<action>UPDATE</action>
				</location>
				<location>
					<typeCode>PAYMENT</typeCode>
					<primary>false</primary>
					<address>
						<id>e-B-774504</id>
						<line1>P.O. Box 1794</line1>
						<city>Eastsound</city>
						<stateCode>WA</stateCode>
						<zip>
							<code>98245</code>
						</zip>
						<action>PAYER</action>
					</address>
					<phone>
						<ICC>1</ICC>
						<areaCode>360</areaCode>
						<phoneNumber>3767119</phoneNumber>
					</phone>
					<localIdentifiers>
						<uniqueIdentifier>
							<number>e-S-8414596:e-B-774504</number>
						</uniqueIdentifier>
					</localIdentifiers>
					<updateInfo/>
					<action>PAYER</action>
				</location>
			</locations>
			<specialties>
				<taxonomy>
					<primary>false</primary>
					<code>104100000X</code>
					<type>BEHAVIORAL HEALTH &amp; SOCIAL SERVICE PROVIDERS</type>
					<classification>SOCIAL WORKER</classification>
					<specialization>NOT APPLICABLE</specialization>
					<action>ADD</action>
				</taxonomy>
				<taxonomy>
					<primary>false</primary>
					<code>101Y00000X</code>
					<type>BEHAVIORAL HEALTH &amp; SOCIAL SERVICE PROVIDERS</type>
					<classification>COUNSELOR</classification>
					<specialization>NOT APPLICABLE</specialization>
					<action>NOCHANGE</action>
				</taxonomy>
				<taxonomy>
					<primary>true</primary>
					<code>103TC2200X</code>
					<type>BEHAVIORAL HEALTH &amp; SOCIAL SERVICE PROVIDERS</type>
					<classification>PSYCHOLOGIST</classification>
					<specialization>CLINICAL CHILD &amp; ADOLESCENT</specialization>
					<action>DELETE</action>
				</taxonomy>
				<taxonomy>
					<primary>false</primary>
					<code>106H00000X</code>
					<type>BEHAVIORAL HEALTH &amp; SOCIAL SERVICE PROVIDERS</type>
					<classification>MARRIAGE &amp; FAMILY THERAPIST</classification>
					<specialization>NOT APPLICABLE</specialization>
					<action>DELETE</action>
				</taxonomy>
				<taxonomy>
					<primary>false</primary>
					<code>103TB0200X</code>
					<type>BEHAVIORAL HEALTH &amp; SOCIAL SERVICE PROVIDERS</type>
					<classification>PSYCHOLOGIST</classification>
					<specialization>COGNITIVE &amp; BEHAVIORAL</specialization>
					<action>DELETE</action>
				</taxonomy>
				<modifiedDate>2018-08-03</modifiedDate>
			</specialties>
			<updateInfo>
				<lastUpdateDate>2018-08-04T01:41:02.038Z</lastUpdateDate>
				<updatedBy>aka53103235600</updatedBy>
				<attestationDate>2018-08-04T01:40:29.418Z</attestationDate>
				<attestator>
					<lastName>Burt</lastName>
					<firstName>Sandra</firstName>
				</attestator>
			</updateInfo>
			<action>UPDATE</action>
		</business>	
		<business>
			<businessId>112837244</businessId>
			<businessName>WSNCHS EAST INC</businessName>
			<businessNameModifiedDate>2017-07-26</businessNameModifiedDate>
			<employees>
				<employee>
					<providerStaffId>92640824031521040364769300009370</providerStaffId>
					<name>
						<lastName>Vitagliano</lastName>
						<firstName>Laurie</firstName>
						<action>ADD</action>
					</name>
					<SSN>
						<action>ADD</action>
					</SSN>
					<positionCode>MD</positionCode>
					<phone>
						<ICC>1</ICC>
						<areaCode>631</areaCode>
						<phoneNumber>6085221</phoneNumber>
					</phone>
					<email>crutkowski@northwell.edu</email>
					<action>ADD</action>
				</employee>
				<employee>
					<providerStaffId>76350472311521040415479300019057</providerStaffId>
					<name>
						<lastName>Island Home</lastName>
						<firstName>The Long</firstName>
						<action>ADD</action>
					</name>
					<SSN>
						<action>ADD</action>
					</SSN>
					<positionCode>OWN</positionCode>
					<phone>
						<ICC>1</ICC>
						<areaCode>631</areaCode>
						<phoneNumber>6085221</phoneNumber>
					</phone>
					<email>crutkowski@northwell.edu</email>
					<action>ADD</action>
				</employee>
			</employees>
			<EIN>
				<number>112837244</number>
				<legalBusinessName>WSNCHS EAST INC</legalBusinessName>
				<modifiedDate>2018-03-14</modifiedDate>
				<action>UPDATE</action>
			</EIN>
			<NPIs>
				<NPI>
					<primary>false</primary>
					<number>1821394016</number>
					<action>ADD</action>
				</NPI>
				<modifiedDate>2018-03-14</modifiedDate>
			</NPIs>
			<hospitalAffiliations>
				<modifiedDate>2017-07-26</modifiedDate>
			</hospitalAffiliations>
			<locations>
				<location>
					<typeCode>SERVICE</typeCode>
					<primary>true</primary>
					<primaryModifiedDate>2018-01-25</primaryModifiedDate>
					<isHandicapAccessible>true</isHandicapAccessible>
					<administrator>
						<lastName>Rutkowski</lastName>
						<firstName>Cori</firstName>
						<action>ADD</action>
					</administrator>
					<languageCodes>
						<languageCode>ENG</languageCode>
						<action>NOCHANGE</action>
					</languageCodes>
					<address>
						<id>e-S-116311</id>
						<line1>400 Sunrise Hwy.</line1>
						<city>Amityville</city>
						<stateCode>NY</stateCode>
						<zip>
							<code>11701</code>
						</zip>
						<action>NOCHANGE</action>
					</address>
					<phone>
						<ICC>1</ICC>
						<areaCode>631</areaCode>
						<phoneNumber>6085221</phoneNumber>
					</phone>
					<alternatePhone>
						<ICC>1</ICC>
						<areaCode>631</areaCode>
						<phoneNumber>2644000</phoneNumber>
					</alternatePhone>
					<email>crutkowski@northwell.edu</email>
					<localIdentifiers>
						<uniqueIdentifier>
							<number>e-S-116311:e-B-116311</number>
						</uniqueIdentifier>
					</localIdentifiers>
					<questions>
						<question>
							<questionSection>examRoomMedicalEquipment</questionSection>
							<questionDesc>This location has a handicap accessible exam room and medical equipment.</questionDesc>
							<answer>Y</answer>
							<action>ADD</action>
						</question>
						<question>
							<questionSection>exterior</questionSection>
							<questionDesc>This location has a handicap accessible exterior.</questionDesc>
							<answer>Y</answer>
							<action>ADD</action>
						</question>
						<question>
							<questionSection>interior</questionSection>
							<questionDesc>This location has a handicap accessible interior.</questionDesc>
							<answer>Y</answer>
							<action>ADD</action>
						</question>
						<question>
							<questionSection>parking</questionSection>
							<questionDesc>This location has handicap accessible parking.</questionDesc>
							<answer>Y</answer>
							<action>ADD</action>
						</question>
						<question>
							<questionSection>restrooms</questionSection>
							<questionDesc>This location has handicap accessible restrooms.</questionDesc>
							<answer>Y</answer>
							<action>ADD</action>
						</question>
						<question>
							<questionSection>byPublicTransportation</questionSection>
							<questionDesc>This location is accessible by public transportation.</questionDesc>
							<answer>Y</answer>
							<action>ADD</action>
						</question>
						<question>
							<questionSection>ttyTddService</questionSection>
							<questionDesc>This location has a TTY/TDD (text telephone) service for the hearing impaired.</questionDesc>
							<answer>N</answer>
							<action>ADD</action>
						</question>
					</questions>
					<updateInfo>
						<lastUpdateDate>2018-01-25T21:24:36.263Z</lastUpdateDate>
						<updatedBy>aka03115005624</updatedBy>
					</updateInfo>
					<action>UPDATE</action>
				</location>
				<location>
					<typeCode>BUSINESS</typeCode>
					<primary>false</primary>
					<address>
						<id>AV-77260373431514480714432300002568</id>
						<line1>400 SUNRISE HWY</line1>
						<city>AMITYVILLE</city>
						<stateCode>NY</stateCode>
						<zip>
							<code>11701</code>
							<addon>2508</addon>
						</zip>
						<action>ADD</action>
					</address>
					<phone>
						<ICC>1</ICC>
						<areaCode>631</areaCode>
						<phoneNumber>6085221</phoneNumber>
					</phone>
					<startDate>1999-01-01</startDate>
					<updateInfo>
						<lastUpdateDate>2018-01-25T21:23:59.355Z</lastUpdateDate>
						<updatedBy>aka03115005624</updatedBy>
					</updateInfo>
					<action>ADD</action>
				</location>
				<location>
					<typeCode>PAYMENT</typeCode>
					<primary>false</primary>
					<address>
						<id>e-B-116311</id>
						<line1>400 Sunrise Hwy.</line1>
						<city>Amityville</city>
						<stateCode>NY</stateCode>
						<zip>
							<code>11701</code>
						</zip>
						<action>NOCHANGE</action>
					</address>
					<phone>
						<ICC>1</ICC>
						<areaCode>631</areaCode>
						<phoneNumber>6085221</phoneNumber>
					</phone>
					<startDate>1999-01-01</startDate>
					<localIdentifiers>
						<uniqueIdentifier>
							<number>e-S-116311:e-B-116311</number>
						</uniqueIdentifier>
					</localIdentifiers>
					<updateInfo>
						<lastUpdateDate>2018-01-25T21:23:03.730Z</lastUpdateDate>
						<updatedBy>aka03115005624</updatedBy>
					</updateInfo>
					<action>UPDATE</action>
				</location>
			</locations>
			<specialties>
				<taxonomy>
					<primary>false</primary>
					<code>103TC0700X</code>
					<type>BEHAVIORAL HEALTH &amp; SOCIAL SERVICE PROVIDERS</type>
					<classification>PSYCHOLOGIST</classification>
					<specialization>CLINICAL</specialization>
					<pcpPanel/>
					<action>ADD</action>
				</taxonomy>
				<taxonomy>
					<primary>false</primary>
					<code>207Q00000X</code>
					<type>ALLOPATHIC &amp; OSTEOPATHIC PHYSICIANS</type>
					<classification>FAMILY MEDICINE</classification>
					<specialization>NOT APPLICABLE</specialization>
					<pcpPanel>
						<patientMinAge>0</patientMinAge>
						<patientMaxAge>100</patientMaxAge>
						<pcpStatus>01</pcpStatus>
						<patientAgeEffectiveDate>2010-01-01</patientAgeEffectiveDate>
					</pcpPanel>
					<action>ADD</action>
				</taxonomy>
				<taxonomy>
					<primary>false</primary>
					<code>207R00000X</code>
					<type>ALLOPATHIC &amp; OSTEOPATHIC PHYSICIANS</type>
					<classification>INTERNAL MEDICINE</classification>
					<specialization>NOT APPLICABLE</specialization>
					<pcpPanel>
						<patientMinAge>0</patientMinAge>
						<patientMaxAge>100</patientMaxAge>
						<pcpStatus>01</pcpStatus>
						<patientAgeEffectiveDate>2010-01-01</patientAgeEffectiveDate>
					</pcpPanel>
					<action>ADD</action>
				</taxonomy>
				<taxonomy>
					<primary>false</primary>
					<code>208000000X</code>
					<type>ALLOPATHIC &amp; OSTEOPATHIC PHYSICIANS</type>
					<classification>PEDIATRICS</classification>
					<specialization>NOT APPLICABLE</specialization>
					<pcpPanel>
						<patientMinAge>0</patientMinAge>
						<patientMaxAge>100</patientMaxAge>
						<pcpStatus>01</pcpStatus>
						<patientAgeEffectiveDate>2010-01-01</patientAgeEffectiveDate>
					</pcpPanel>
					<action>ADD</action>
				</taxonomy>
				<taxonomy>
					<primary>false</primary>
					<code>2084P0800X</code>
					<type>ALLOPATHIC &amp; OSTEOPATHIC PHYSICIANS</type>
					<classification>PSYCHIATRY &amp; NEUROLOGY</classification>
					<specialization>PSYCHIATRY</specialization>
					<pcpPanel/>
					<action>UPDATE</action>
				</taxonomy>
				<taxonomy>
					<primary>false</primary>
					<code>208M00000X</code>
					<type>ALLOPATHIC &amp; OSTEOPATHIC PHYSICIANS</type>
					<classification>HOSPITALIST</classification>
					<specialization>NOT APPLICABLE</specialization>
					<pcpPanel/>
					<action>ADD</action>
				</taxonomy>
				<taxonomy>
					<primary>false</primary>
					<code>363L00000X</code>
					<type>PHYSICIAN ASSISTANTS &amp; ADVANCED PRACTICE NURSING PROVIDERS</type>
					<classification>NURSE PRACTITIONER</classification>
					<specialization>NOT APPLICABLE</specialization>
					<pcpPanel/>
					<action>ADD</action>
				</taxonomy>
				<taxonomy>
					<primary>false</primary>
					<code>207P00000X</code>
					<type>ALLOPATHIC &amp; OSTEOPATHIC PHYSICIANS</type>
					<classification>EMERGENCY MEDICINE</classification>
					<specialization>NOT APPLICABLE</specialization>
					<pcpPanel/>
					<action>ADD</action>
				</taxonomy>
				<taxonomy>
					<primary>false</primary>
					<code>363A00000X</code>
					<type>PHYSICIAN ASSISTANTS &amp; ADVANCED PRACTICE NURSING PROVIDERS</type>
					<classification>PHYSICIAN ASSISTANT</classification>
					<specialization>NOT APPLICABLE</specialization>
					<pcpPanel/>
					<action>ADD</action>
				</taxonomy>
				<taxonomy>
					<primary>false</primary>
					<code>363LP2300X</code>
					<type>PHYSICIAN ASSISTANTS &amp; ADVANCED PRACTICE NURSING PROVIDERS</type>
					<classification>NURSE PRACTITIONER</classification>
					<specialization>PRIMARY CARE</specialization>
					<pcpPanel/>
					<action>ADD</action>
				</taxonomy>
				<taxonomy>
					<primary>false</primary>
					<code>208D00000X</code>
					<type>ALLOPATHIC &amp; OSTEOPATHIC PHYSICIANS</type>
					<classification>GENERAL PRACTICE</classification>
					<specialization>NOT APPLICABLE</specialization>
					<pcpPanel>
						<patientMinAge>0</patientMinAge>
						<patientMaxAge>100</patientMaxAge>
						<pcpStatus>01</pcpStatus>
						<patientAgeEffectiveDate>2010-01-01</patientAgeEffectiveDate>
					</pcpPanel>
					<action>UPDATE</action>
				</taxonomy>
				<taxonomy>
					<primary>false</primary>
					<code>163W00000X</code>
					<type>NURSING SERVICE PROVIDERS</type>
					<classification>REGISTERED NURSE</classification>
					<specialization>NOT APPLICABLE</specialization>
					<pcpPanel/>
					<action>ADD</action>
				</taxonomy>
				<taxonomy>
					<primary>false</primary>
					<code>2084P0805X</code>
					<type>ALLOPATHIC &amp; OSTEOPATHIC PHYSICIANS</type>
					<classification>PSYCHIATRY &amp; NEUROLOGY</classification>
					<specialization>GERIATRIC PSYCHIATRY</specialization>
					<pcpPanel/>
					<action>NOCHANGE</action>
				</taxonomy>
				<modifiedDate>2018-04-26</modifiedDate>
			</specialties>
			<updateInfo>
				<lastUpdateDate>2018-08-06T17:33:14.431Z</lastUpdateDate>
				<updatedBy>aka03115005624</updatedBy>
				<attestationDate>2018-08-06T17:32:38.586Z</attestationDate>
				<attestator>
					<lastName>Borsack</lastName>
					<firstName>Cori</firstName>
				</attestator>
			</updateInfo>
			<action>UPDATE</action>
		</business>
	</businesses>
	<providers>
		<provider>
			<providerId>e-P-9579668</providerId>
			<providerName>
				<lastName>Maso</lastName>
				<firstName>Donna</firstName>
				<modifiedDate>2017-02-23</modifiedDate>
				<action>UPDATE</action>
			</providerName>
			<NPIs>
				<NPI>
					<primary>true</primary>
					<number>1114235629</number>
					<action>NOCHANGE</action>
				</NPI>
				<modifiedDate>2018-08-03</modifiedDate>
			</NPIs>
			<caqh>
				<number>12159305</number>
				<action>NOCHANGE</action>
			</caqh>
			<SSN>
				<number>192420251</number>
				<modifiedDate>2017-02-23</modifiedDate>
			</SSN>
			<specialties>
				<taxonomy>
					<primary>true</primary>
					<code>104100000X</code>
					<type>BEHAVIORAL HEALTH &amp; SOCIAL SERVICE PROVIDERS</type>
					<classification>SOCIAL WORKER</classification>
					<specialization>NOT APPLICABLE</specialization>
					<pcpPanel/>
					<action>ADD</action>
				</taxonomy>
				<taxonomy>
					<primary>false</primary>
					<code>101Y00000X</code>
					<type>BEHAVIORAL HEALTH &amp; SOCIAL SERVICE PROVIDERS</type>
					<classification>COUNSELOR</classification>
					<specialization>NOT APPLICABLE</specialization>
					<pcpPanel/>
					<action>DELETE</action>
				</taxonomy>
				<taxonomy>
					<primary>false</primary>
					<code>103TC2200X</code>
					<type>BEHAVIORAL HEALTH &amp; SOCIAL SERVICE PROVIDERS</type>
					<classification>PSYCHOLOGIST</classification>
					<specialization>CLINICAL CHILD &amp; ADOLESCENT</specialization>
					<pcpPanel/>
					<action>DELETE</action>
				</taxonomy>
				<taxonomy>
					<primary>false</primary>
					<code>106H00000X</code>
					<type>BEHAVIORAL HEALTH &amp; SOCIAL SERVICE PROVIDERS</type>
					<classification>MARRIAGE &amp; FAMILY THERAPIST</classification>
					<specialization>NOT APPLICABLE</specialization>
					<pcpPanel/>
					<action>DELETE</action>
				</taxonomy>
				<taxonomy>
					<primary>false</primary>
					<code>103TB0200X</code>
					<type>BEHAVIORAL HEALTH &amp; SOCIAL SERVICE PROVIDERS</type>
					<classification>PSYCHOLOGIST</classification>
					<specialization>COGNITIVE &amp; BEHAVIORAL</specialization>
					<pcpPanel/>
					<action>DELETE</action>
				</taxonomy>
				<modifiedDate>2018-08-03</modifiedDate>
			</specialties>
			<degreeCodes>
				<degreeCode>MSW</degreeCode>
				<action>NOCHANGE</action>
			</degreeCodes>
			<genderCode>F</genderCode>
			<genderModifiedDate>2017-02-23</genderModifiedDate>
			<dateOfBirth>1951-12-11</dateOfBirth>
			<dateOfBirthModifiedDate>2017-02-23</dateOfBirthModifiedDate>
			<effectiveDate>2015-08-28</effectiveDate>
			<languageCodes>
				<languageCode>ENG</languageCode>
				<modifiedDate>2017-08-11</modifiedDate>
				<action>NOCHANGE</action>
			</languageCodes>
			<licenses>
				<license>
					<typeCode>CSW</typeCode>
					<type>Clinical Social Worker</type>
					<number>SW9949</number>
					<statusCode>001</statusCode>
					<issuingBodyCode>2F</issuingBodyCode>
					<issuingBody>State</issuingBody>
					<issuingStateCode>FL</issuingStateCode>
					<expiredDate>2019-03-31</expiredDate>
					<effectiveDate>2010-07-14</effectiveDate>
					<action>ADD</action>
				</license>
			</licenses>
			<locations>
				<location>
					<typeCode>PAYMENT</typeCode>
					<primary>true</primary>
					<address>
						<id>e-B-7605411</id>
						<line1>4846 SUN CITY CENTER BLVD</line1>
						<line2># 179</line2>
						<city>SUN CITY CTR</city>
						<stateCode>FL</stateCode>
						<zip>
							<code>33573</code>
							<addon>6281</addon>
						</zip>
						<action>UPDATE</action>
					</address>
					<phone>
						<ICC>1</ICC>
						<areaCode>813</areaCode>
						<phoneNumber>9551819</phoneNumber>
					</phone>
					<startDate>2018-08-01</startDate>
					<localIdentifiers>
						<uniqueIdentifier>
							<number>e-S-7605411:e-B-7605411</number>
						</uniqueIdentifier>
					</localIdentifiers>
					<updateInfo>
						<lastUpdateDate>2018-08-04T01:26:02.199Z</lastUpdateDate>
						<updatedBy>aka64327464230</updatedBy>
					</updateInfo>
					<action>UPDATE</action>
				</location>
			</locations>
			<medicareIds>
				<medicareId>
					<number>Dy8012</number>
					<action>ADD</action>
				</medicareId>
				<modifiedDate>2018-08-03</modifiedDate>
			</medicareIds>
			<questions>
				<question>
					<questionSection>completedCulturalCompentency</questionSection>
					<questionId>completedCultura</questionId>
					<questionDesc>Has this provider completed cultural competancy training?</questionDesc>
					<answer>Y</answer>
					<action>ADD</action>
				</question>
				<question>
					<questionSection>blindVisuallyImpaired</questionSection>
					<questionId>blindVisuallyImp</questionId>
					<questionDesc>Blind/Visually Impaired</questionDesc>
					<action>ADD</action>
				</question>
				<question>
					<questionSection>developmentalDisability</questionSection>
					<questionId>developmentalDis</questionId>
					<questionDesc>Developmental Disability</questionDesc>
					<action>ADD</action>
				</question>
				<question>
					<questionSection>HIVAIDS</questionSection>
					<questionId>HIVAIDS</questionId>
					<questionDesc>HIV/AIDS</questionDesc>
					<action>ADD</action>
				</question>
				<question>
					<questionSection>physicalDisability</questionSection>
					<questionId>physicalDisabili</questionId>
					<questionDesc>Physical Disability</questionDesc>
					<action>ADD</action>
				</question>
				<question>
					<questionSection>seriousMentalIllness</questionSection>
					<questionId>seriousMentalIll</questionId>
					<questionDesc>Serious Mental Illness</questionDesc>
					<action>ADD</action>
				</question>
				<question>
					<questionSection>treatmentOfHepatitisC</questionSection>
					<questionId>treatmentOfHepat</questionId>
					<questionDesc>Treatment Of Hepatitis C</questionDesc>
					<action>ADD</action>
				</question>
				<question>
					<questionSection>chronicalIllness</questionSection>
					<questionId>chronicalIllness</questionId>
					<questionDesc>Chronical Illness</questionDesc>
					<action>ADD</action>
				</question>
				<question>
					<questionSection>cooccurringDisorders</questionSection>
					<questionId>cooccurringDisor</questionId>
					<questionDesc>Co-occurring Disorders</questionDesc>
					<action>ADD</action>
				</question>
				<question>
					<questionSection>homelessness</questionSection>
					<questionId>homelessness</questionId>
					<questionDesc>Homelessness</questionDesc>
					<action>ADD</action>
				</question>
				<question>
					<questionSection>deafHardOfHearing</questionSection>
					<questionId>deafHardOfHearin</questionId>
					<questionDesc>Deaf/Hard of Hearing</questionDesc>
					<action>ADD</action>
				</question>
				<question>
					<questionSection>ESRD</questionSection>
					<questionId>ESRD</questionId>
					<questionDesc>ESRD</questionDesc>
					<action>ADD</action>
				</question>
				<question>
					<questionDesc>parentId</questionDesc>
					<answer>504079</answer>
					<action>ADD</action>
				</question>
				<question>
					<questionSection>specialNeedsServices</questionSection>
					<questionId>specialNeedsServ</questionId>
					<questionDesc>Does this provider offer special needs services?</questionDesc>
					<action>ADD</action>
				</question>
			</questions>
			<updateInfo>
				<lastUpdateDate>2018-08-04T01:30:51.108Z</lastUpdateDate>
				<updatedBy>aka64327464230</updatedBy>
				<attestationDate>2018-08-04T01:41:01.661Z</attestationDate>
				<attestator>
					<lastName>Maso</lastName>
					<firstName>Donna</firstName>
				</attestator>
			</updateInfo>
			<action>UPDATE</action>
		</provider>
		<provider>
			<providerId>123456</providerId>
			<providerName>
				<lastName>Maso</lastName>
				<firstName>Donna</firstName>
				<modifiedDate>2017-02-23</modifiedDate>
				<action>UPDATE</action>
			</providerName>
			<NPIs>
				<NPI>
					<primary>true</primary>
					<number>1114235629</number>
					<action>NOCHANGE</action>
				</NPI>
				<modifiedDate>2018-08-03</modifiedDate>
			</NPIs>
			<caqh>
				<number>12159305</number>
				<action>NOCHANGE</action>
			</caqh>
			<SSN>
				<number>192420251</number>
				<modifiedDate>2017-02-23</modifiedDate>
			</SSN>
			<specialties>
				<taxonomy>
					<primary>true</primary>
					<code>104100000X</code>
					<type>BEHAVIORAL HEALTH &amp; SOCIAL SERVICE PROVIDERS</type>
					<classification>SOCIAL WORKER</classification>
					<specialization>NOT APPLICABLE</specialization>
					<pcpPanel/>
					<action>ADD</action>
				</taxonomy>
				<taxonomy>
					<primary>false</primary>
					<code>101Y00000X</code>
					<type>BEHAVIORAL HEALTH &amp; SOCIAL SERVICE PROVIDERS</type>
					<classification>COUNSELOR</classification>
					<specialization>NOT APPLICABLE</specialization>
					<pcpPanel/>
					<action>DELETE</action>
				</taxonomy>
				<taxonomy>
					<primary>false</primary>
					<code>103TC2200X</code>
					<type>BEHAVIORAL HEALTH &amp; SOCIAL SERVICE PROVIDERS</type>
					<classification>PSYCHOLOGIST</classification>
					<specialization>CLINICAL CHILD &amp; ADOLESCENT</specialization>
					<pcpPanel/>
					<action>DELETE</action>
				</taxonomy>
				<taxonomy>
					<primary>false</primary>
					<code>106H00000X</code>
					<type>BEHAVIORAL HEALTH &amp; SOCIAL SERVICE PROVIDERS</type>
					<classification>MARRIAGE &amp; FAMILY THERAPIST</classification>
					<specialization>NOT APPLICABLE</specialization>
					<pcpPanel/>
					<action>DELETE</action>
				</taxonomy>
				<taxonomy>
					<primary>false</primary>
					<code>103TB0200X</code>
					<type>BEHAVIORAL HEALTH &amp; SOCIAL SERVICE PROVIDERS</type>
					<classification>PSYCHOLOGIST</classification>
					<specialization>COGNITIVE &amp; BEHAVIORAL</specialization>
					<pcpPanel/>
					<action>DELETE</action>
				</taxonomy>
				<modifiedDate>2018-08-03</modifiedDate>
			</specialties>
			<degreeCodes>
				<degreeCode>MSW</degreeCode>
				<action>NOCHANGE</action>
			</degreeCodes>
			<genderCode>F</genderCode>
			<genderModifiedDate>2017-02-23</genderModifiedDate>
			<dateOfBirth>1951-12-11</dateOfBirth>
			<dateOfBirthModifiedDate>2017-02-23</dateOfBirthModifiedDate>
			<effectiveDate>2015-08-28</effectiveDate>
			<languageCodes>
				<languageCode>ENG</languageCode>
				<modifiedDate>2017-08-11</modifiedDate>
				<action>NOCHANGE</action>
			</languageCodes>
			<licenses>
				<license>
					<typeCode>CSW</typeCode>
					<type>Clinical Social Worker</type>
					<number>SW9949</number>
					<statusCode>001</statusCode>
					<issuingBodyCode>2F</issuingBodyCode>
					<issuingBody>State</issuingBody>
					<issuingStateCode>FL</issuingStateCode>
					<expiredDate>2019-03-31</expiredDate>
					<effectiveDate>2010-07-14</effectiveDate>
					<action>ADD</action>
				</license>
			</licenses>
			<locations>
				<location>
					<typeCode>PAYMENT</typeCode>
					<primary>true</primary>
					<address>
						<id>576789</id>
						<line1>4846 SUN CITY CENTER BLVD</line1>
						<line2># 179</line2>
						<city>SUN CITY CTR</city>
						<stateCode>FL</stateCode>
						<zip>
							<code>33573</code>
							<addon>6281</addon>
						</zip>
						<action>UPDATE</action>
					</address>
					<phone>
						<ICC>1</ICC>
						<areaCode>813</areaCode>
						<phoneNumber>1111111</phoneNumber>
					</phone>
					<startDate>2018-08-01</startDate>
					<localIdentifiers>
						<uniqueIdentifier>
							<number>e-S-7605411:e-B-7605411</number>
						</uniqueIdentifier>
					</localIdentifiers>
					<updateInfo>
						<lastUpdateDate>2018-08-04T01:26:02.199Z</lastUpdateDate>
						<updatedBy>aka64327464230</updatedBy>
					</updateInfo>
					<action>UPDATE</action>
				</location>
				<location>
					<typeCode>PAYMENT</typeCode>
					<primary>true</primary>
					<address>
						<id>1122334455</id>
						<line1>4846 SUN CITY CENTER BLVD</line1>
						<line2># 179</line2>
						<city>SUN CITY CTR</city>
						<stateCode>FL</stateCode>
						<zip>
							<code>33573</code>
							<addon>6281</addon>
						</zip>
						<action>UPDATE</action>
					</address>
					<phone>
						<ICC>1</ICC>
						<areaCode>813</areaCode>
						<phoneNumber>1111111</phoneNumber>
					</phone>
					<startDate>2018-08-01</startDate>
					<localIdentifiers>
						<uniqueIdentifier>
							<number>e-S-7605411:e-B-7605411</number>
						</uniqueIdentifier>
					</localIdentifiers>
					<updateInfo>
						<lastUpdateDate>2018-08-04T01:26:02.199Z</lastUpdateDate>
						<updatedBy>aka64327464230</updatedBy>
					</updateInfo>
					<action>UPDATE</action>
				</location>
			</locations>
			<medicareIds>
				<medicareId>
					<number>Dy8012</number>
					<action>ADD</action>
				</medicareId>
				<modifiedDate>2018-08-03</modifiedDate>
			</medicareIds>
			<questions>
				<question>
					<questionSection>completedCulturalCompentency</questionSection>
					<questionId>completedCultura</questionId>
					<questionDesc>Has this provider completed cultural competancy training?</questionDesc>
					<answer>Y</answer>
					<action>ADD</action>
				</question>
				<question>
					<questionSection>blindVisuallyImpaired</questionSection>
					<questionId>blindVisuallyImp</questionId>
					<questionDesc>Blind/Visually Impaired</questionDesc>
					<action>ADD</action>
				</question>
				<question>
					<questionSection>developmentalDisability</questionSection>
					<questionId>developmentalDis</questionId>
					<questionDesc>Developmental Disability</questionDesc>
					<action>ADD</action>
				</question>
				<question>
					<questionSection>HIVAIDS</questionSection>
					<questionId>HIVAIDS</questionId>
					<questionDesc>HIV/AIDS</questionDesc>
					<action>ADD</action>
				</question>
				<question>
					<questionSection>physicalDisability</questionSection>
					<questionId>physicalDisabili</questionId>
					<questionDesc>Physical Disability</questionDesc>
					<action>ADD</action>
				</question>
				<question>
					<questionSection>seriousMentalIllness</questionSection>
					<questionId>seriousMentalIll</questionId>
					<questionDesc>Serious Mental Illness</questionDesc>
					<action>ADD</action>
				</question>
				<question>
					<questionSection>treatmentOfHepatitisC</questionSection>
					<questionId>treatmentOfHepat</questionId>
					<questionDesc>Treatment Of Hepatitis C</questionDesc>
					<action>ADD</action>
				</question>
				<question>
					<questionSection>chronicalIllness</questionSection>
					<questionId>chronicalIllness</questionId>
					<questionDesc>Chronical Illness</questionDesc>
					<action>ADD</action>
				</question>
				<question>
					<questionSection>cooccurringDisorders</questionSection>
					<questionId>cooccurringDisor</questionId>
					<questionDesc>Co-occurring Disorders</questionDesc>
					<action>ADD</action>
				</question>
				<question>
					<questionSection>homelessness</questionSection>
					<questionId>homelessness</questionId>
					<questionDesc>Homelessness</questionDesc>
					<action>ADD</action>
				</question>
				<question>
					<questionSection>deafHardOfHearing</questionSection>
					<questionId>deafHardOfHearin</questionId>
					<questionDesc>Deaf/Hard of Hearing</questionDesc>
					<action>ADD</action>
				</question>
				<question>
					<questionSection>ESRD</questionSection>
					<questionId>ESRD</questionId>
					<questionDesc>ESRD</questionDesc>
					<action>ADD</action>
				</question>
				<question>
					<questionDesc>parentId</questionDesc>
					<answer>504079</answer>
					<action>ADD</action>
				</question>
				<question>
					<questionSection>specialNeedsServices</questionSection>
					<questionId>specialNeedsServ</questionId>
					<questionDesc>Does this provider offer special needs services?</questionDesc>
					<action>ADD</action>
				</question>
			</questions>
			<updateInfo>
				<lastUpdateDate>2018-08-04T01:30:51.108Z</lastUpdateDate>
				<updatedBy>aka64327464230</updatedBy>
				<attestationDate>2018-08-04T01:41:01.661Z</attestationDate>
				<attestator>
					<lastName>Maso</lastName>
					<firstName>Donna</firstName>
				</attestator>
			</updateInfo>
			<action>UPDATE</action>
		</provider>	
		<provider>
			<providerId>e-P-9455569</providerId>
			<providerName>
				<lastName>Joseph</lastName>
				<firstName>Meera</firstName>
				<action>DELETE</action>
			</providerName>
			<NPIs>
				<NPI>
					<primary>true</primary>
					<number>1255502779</number>
					<action>DELETE</action>
				</NPI>
				<modifiedDate>1969-12-31</modifiedDate>
			</NPIs>
			<caqh>
				<number>12063122</number>
				<action>DELETE</action>
			</caqh>
			<SSN>
				<number>134709836</number>
				<action>DELETE</action>
			</SSN>
			<specialties>
				<taxonomy>
					<primary>true</primary>
					<code>2084P0800X</code>
					<type>ALLOPATHIC &amp; OSTEOPATHIC PHYSICIANS</type>
					<classification>PSYCHIATRY &amp; NEUROLOGY</classification>
					<specialization>PSYCHIATRY</specialization>
					<pcpPanel/>
					<action>DELETE</action>
				</taxonomy>
				<taxonomy>
					<primary>false</primary>
					<code>2084P0805X</code>
					<type>ALLOPATHIC &amp; OSTEOPATHIC PHYSICIANS</type>
					<classification>PSYCHIATRY &amp; NEUROLOGY</classification>
					<specialization>GERIATRIC PSYCHIATRY</specialization>
					<pcpPanel/>
					<action>DELETE</action>
				</taxonomy>
				<modifiedDate>1969-12-31</modifiedDate>
			</specialties>
			<degreeCodes>
				<degreeCode>MD</degreeCode>
				<action>UPDATE</action>
			</degreeCodes>
			<genderCode>F</genderCode>
			<dateOfBirth>1977-02-24</dateOfBirth>
			<languageCodes>
				<languageCode>ENG</languageCode>
				<action>DELETE</action>
			</languageCodes>
			<updateInfo>
				<lastUpdateDate>2018-06-28T00:32:43.621Z</lastUpdateDate>
				<updatedBy>aries</updatedBy>
				<attestationDate>2018-08-06T17:32:38.586Z</attestationDate>
				<attestator>
					<lastName>Borsack</lastName>
					<firstName>Cori</firstName>
				</attestator>
			</updateInfo>
			<action>DELETE</action>
		</provider>
	</providers>
	<rosters>
		<roster>
			<businessId>192420251</businessId>
			<providerId>e-P-9579668</providerId>
			<createDate>2017-11-14</createDate>
			<action>NOCHANGE</action>
		</roster>
		<roster>
			<businessId>342527597</businessId>
			<providerId>123456</providerId>
			<createDate>2017-11-14</createDate>
			<action>NOCHANGE</action>
		</roster>
		<roster>
			<businessId>112837244</businessId>
			<providerId>e-P-9455569</providerId>
			<deleteDate>2018-08-06</deleteDate>
			<action>DELETE</action>
		</roster>
	</rosters>
</ns2:pdmData>